{"type":"FeatureCollection","features":[{"type":"Feature","id":"shape-Ike65-44001-2","geometry":{"type":"LineString","coordinates":[[139.712241,35.729054],[139.711637,35.725926],[139.711705,35.723651],[139.712906,35.720883],[139.711001,35.719874],[139.706559,35.72164],[139.702577,35.722498],[139.697891,35.721873],[139.695055,35.721932],[139.693861,35.72234],[139.68888,35.722782],[139.684839,35.722675],[139.679787,35.723034],[139.675723,35.723548],[139.67173,35.72376],[139.66651,35.723836],[139.66773,35.725906],[139.666063,35.726853],[139.661519,35.728573],[139.659491,35.731164],[139.659325,35.734544],[139.660515,35.737128],[139.664694,35.738333]]},"properties":{"route_id":"Ike65","route_title":"池６５ 練馬車庫前行","pattern_id":"44001","direction_id":"2","stop_count":23,"origin_stop_name":"池袋駅東口","destination_stop_name":"練馬車庫前","path_type":"odpt-busstop-order-shape","source_stop_count":23,"solve_stop_count":23,"snap_fallback":true}},{"type":"Feature","id":"shape-Shiro61-44201-1","geometry":{"type":"LineString","coordinates":[[139.664866,35.738478],[139.668887,35.737485],[139.673217,35.735947],[139.67635,35.733138],[139.678205,35.731193],[139.681873,35.728191],[139.686178,35.724856],[139.690428,35.722737],[139.693253,35.722498],[139.695168,35.722043],[139.697947,35.721987],[139.702179,35.722587],[139.706327,35.721934],[139.708224,35.720962],[139.710851,35.720035],[139.715656,35.717988],[139.717037,35.717361],[139.720226,35.716123],[139.724495,35.715206],[139.726049,35.713856],[139.731375,35.71147],[139.73157,35.708751],[139.728197,35.707243],[139.727198,35.705721],[139.726754,35.703769],[139.726731,35.70234],[139.726603,35.700568],[139.72552,35.697052],[139.724901,35.694906],[139.720904,35.69208],[139.71716,35.691091],[139.712775,35.691112],[139.710568,35.691354],[139.704155,35.69274],[139.701917,35.693269],[139.698728,35.691968]]},"properties":{"route_id":"Shiro61","route_title":"白６１ 新宿駅西口行","pattern_id":"44201","direction_id":"1","stop_count":36,"origin_stop_name":"練馬車庫前","destination_stop_name":"新宿駅西口","path_type":"odpt-busstop-order-shape","source_stop_count":36,"solve_stop_count":36,"snap_fallback":true}},{"type":"Feature","id":"shape-Shiro61-44201-2","geometry":{"type":"LineString","coordinates":[[139.698728,35.691968],[139.702547,35.693474],[139.70492,35.692821],[139.711086,35.691529],[139.712944,35.691335],[139.717455,35.69131],[139.721886,35.692515],[139.72444,35.694357],[139.72509,35.696049],[139.725792,35.698498],[139.726567,35.702229],[139.726597,35.703671],[139.726973,35.706259],[139.728631,35.70742],[139.731254,35.707805],[139.731153,35.711334],[139.725911,35.713781],[139.724506,35.715055],[139.719966,35.716055],[139.717476,35.717017],[139.714812,35.71821],[139.711001,35.719874],[139.706544,35.721648],[139.702577,35.722498],[139.697891,35.721873],[139.695055,35.721932],[139.693861,35.72234],[139.68888,35.722782],[139.683615,35.723026],[139.681416,35.727012],[139.677992,35.729144],[139.674053,35.731044],[139.671156,35.73358],[139.672197,35.736264],[139.668229,35.737596],[139.664658,35.738366]]},"properties":{"route_id":"Shiro61","route_title":"白６１ 練馬車庫前行","pattern_id":"44201","direction_id":"2","stop_count":36,"origin_stop_name":"新宿駅西口","destination_stop_name":"練馬車庫前","path_type":"odpt-busstop-order-shape","source_stop_count":36,"solve_stop_count":36,"snap_fallback":true}},{"type":"Feature","id":"shape-Shiro61-44202-2","geometry":{"type":"LineString","coordinates":[[139.731153,35.711334],[139.725911,35.713781],[139.724506,35.715055],[139.719966,35.716055],[139.717476,35.717017],[139.714812,35.71821],[139.711001,35.719874],[139.706544,35.721648],[139.702577,35.722498],[139.697891,35.721873],[139.695055,35.721932],[139.693861,35.72234],[139.68888,35.722782],[139.683615,35.723026],[139.681416,35.727012],[139.677992,35.729144],[139.674053,35.731044],[139.671156,35.73358],[139.672197,35.736264],[139.668229,35.737596],[139.664658,35.738366]]},"properties":{"route_id":"Shiro61","route_title":"白６１ 練馬車庫前行","pattern_id":"44202","direction_id":"2","stop_count":21,"origin_stop_name":"江戸川橋","destination_stop_name":"練馬車庫前","path_type":"odpt-busstop-order-shape","source_stop_count":21,"solve_stop_count":21,"snap_fallback":true}},{"type":"Feature","id":"shape-Shiro61-44203-1","geometry":{"type":"LineString","coordinates":[[139.706327,35.721934],[139.708224,35.720962],[139.710851,35.720035],[139.715656,35.717988],[139.717037,35.717361],[139.720226,35.716123],[139.724495,35.715206],[139.726049,35.713856],[139.731375,35.71147],[139.73157,35.708751],[139.728197,35.707243],[139.727198,35.705721],[139.726754,35.703769],[139.726731,35.70234],[139.726603,35.700568],[139.72552,35.697052],[139.724901,35.694906],[139.720904,35.69208],[139.71716,35.691091],[139.712775,35.691112],[139.710568,35.691354],[139.704155,35.69274],[139.701917,35.693269],[139.698728,35.691968]]},"properties":{"route_id":"Shiro61","route_title":"白６１ 新宿駅西口行","pattern_id":"44203","direction_id":"1","stop_count":24,"origin_stop_name":"目白駅前","destination_stop_name":"新宿駅西口","path_type":"odpt-busstop-order-shape","source_stop_count":24,"solve_stop_count":24,"snap_fallback":true}},{"type":"Feature","id":"shape-Ue46-52001-1","geometry":{"type":"LineString","coordinates":[[139.799823,35.733322],[139.801664,35.734864],[139.804249,35.735638],[139.805823,35.737774],[139.809002,35.738345],[139.811059,35.73789],[139.809287,35.737057],[139.807887,35.736213],[139.808037,35.734455],[139.808368,35.732666],[139.804549,35.731463],[139.800673,35.730311],[139.80068,35.726739],[139.797783,35.724116],[139.796996,35.72159],[139.795422,35.719947],[139.794377,35.717369],[139.792593,35.714128],[139.792272,35.712192],[139.790545,35.709704],[139.787516,35.710337],[139.783444,35.711077],[139.780958,35.711519],[139.775325,35.711432],[139.774239,35.711009],[139.773333,35.708499]]},"properties":{"route_id":"Ue46","route_title":"上４６ 上野松坂屋前行","pattern_id":"52001","direction_id":"1","stop_count":26,"origin_stop_name":"南千住駅東口","destination_stop_name":"上野松坂屋前","path_type":"odpt-busstop-order-shape","source_stop_count":26,"solve_stop_count":26,"snap_fallback":true}},{"type":"Feature","id":"shape-Ume76Kou-28305-1","geometry":{"type":"LineString","coordinates":[[139.249865,35.790205],[139.250877,35.790174],[139.253267,35.790033],[139.255373,35.789953],[139.25796,35.790169],[139.260963,35.788779],[139.263437,35.789265],[139.2655,35.789773],[139.268276,35.790597],[139.2705,35.789712],[139.272229,35.78965],[139.274549,35.788372],[139.275233,35.790029],[139.271968,35.790888],[139.270658,35.792021],[139.270553,35.793664],[139.267837,35.797547],[139.265437,35.800546],[139.265233,35.802376],[139.265056,35.805168],[139.259402,35.809858],[139.254058,35.813307],[139.242125,35.818551],[139.237546,35.818458],[139.230436,35.821503],[139.238062,35.818624],[139.242771,35.818546],[139.245237,35.819059],[139.248322,35.823152],[139.245429,35.825436],[139.242656,35.827611],[139.237465,35.830004],[139.230244,35.83152],[139.224557,35.833085],[139.217299,35.836834],[139.215214,35.839669],[139.209189,35.83567],[139.202826,35.836981]]},"properties":{"route_id":"Ume76Kou","route_title":"梅７６甲 上成木行","pattern_id":"28305","direction_id":"1","stop_count":38,"origin_stop_name":"青梅車庫","destination_stop_name":"上成木","path_type":"odpt-busstop-order-shape","source_stop_count":38,"solve_stop_count":38,"snap_fallback":true}},{"type":"Feature","id":"shape-Ume76Kou-28306-2","geometry":{"type":"LineString","coordinates":[[139.202826,35.836981],[139.209213,35.835785],[139.215226,35.839711],[139.217368,35.836888],[139.224518,35.833194],[139.230288,35.831769],[139.237737,35.830059],[139.242732,35.827695],[139.245555,35.825442],[139.248209,35.82378],[139.245282,35.819004],[139.253717,35.813428],[139.25932,35.810304],[139.265135,35.805121],[139.265247,35.802106],[139.26561,35.80041],[139.267941,35.797555],[139.270613,35.79367],[139.27085,35.791681],[139.271896,35.79099],[139.275135,35.790136],[139.274563,35.788318],[139.27228,35.789648],[139.270606,35.7896],[139.268179,35.79045],[139.265339,35.789637],[139.262788,35.789104],[139.260825,35.788723],[139.257987,35.790169],[139.255514,35.78983],[139.253525,35.789949],[139.250785,35.790115]]},"properties":{"route_id":"Ume76Kou","route_title":"梅７６甲 青梅車庫行","pattern_id":"28306","direction_id":"2","stop_count":32,"origin_stop_name":"上成木","destination_stop_name":"青梅車庫","path_type":"odpt-busstop-order-shape","source_stop_count":32,"solve_stop_count":32,"snap_fallback":true}},{"type":"Feature","id":"shape-Ume76Kou-28307-1","geometry":{"type":"LineString","coordinates":[[139.259402,35.809858],[139.254058,35.813307],[139.245237,35.819059],[139.248322,35.823152],[139.245429,35.825436],[139.242656,35.827611],[139.237465,35.830004],[139.230244,35.83152],[139.224557,35.833085],[139.217299,35.836834],[139.215214,35.839669],[139.209189,35.83567],[139.202826,35.836981]]},"properties":{"route_id":"Ume76Kou","route_title":"梅７６甲 上成木行","pattern_id":"28307","direction_id":"1","stop_count":13,"origin_stop_name":"柳川","destination_stop_name":"上成木","path_type":"odpt-busstop-order-shape","source_stop_count":13,"solve_stop_count":13,"snap_fallback":true}},{"type":"Feature","id":"shape-Ume76Hei-28501-1","geometry":{"type":"LineString","coordinates":[[139.257987,35.790169],[139.255514,35.78983],[139.25442,35.787582],[139.252701,35.786385],[139.24981,35.785639],[139.247728,35.783909],[139.246114,35.783932],[139.242953,35.783123],[139.240321,35.781929],[139.237389,35.78007],[139.233623,35.779127],[139.22959,35.779904],[139.227186,35.781396],[139.225244,35.78484],[139.223233,35.787218],[139.220744,35.79006],[139.218526,35.791966],[139.214271,35.794765],[139.213583,35.796631],[139.211987,35.799289],[139.209182,35.802612]]},"properties":{"route_id":"Ume76Hei","route_title":"梅７６丙 吉野行","pattern_id":"28501","direction_id":"1","stop_count":21,"origin_stop_name":"青梅駅前","destination_stop_name":"吉野","path_type":"odpt-busstop-order-shape","source_stop_count":21,"solve_stop_count":21,"snap_fallback":true}},{"type":"Feature","id":"shape-Ume76Hei-28501-2","geometry":{"type":"LineString","coordinates":[[139.209182,35.802612],[139.211769,35.7997],[139.213669,35.796886],[139.215159,35.794079],[139.217672,35.792498],[139.220597,35.790366],[139.223114,35.787625],[139.225546,35.78465],[139.227081,35.781701],[139.229746,35.779933],[139.233712,35.779224],[139.2375,35.780275],[139.240378,35.782084],[139.242809,35.783191],[139.245154,35.783858],[139.248108,35.784018],[139.249676,35.785713],[139.251875,35.78622],[139.254224,35.787518],[139.255373,35.789953],[139.25796,35.790169]]},"properties":{"route_id":"Ume76Hei","route_title":"梅７６丙 青梅駅前行","pattern_id":"28501","direction_id":"2","stop_count":21,"origin_stop_name":"吉野","destination_stop_name":"青梅駅前","path_type":"odpt-busstop-order-shape","source_stop_count":21,"solve_stop_count":21,"snap_fallback":true}},{"type":"Feature","id":"shape-Ume77Kou-28601-1","geometry":{"type":"LineString","coordinates":[[139.243235,35.789827],[139.244939,35.79024],[139.246974,35.790529],[139.250877,35.790174],[139.253267,35.790033],[139.255373,35.789953],[139.25796,35.790169],[139.260963,35.788779],[139.263437,35.789265],[139.2655,35.789773],[139.268276,35.790597],[139.270658,35.792021],[139.270553,35.793664],[139.273729,35.794062],[139.276523,35.794487],[139.277836,35.796029],[139.278866,35.79714],[139.281194,35.798379],[139.283251,35.798825],[139.285887,35.799539],[139.287891,35.799235],[139.289256,35.796871],[139.291131,35.79529],[139.291309,35.793875],[139.287173,35.79258],[139.286586,35.790784],[139.286843,35.788047],[139.285057,35.784587]]},"properties":{"route_id":"Ume77Kou","route_title":"梅７７甲 河辺駅北口行","pattern_id":"28601","direction_id":"1","stop_count":28,"origin_stop_name":"裏宿町","destination_stop_name":"河辺駅北口","path_type":"odpt-busstop-order-shape","source_stop_count":28,"solve_stop_count":28,"snap_fallback":true}},{"type":"Feature","id":"shape-Ume77Kou-28601-2","geometry":{"type":"LineString","coordinates":[[139.285057,35.784587],[139.286601,35.787682],[139.286499,35.790693],[139.286889,35.792609],[139.291522,35.794155],[139.290863,35.795354],[139.289042,35.796986],[139.287773,35.79951],[139.286212,35.799564],[139.283962,35.798851],[139.281336,35.798339],[139.278963,35.797101],[139.277876,35.795903],[139.276506,35.794335],[139.273795,35.793929],[139.270613,35.79367],[139.27085,35.791681],[139.268179,35.79045],[139.265339,35.789637],[139.262788,35.789104],[139.260825,35.788723],[139.257987,35.790169],[139.255514,35.78983],[139.253525,35.789949],[139.250785,35.790115],[139.247396,35.790475],[139.245364,35.79019],[139.243155,35.789814]]},"properties":{"route_id":"Ume77Kou","route_title":"梅７７甲 裏宿町行","pattern_id":"28601","direction_id":"2","stop_count":28,"origin_stop_name":"河辺駅北口","destination_stop_name":"裏宿町","path_type":"odpt-busstop-order-shape","source_stop_count":28,"solve_stop_count":28,"snap_fallback":true}},{"type":"Feature","id":"shape-Ume77Kou-28602-1","geometry":{"type":"LineString","coordinates":[[139.249865,35.790205],[139.250877,35.790174],[139.253267,35.790033],[139.255373,35.789953],[139.25796,35.790169],[139.260963,35.788779],[139.263437,35.789265],[139.2655,35.789773],[139.268276,35.790597],[139.270658,35.792021],[139.270553,35.793664],[139.273729,35.794062],[139.276523,35.794487],[139.277836,35.796029],[139.278866,35.79714],[139.281194,35.798379],[139.283251,35.798825],[139.285887,35.799539],[139.287891,35.799235],[139.289256,35.796871],[139.291131,35.79529],[139.291309,35.793875],[139.287173,35.79258],[139.286586,35.790784],[139.286843,35.788047],[139.285057,35.784587]]},"properties":{"route_id":"Ume77Kou","route_title":"梅７７甲 河辺駅北口行","pattern_id":"28602","direction_id":"1","stop_count":26,"origin_stop_name":"青梅車庫","destination_stop_name":"河辺駅北口","path_type":"odpt-busstop-order-shape","source_stop_count":26,"solve_stop_count":26,"snap_fallback":true}},{"type":"Feature","id":"shape-Kyuukou06-61202-2","geometry":{"type":"LineString","coordinates":[[139.776037,35.619297],[139.778878,35.617403],[139.781227,35.624911],[139.79141,35.630418],[139.786791,35.646611],[139.795563,35.654993],[139.795738,35.673969],[139.798818,35.680933],[139.798093,35.688703]]},"properties":{"route_id":"Kyuukou06","route_title":"急行０６ 森下駅前行","pattern_id":"61202","direction_id":"2","stop_count":9,"origin_stop_name":"日本科学未来館","destination_stop_name":"森下駅前","path_type":"odpt-busstop-order-shape","source_stop_count":9,"solve_stop_count":9,"snap_fallback":true}},{"type":"Feature","id":"shape-You20-61302-1","geometry":{"type":"LineString","coordinates":[[139.81675,35.669697],[139.821475,35.669892],[139.830661,35.667229],[139.833546,35.66429],[139.834188,35.665158],[139.834439,35.666362],[139.833071,35.666742],[139.831324,35.669219],[139.832113,35.671047],[139.835126,35.673023],[139.84074,35.67267],[139.840908,35.675453],[139.842993,35.675682],[139.843663,35.678604],[139.844431,35.68189],[139.84483,35.683808],[139.844979,35.688342],[139.845478,35.689942]]},"properties":{"route_id":"You20","route_title":"陽２０ 東大島駅前行","pattern_id":"61302","direction_id":"1","stop_count":18,"origin_stop_name":"東陽町駅前","destination_stop_name":"東大島駅前","path_type":"odpt-busstop-order-shape","source_stop_count":18,"solve_stop_count":18,"snap_fallback":true}},{"type":"Feature","id":"shape-You20-61302-2","geometry":{"type":"LineString","coordinates":[[139.845895,35.690101],[139.845285,35.688333],[139.844856,35.68321],[139.844436,35.681361],[139.843771,35.678427],[139.843207,35.675984],[139.841713,35.674807],[139.840593,35.674959],[139.840828,35.67291],[139.835081,35.672853],[139.832404,35.671209],[139.831534,35.669184],[139.830661,35.667229],[139.833546,35.66429],[139.834181,35.665158],[139.834439,35.666362],[139.833071,35.666742],[139.830206,35.66766],[139.821512,35.669647],[139.817132,35.669471]]},"properties":{"route_id":"You20","route_title":"陽２０ 東陽町駅前行","pattern_id":"61302","direction_id":"2","stop_count":20,"origin_stop_name":"東大島駅前","destination_stop_name":"東陽町駅前","path_type":"odpt-busstop-order-shape","source_stop_count":20,"solve_stop_count":20,"snap_fallback":true}},{"type":"Feature","id":"shape-Chokkou03-61500-1","geometry":{"type":"LineString","coordinates":[[139.814529,35.695894],[139.817638,35.696105],[139.820808,35.696473],[139.825938,35.695691],[139.826474,35.688918],[139.826369,35.645264],[139.794457,35.631695],[139.791363,35.630019],[139.781565,35.624645],[139.774762,35.621057],[139.776037,35.619297]]},"properties":{"route_id":"Chokkou03","route_title":"直行０３ 日本科学未来館行","pattern_id":"61500","direction_id":"1","stop_count":11,"origin_stop_name":"錦糸町駅前","destination_stop_name":"日本科学未来館","path_type":"odpt-busstop-order-shape","source_stop_count":11,"solve_stop_count":11,"snap_fallback":true}},{"type":"Feature","id":"shape-Nishiki18-61601-1","geometry":{"type":"LineString","coordinates":[[139.814529,35.695894],[139.817638,35.696105],[139.820808,35.696473],[139.825938,35.695691],[139.826168,35.69245],[139.826474,35.688918],[139.826614,35.687431],[139.827566,35.681837],[139.827578,35.679554],[139.82715,35.676604],[139.826626,35.673352],[139.826125,35.671081],[139.824875,35.66534],[139.823837,35.66273],[139.82395,35.660899],[139.824133,35.658434],[139.825201,35.649828],[139.826369,35.645264],[139.793858,35.633599],[139.791573,35.633634]]},"properties":{"route_id":"Nishiki18","route_title":"錦１８ 国際展示場駅前行","pattern_id":"61601","direction_id":"1","stop_count":20,"origin_stop_name":"錦糸町駅前","destination_stop_name":"国際展示場駅前","path_type":"odpt-busstop-order-shape","source_stop_count":20,"solve_stop_count":20,"snap_fallback":true}},{"type":"Feature","id":"shape-Nishiki18-61601-2","geometry":{"type":"LineString","coordinates":[[139.791573,35.633634],[139.794422,35.633504],[139.825462,35.645613],[139.82497,35.649533],[139.823848,35.658597],[139.823717,35.66019],[139.824916,35.665618],[139.825836,35.670773],[139.826296,35.672727],[139.826914,35.676303],[139.827315,35.678991],[139.827333,35.681886],[139.826407,35.687379],[139.826184,35.690002],[139.825965,35.692559],[139.825696,35.695927],[139.821023,35.696184],[139.817532,35.695691],[139.813873,35.695761]]},"properties":{"route_id":"Nishiki18","route_title":"錦１８ 錦糸町駅前行","pattern_id":"61601","direction_id":"2","stop_count":19,"origin_stop_name":"国際展示場駅前","destination_stop_name":"錦糸町駅前","path_type":"odpt-busstop-order-shape","source_stop_count":19,"solve_stop_count":19,"snap_fallback":true}},{"type":"Feature","id":"shape-Higashi16-73006-2","geometry":{"type":"LineString","coordinates":[[139.78495,35.635215],[139.786652,35.63613],[139.788937,35.637364],[139.792794,35.639442],[139.795584,35.641376],[139.796844,35.642839],[139.799854,35.645517],[139.801075,35.645617],[139.801586,35.646797],[139.801294,35.649075],[139.798395,35.652375],[139.795161,35.65489],[139.794463,35.656371],[139.793225,35.657604],[139.790741,35.658779],[139.788003,35.659296],[139.785872,35.665343],[139.785879,35.66738],[139.785027,35.669007],[139.781974,35.674495],[139.779792,35.675944],[139.777684,35.676699],[139.77574,35.67745],[139.770868,35.679398],[139.767963,35.67924]]},"properties":{"route_id":"Higashi16","route_title":"東１６ 東京駅八重洲口行","pattern_id":"73006","direction_id":"2","stop_count":25,"origin_stop_name":"有明一丁目","destination_stop_name":"東京駅八重洲口","path_type":"odpt-busstop-order-shape","source_stop_count":25,"solve_stop_count":25,"snap_fallback":true}},{"type":"Feature","id":"shape-T06-8603-1","geometry":{"type":"LineString","coordinates":[[139.723587,35.647548],[139.727442,35.646877],[139.731226,35.647386],[139.736061,35.64716],[139.736575,35.649957],[139.736393,35.652036],[139.736794,35.654359],[139.741972,35.654572],[139.74427,35.654355],[139.748338,35.65266],[139.753564,35.65288],[139.754606,35.657477],[139.755279,35.660724],[139.757063,35.662854],[139.759621,35.666022]]},"properties":{"route_id":"T06","route_title":"都０６ 新橋駅前行","pattern_id":"8603","direction_id":"1","stop_count":15,"origin_stop_name":"天現寺橋","destination_stop_name":"新橋駅前","path_type":"odpt-busstop-order-shape","source_stop_count":15,"solve_stop_count":15,"snap_fallback":true}},{"type":"Feature","id":"shape-Ume77Kou-28606-4","geometry":{"type":"LineString","coordinates":[[139.285057,35.784587],[139.286601,35.787682],[139.286499,35.790693],[139.286889,35.792609],[139.291522,35.794155],[139.290863,35.795354],[139.289042,35.796986],[139.287773,35.79951],[139.286212,35.799564],[139.283962,35.798851],[139.281336,35.798339],[139.278963,35.797101],[139.277876,35.795903],[139.276506,35.794335],[139.276644,35.793136],[139.277679,35.790615],[139.280454,35.791152],[139.286586,35.790784],[139.286843,35.788047]]},"properties":{"route_id":"Ume77Kou","route_title":"梅７７甲 河辺駅北口行","pattern_id":"28606","direction_id":"4","stop_count":19,"origin_stop_name":"河辺駅北口","destination_stop_name":"河辺駅入口","path_type":"odpt-busstop-order-shape","source_stop_count":19,"solve_stop_count":19,"snap_fallback":true}},{"type":"Feature","id":"shape-Shina93-408-2","geometry":{"type":"LineString","coordinates":[[139.716651,35.633996],[139.722593,35.636419],[139.72576,35.637856],[139.728362,35.636773],[139.730907,35.635934],[139.732953,35.634995],[139.732529,35.633272],[139.732432,35.630268],[139.737727,35.627819],[139.73959,35.621292],[139.744459,35.618714],[139.745239,35.619649],[139.747285,35.618511],[139.747918,35.615859],[139.747852,35.614359],[139.747559,35.610806],[139.747222,35.607411],[139.746401,35.604785],[139.744573,35.599829],[139.742843,35.597902],[139.742523,35.596793],[139.741255,35.593572]]},"properties":{"route_id":"Shina93","route_title":"品９３ 大井競馬場前行","pattern_id":"408","direction_id":"2","stop_count":22,"origin_stop_name":"目黒駅前","destination_stop_name":"大井競馬場前","path_type":"odpt-busstop-order-shape","source_stop_count":22,"solve_stop_count":22,"snap_fallback":true}},{"type":"Feature","id":"shape-Tan96-1712-1","geometry":{"type":"LineString","coordinates":[[139.724096,35.626141],[139.725137,35.625869],[139.730465,35.625071],[139.732534,35.624021],[139.734904,35.623187],[139.737901,35.624237],[139.737187,35.629624],[139.738072,35.63445],[139.738363,35.637662],[139.737417,35.641477],[139.735933,35.644574],[139.736061,35.64716],[139.736575,35.649957],[139.736393,35.652036],[139.736946,35.655673],[139.737268,35.660695],[139.735517,35.66185],[139.731141,35.662521],[139.729633,35.660541]]},"properties":{"route_id":"Tan96","route_title":"反９６ 六本木ヒルズ行","pattern_id":"1712","direction_id":"1","stop_count":19,"origin_stop_name":"五反田駅","destination_stop_name":"六本木ヒルズ","path_type":"odpt-busstop-order-shape","source_stop_count":19,"solve_stop_count":19,"snap_fallback":true}},{"type":"Feature","id":"shape-I96-4001-3","geometry":{"type":"LineString","coordinates":[[139.735155,35.606513],[139.739541,35.607098],[139.74317,35.610292],[139.746822,35.6114],[139.750107,35.61298],[139.75037,35.615724],[139.750722,35.619796],[139.750732,35.621268],[139.749399,35.621349],[139.747285,35.618511],[139.747422,35.615252],[139.743695,35.614606],[139.741498,35.613805],[139.741915,35.612156],[139.741666,35.608974],[139.740149,35.60731],[139.735516,35.606452]]},"properties":{"route_id":"I96","route_title":"井９６ 大井町駅東口行","pattern_id":"4001","direction_id":"3","stop_count":17,"origin_stop_name":"大井町駅東口","destination_stop_name":"大井町駅東口","path_type":"odpt-busstop-order-shape","source_stop_count":17,"solve_stop_count":17,"snap_fallback":true}},{"type":"Feature","id":"shape-Shina98-4106-2","geometry":{"type":"LineString","coordinates":[[139.758601,35.579281],[139.760987,35.582756],[139.741244,35.629299]]},"properties":{"route_id":"Shina98","route_title":"品９８ 品川駅港南口行","pattern_id":"4106","direction_id":"2","stop_count":3,"origin_stop_name":"大田市場","destination_stop_name":"品川駅港南口","path_type":"odpt-busstop-order-shape","source_stop_count":3,"solve_stop_count":3,"snap_fallback":true}},{"type":"Feature","id":"shape-Shina98-4107-3","geometry":{"type":"LineString","coordinates":[[139.741523,35.628447],[139.74495,35.627682],[139.745286,35.624104],[139.74614,35.621075],[139.749204,35.621538],[139.753639,35.620937],[139.753524,35.616506],[139.754067,35.611613],[139.758448,35.608346],[139.760881,35.604104],[139.761994,35.600812],[139.763661,35.597457],[139.765916,35.594483],[139.769736,35.593246],[139.770244,35.59165],[139.76941,35.591386],[139.766003,35.589014],[139.766028,35.587561],[139.766073,35.585387],[139.76276,35.582766],[139.764245,35.580171],[139.760211,35.579078],[139.765847,35.585398],[139.765788,35.587561],[139.766694,35.590061],[139.769433,35.591458],[139.770109,35.592279],[139.768572,35.593092],[139.766511,35.592886],[139.764656,35.595366],[139.762549,35.598141],[139.761105,35.601923],[139.759405,35.605651],[139.758547,35.607176],[139.754235,35.611238],[139.753007,35.616535],[139.753348,35.621018],[139.749399,35.621349],[139.745792,35.621244],[139.74496,35.624733],[139.744697,35.627876],[139.741244,35.629299]]},"properties":{"route_id":"Shina98","route_title":"品９８ 品川駅港南口行","pattern_id":"4107","direction_id":"3","stop_count":42,"origin_stop_name":"品川駅港南口","destination_stop_name":"品川駅港南口","path_type":"odpt-busstop-order-shape","source_stop_count":42,"solve_stop_count":42,"snap_fallback":true}},{"type":"Feature","id":"shape-Kusa64-36402-2","geometry":{"type":"LineString","coordinates":[[139.796238,35.709559],[139.797733,35.712207],[139.798187,35.714484],[139.798691,35.716359],[139.799491,35.719064],[139.799458,35.7216],[139.797863,35.723776],[139.795658,35.726272],[139.794341,35.727849],[139.789555,35.731253],[139.787072,35.733193],[139.784066,35.734815],[139.780839,35.735735],[139.775782,35.737036],[139.773976,35.73734],[139.767782,35.739634],[139.764441,35.741562],[139.76201,35.742998],[139.757585,35.745425],[139.75428,35.747227],[139.750866,35.749077],[139.748153,35.750719],[139.743731,35.754099],[139.738579,35.753705],[139.736354,35.749994],[139.733111,35.747685],[139.730856,35.746153],[139.72765,35.743763],[139.726107,35.74181],[139.723224,35.73923],[139.721866,35.738053],[139.720017,35.736311],[139.715533,35.73267],[139.71307,35.730957]]},"properties":{"route_id":"Kusa64","route_title":"草６４ 池袋駅東口行","pattern_id":"36402","direction_id":"2","stop_count":34,"origin_stop_name":"浅草雷門南","destination_stop_name":"池袋駅東口","path_type":"odpt-busstop-order-shape","source_stop_count":34,"solve_stop_count":34,"snap_fallback":true}},{"type":"Feature","id":"shape-Ou40Shutsunyuu-40009-1","geometry":{"type":"LineString","coordinates":[[139.733248,35.773505],[139.733988,35.770763],[139.734752,35.768589],[139.735878,35.765162],[139.736889,35.762757],[139.737592,35.758386],[139.737383,35.755767],[139.738815,35.754343],[139.742634,35.757169],[139.744475,35.758968],[139.747077,35.761663],[139.74911,35.763736],[139.752165,35.763913],[139.756229,35.762098],[139.762036,35.767782],[139.763353,35.768953],[139.766369,35.770772],[139.768971,35.772367],[139.772724,35.774622],[139.777082,35.777258],[139.780537,35.778136],[139.783304,35.778183],[139.788537,35.778422],[139.790055,35.776757]]},"properties":{"route_id":"Ou40Shutsunyuu","route_title":"王４０出入 西新井駅前行","pattern_id":"40009","direction_id":"1","stop_count":24,"origin_stop_name":"北車庫前","destination_stop_name":"西新井駅前","path_type":"odpt-busstop-order-shape","source_stop_count":24,"solve_stop_count":24,"snap_fallback":true}},{"type":"Feature","id":"shape-Ou45-40201-2","geometry":{"type":"LineString","coordinates":[[139.804541,35.750226],[139.801504,35.750631],[139.797147,35.750815],[139.793769,35.751416],[139.790565,35.755188],[139.783716,35.755402],[139.778935,35.754921],[139.774857,35.754902],[139.770855,35.755262],[139.768474,35.755871],[139.762105,35.758736],[139.758293,35.762362],[139.757305,35.764372],[139.753603,35.768797],[139.749635,35.768612],[139.747648,35.769207],[139.745745,35.770525],[139.74361,35.770238],[139.741773,35.766025],[139.739428,35.765978],[139.735878,35.765162],[139.736889,35.762757],[139.737592,35.758386],[139.737383,35.755767],[139.737688,35.753438]]},"properties":{"route_id":"Ou45","route_title":"王４５ 王子駅前行","pattern_id":"40201","direction_id":"2","stop_count":25,"origin_stop_name":"北千住駅前","destination_stop_name":"王子駅前","path_type":"odpt-busstop-order-shape","source_stop_count":25,"solve_stop_count":25,"snap_fallback":true}},{"type":"Feature","id":"shape-Higashi43-40412-1","geometry":{"type":"LineString","coordinates":[[139.770744,35.773891],[139.769407,35.772546],[139.766728,35.77093],[139.763211,35.768802],[139.76232,35.767825],[139.756076,35.761561],[139.756737,35.760579],[139.757196,35.757527],[139.760424,35.756266],[139.762799,35.755742],[139.762229,35.75269],[139.762246,35.749869],[139.762824,35.74705],[139.763377,35.744954],[139.762979,35.743391],[139.760757,35.740939],[139.760209,35.738217],[139.759341,35.735296],[139.758422,35.731863],[139.757457,35.729911]]},"properties":{"route_id":"Higashi43","route_title":"東４３ 駒込病院前行","pattern_id":"40412","direction_id":"1","stop_count":20,"origin_stop_name":"江北駅前","destination_stop_name":"駒込病院前","path_type":"odpt-busstop-order-shape","source_stop_count":20,"solve_stop_count":20,"snap_fallback":true}},{"type":"Feature","id":"shape-Kusa41-48201-2","geometry":{"type":"LineString","coordinates":[[139.791459,35.710312],[139.791945,35.711918],[139.792234,35.713668],[139.792478,35.716373],[139.789864,35.717923],[139.786115,35.719053],[139.78316,35.71998],[139.780873,35.720849],[139.779357,35.7224],[139.778701,35.724378],[139.778829,35.725619],[139.778754,35.727986],[139.778659,35.730977],[139.778578,35.732795],[139.776905,35.736049],[139.778234,35.739432],[139.780088,35.742189],[139.782063,35.745167],[139.783319,35.747075],[139.784818,35.749342],[139.786294,35.751175],[139.789647,35.755517],[139.791673,35.76208],[139.792509,35.76362],[139.79324,35.765232],[139.794353,35.766863],[139.795565,35.769467]]},"properties":{"route_id":"Kusa41","route_title":"草４１ 足立梅田町行","pattern_id":"48201","direction_id":"2","stop_count":27,"origin_stop_name":"浅草寿町","destination_stop_name":"足立梅田町","path_type":"odpt-busstop-order-shape","source_stop_count":27,"solve_stop_count":27,"snap_fallback":true}},{"type":"Feature","id":"shape-Ou49-48502-2","geometry":{"type":"LineString","coordinates":[[139.737428,35.753792],[139.737153,35.755673],[139.7374,35.759607],[139.73705,35.761969],[139.735649,35.765019],[139.734652,35.768055],[139.739141,35.772891],[139.749454,35.778768],[139.753065,35.778632],[139.756744,35.778466],[139.760927,35.778324],[139.762835,35.778349],[139.768974,35.778333],[139.775329,35.778222],[139.780537,35.778136],[139.783304,35.778183],[139.786591,35.778346],[139.792894,35.778522],[139.79595,35.778605],[139.798154,35.778682],[139.803255,35.777828],[139.803605,35.775082]]},"properties":{"route_id":"Ou49","route_title":"王４９ 足立区役所行","pattern_id":"48502","direction_id":"2","stop_count":22,"origin_stop_name":"王子駅前","destination_stop_name":"足立区役所","path_type":"odpt-busstop-order-shape","source_stop_count":22,"solve_stop_count":22,"snap_fallback":true}},{"type":"Feature","id":"shape-Kusa24-64301-1","geometry":{"type":"LineString","coordinates":[[139.845895,35.690101],[139.843559,35.690447],[139.842344,35.69038],[139.838489,35.689998],[139.833595,35.689563],[139.829096,35.689202],[139.826184,35.690002],[139.825965,35.692559],[139.825696,35.695927],[139.825508,35.69804],[139.824623,35.701586],[139.820349,35.701353],[139.817424,35.701236],[139.814537,35.701775],[139.81436,35.703867],[139.809547,35.704038],[139.805107,35.703838],[139.800658,35.703639],[139.796956,35.704042],[139.798097,35.706844],[139.799405,35.709315],[139.796312,35.71022],[139.794975,35.708837],[139.793175,35.709147]]},"properties":{"route_id":"Kusa24","route_title":"草２４ 浅草寿町行","pattern_id":"64301","direction_id":"1","stop_count":24,"origin_stop_name":"東大島駅前","destination_stop_name":"浅草寿町","path_type":"odpt-busstop-order-shape","source_stop_count":24,"solve_stop_count":24,"snap_fallback":true}},{"type":"Feature","id":"shape-Sato22-52101-1","geometry":{"type":"LineString","coordinates":[[139.7717,35.728402],[139.775275,35.728656],[139.777472,35.728755],[139.778659,35.730977],[139.778578,35.732795],[139.777712,35.736957],[139.781653,35.735666],[139.783764,35.735052],[139.787252,35.733276],[139.790813,35.730789],[139.793183,35.729194],[139.800631,35.72915],[139.803387,35.728886],[139.806207,35.728497],[139.813939,35.727097],[139.816664,35.724289],[139.819248,35.721641],[139.822337,35.718371],[139.824833,35.715776],[139.826784,35.713798],[139.827998,35.709275],[139.826697,35.706416],[139.825882,35.704383],[139.825565,35.702463],[139.825238,35.698075]]},"properties":{"route_id":"Sato22","route_title":"里２２ 亀戸駅前行","pattern_id":"52101","direction_id":"1","stop_count":25,"origin_stop_name":"日暮里駅前","destination_stop_name":"亀戸駅前","path_type":"odpt-busstop-order-shape","source_stop_count":25,"solve_stop_count":25,"snap_fallback":true}},{"type":"Feature","id":"shape-Sato22-52101-2","geometry":{"type":"LineString","coordinates":[[139.825238,35.698075],[139.825317,35.702253],[139.826133,35.705796],[139.827987,35.70968],[139.826644,35.713705],[139.824839,35.715529],[139.822098,35.718365],[139.819639,35.720937],[139.816195,35.724461],[139.813706,35.727052],[139.807032,35.728228],[139.803412,35.72871],[139.798888,35.728855],[139.794547,35.728661],[139.789555,35.731253],[139.787072,35.733193],[139.784066,35.734815],[139.780839,35.735735],[139.776962,35.736178],[139.778747,35.73331],[139.778843,35.730383],[139.778875,35.729182],[139.775565,35.728561],[139.771495,35.728375]]},"properties":{"route_id":"Sato22","route_title":"里２２ 日暮里駅前行","pattern_id":"52101","direction_id":"2","stop_count":24,"origin_stop_name":"亀戸駅前","destination_stop_name":"日暮里駅前","path_type":"odpt-busstop-order-shape","source_stop_count":24,"solve_stop_count":24,"snap_fallback":true}},{"type":"Feature","id":"shape-Sato22-52108-1","geometry":{"type":"LineString","coordinates":[[139.7717,35.728402],[139.775275,35.728656],[139.777472,35.728755],[139.778659,35.730977],[139.778578,35.732795],[139.777712,35.736957],[139.781653,35.735666],[139.783764,35.735052],[139.787252,35.733276],[139.790813,35.730789],[139.793183,35.729194],[139.800631,35.72915],[139.803387,35.728886],[139.806207,35.728497],[139.813939,35.727097],[139.816664,35.724289],[139.819248,35.721641],[139.822337,35.718371],[139.824833,35.715776],[139.826784,35.713798],[139.827998,35.709275],[139.826697,35.706416],[139.825882,35.704383],[139.824623,35.701586],[139.825238,35.698075]]},"properties":{"route_id":"Sato22","route_title":"里２２ 亀戸駅前行","pattern_id":"52108","direction_id":"1","stop_count":25,"origin_stop_name":"日暮里駅前","destination_stop_name":"亀戸駅前","path_type":"odpt-busstop-order-shape","source_stop_count":25,"solve_stop_count":25,"snap_fallback":true}},{"type":"Feature","id":"shape-Sato22-52108-2","geometry":{"type":"LineString","coordinates":[[139.825238,35.698075],[139.825317,35.702253],[139.826133,35.705796],[139.827987,35.70968],[139.826644,35.713705],[139.824839,35.715529],[139.822098,35.718365],[139.819639,35.720937],[139.816195,35.724461],[139.813706,35.727052],[139.807032,35.728228],[139.803412,35.72871],[139.798888,35.728855],[139.794547,35.728661],[139.789555,35.731253],[139.787072,35.733193],[139.784066,35.734815],[139.780839,35.735735],[139.776962,35.736178],[139.778747,35.73331],[139.778843,35.730383],[139.778875,35.729182],[139.775565,35.728561],[139.771495,35.728375]]},"properties":{"route_id":"Sato22","route_title":"里２２ 日暮里駅前行","pattern_id":"52108","direction_id":"2","stop_count":24,"origin_stop_name":"亀戸駅前","destination_stop_name":"日暮里駅前","path_type":"odpt-busstop-order-shape","source_stop_count":24,"solve_stop_count":24,"snap_fallback":true}},{"type":"Feature","id":"shape-Nishiki37-56101-1","geometry":{"type":"LineString","coordinates":[[139.84335,35.743838],[139.840028,35.740451],[139.83711,35.737721],[139.835014,35.73613],[139.83287,35.734564],[139.826133,35.72949],[139.827688,35.726476],[139.830319,35.724038],[139.830233,35.721426],[139.829184,35.718179],[139.828299,35.715553],[139.827539,35.713601],[139.824726,35.712326],[139.820995,35.711078],[139.818024,35.709424],[139.81586,35.711654],[139.813538,35.710675],[139.814338,35.706241],[139.814487,35.704777],[139.814759,35.701693],[139.814946,35.69933],[139.813922,35.697511]]},"properties":{"route_id":"Nishiki37","route_title":"錦３７ 錦糸町駅前行","pattern_id":"56101","direction_id":"1","stop_count":22,"origin_stop_name":"青戸車庫前","destination_stop_name":"錦糸町駅前","path_type":"odpt-busstop-order-shape","source_stop_count":22,"solve_stop_count":22,"snap_fallback":true}},{"type":"Feature","id":"shape-Nishiki37-56101-2","geometry":{"type":"LineString","coordinates":[[139.813314,35.697447],[139.814753,35.699229],[139.814537,35.701775],[139.81436,35.703867],[139.814109,35.7064],[139.813564,35.710822],[139.816437,35.71159],[139.817988,35.70953],[139.820641,35.71095],[139.824333,35.712279],[139.826692,35.713037],[139.828641,35.716824],[139.829091,35.718212],[139.829966,35.720957],[139.830434,35.723733],[139.828645,35.725458],[139.82547,35.729117],[139.833331,35.735284],[139.835457,35.73683],[139.838493,35.739399],[139.841571,35.742203],[139.843847,35.744787]]},"properties":{"route_id":"Nishiki37","route_title":"錦３７ 青戸車庫前行","pattern_id":"56101","direction_id":"2","stop_count":22,"origin_stop_name":"錦糸町駅前","destination_stop_name":"青戸車庫前","path_type":"odpt-busstop-order-shape","source_stop_count":22,"solve_stop_count":22,"snap_fallback":true}},{"type":"Feature","id":"shape-T02-32306-1","geometry":{"type":"LineString","coordinates":[[139.735597,35.71873],[139.737208,35.71765],[139.739003,35.7164],[139.740805,35.714253],[139.743551,35.712408],[139.745866,35.710855],[139.748912,35.709197],[139.752475,35.708579],[139.757401,35.707454],[139.759698,35.707545],[139.764796,35.707504],[139.768288,35.708415],[139.771968,35.708187],[139.775546,35.707807],[139.779188,35.707412],[139.781074,35.707211],[139.784563,35.706835],[139.787619,35.706506],[139.78964,35.706312],[139.792549,35.705575],[139.797046,35.702846],[139.797919,35.70036],[139.80046,35.700475],[139.8041,35.70069],[139.806832,35.700833],[139.810152,35.701048],[139.812222,35.701153],[139.814863,35.700184],[139.814946,35.69933],[139.813922,35.697511]]},"properties":{"route_id":"T02","route_title":"都０２ 錦糸町駅前行","pattern_id":"32306","direction_id":"1","stop_count":30,"origin_stop_name":"窪町小学校","destination_stop_name":"錦糸町駅前","path_type":"odpt-busstop-order-shape","source_stop_count":30,"solve_stop_count":30,"snap_fallback":true}},{"type":"Feature","id":"shape-T02-32315-2","geometry":{"type":"LineString","coordinates":[[139.813687,35.697305],[139.814753,35.699229],[139.81282,35.701005],[139.811155,35.700929],[139.806659,35.700639],[139.804418,35.700521],[139.800747,35.700325],[139.798264,35.700211],[139.796829,35.703008],[139.792277,35.705469],[139.79025,35.706076],[139.78873,35.706218],[139.78566,35.706559],[139.782518,35.706892],[139.779594,35.707179],[139.77543,35.707661],[139.772281,35.707992],[139.769409,35.708194],[139.7645,35.707363],[139.761212,35.707467],[139.756771,35.707208],[139.752526,35.708366],[139.748601,35.709163],[139.745491,35.710769],[139.743597,35.712095],[139.740299,35.714401],[139.738718,35.716333],[139.737215,35.717361],[139.735717,35.718305],[139.733872,35.71951]]},"properties":{"route_id":"T02","route_title":"都０２ 大塚二丁目行","pattern_id":"32315","direction_id":"2","stop_count":30,"origin_stop_name":"錦糸町駅前","destination_stop_name":"大塚二丁目","path_type":"odpt-busstop-order-shape","source_stop_count":30,"solve_stop_count":30,"snap_fallback":true}},{"type":"Feature","id":"shape-Ue60-32401-1","geometry":{"type":"LineString","coordinates":[[139.712674,35.730832],[139.715099,35.732642],[139.7187,35.732529],[139.720569,35.731637],[139.723499,35.73004],[139.725416,35.728879],[139.729597,35.726165],[139.729117,35.730846],[139.733454,35.727473],[139.735365,35.725682],[139.737041,35.72386],[139.74025,35.720937],[139.741854,35.719303],[139.745123,35.71712],[139.747904,35.715259],[139.751332,35.712459],[139.752475,35.708579],[139.754664,35.711429],[139.756604,35.713244],[139.75944,35.715478],[139.76282,35.71637],[139.765608,35.717565],[139.767519,35.715209],[139.768675,35.712203],[139.771579,35.709731]]},"properties":{"route_id":"Ue60","route_title":"上６０ 上野公園行","pattern_id":"32401","direction_id":"1","stop_count":25,"origin_stop_name":"池袋駅東口","destination_stop_name":"上野公園","path_type":"odpt-busstop-order-shape","source_stop_count":25,"solve_stop_count":25,"snap_fallback":true}},{"type":"Feature","id":"shape-Ue60-32401-2","geometry":{"type":"LineString","coordinates":[[139.771579,35.709731],[139.772281,35.707992],[139.76847,35.712178],[139.767435,35.714984],[139.76558,35.717369],[139.762471,35.716073],[139.75827,35.715072],[139.756859,35.713342],[139.755125,35.711437],[139.752762,35.708359],[139.751218,35.712456],[139.749018,35.714283],[139.745029,35.71702],[139.741735,35.719216],[139.740365,35.720514],[139.737457,35.723166],[139.734886,35.726032],[139.732856,35.727849],[139.729462,35.730768],[139.72931,35.726091],[139.725391,35.728676],[139.722012,35.73061],[139.720208,35.731609],[139.715533,35.73267],[139.713363,35.731527]]},"properties":{"route_id":"Ue60","route_title":"上６０ 池袋駅東口行","pattern_id":"32401","direction_id":"2","stop_count":25,"origin_stop_name":"上野公園","destination_stop_name":"池袋駅東口","path_type":"odpt-busstop-order-shape","source_stop_count":25,"solve_stop_count":25,"snap_fallback":true}},{"type":"Feature","id":"shape-Ue60-32402-1","geometry":{"type":"LineString","coordinates":[[139.729117,35.730846],[139.733454,35.727473],[139.735365,35.725682],[139.737041,35.72386],[139.74025,35.720937],[139.741854,35.719303],[139.745123,35.71712],[139.747904,35.715259],[139.751332,35.712459],[139.752475,35.708579],[139.754664,35.711429],[139.756604,35.713244],[139.75944,35.715478],[139.76282,35.71637],[139.765608,35.717565],[139.767519,35.715209],[139.768675,35.712203],[139.771579,35.709731]]},"properties":{"route_id":"Ue60","route_title":"上６０ 上野公園行","pattern_id":"32402","direction_id":"1","stop_count":18,"origin_stop_name":"大塚駅前","destination_stop_name":"上野公園","path_type":"odpt-busstop-order-shape","source_stop_count":18,"solve_stop_count":18,"snap_fallback":true}},{"type":"Feature","id":"shape-Ue60-32402-2","geometry":{"type":"LineString","coordinates":[[139.771579,35.709731],[139.772281,35.707992],[139.76847,35.712178],[139.767435,35.714984],[139.76558,35.717369],[139.762471,35.716073],[139.75827,35.715072],[139.756859,35.713342],[139.755125,35.711437],[139.752762,35.708359],[139.751218,35.712456],[139.749018,35.714283],[139.745029,35.71702],[139.741735,35.719216],[139.740365,35.720514],[139.737457,35.723166],[139.734886,35.726032],[139.732856,35.727849],[139.729023,35.73037]]},"properties":{"route_id":"Ue60","route_title":"上６０ 大塚駅前行","pattern_id":"32402","direction_id":"2","stop_count":19,"origin_stop_name":"上野公園","destination_stop_name":"大塚駅前","path_type":"odpt-busstop-order-shape","source_stop_count":19,"solve_stop_count":19,"snap_fallback":true}},{"type":"Feature","id":"shape-Rinkai28-1-68901-2","geometry":{"type":"LineString","coordinates":[[139.862432,35.643891],[139.867981,35.644194],[139.869942,35.645993],[139.871586,35.647981],[139.872021,35.650742],[139.872316,35.654806],[139.872513,35.657693],[139.872779,35.661159],[139.87287,35.663106],[139.873755,35.668631],[139.875447,35.67141],[139.877601,35.675335],[139.879173,35.678289],[139.880927,35.682353],[139.882106,35.685992],[139.882641,35.69108],[139.882403,35.693641],[139.881791,35.698359],[139.881445,35.701473]]},"properties":{"route_id":"Rinkai28-1","route_title":"臨海２８－１ 一之江橋西詰行","pattern_id":"68901","direction_id":"2","stop_count":19,"origin_stop_name":"葛西臨海公園駅前","destination_stop_name":"一之江橋西詰","path_type":"odpt-busstop-order-shape","source_stop_count":19,"solve_stop_count":19,"snap_fallback":true}},{"type":"Feature","id":"shape-Kasai24-69101-2","geometry":{"type":"LineString","coordinates":[[139.879687,35.647187],[139.874754,35.647029],[139.871586,35.647981],[139.872021,35.650742],[139.872316,35.654806],[139.872513,35.657693],[139.872779,35.661159],[139.87287,35.663106],[139.869377,35.666063],[139.865279,35.667199],[139.866138,35.669288],[139.866032,35.672213],[139.864135,35.673346],[139.864152,35.674924],[139.866024,35.676598],[139.863485,35.67884],[139.862852,35.682429],[139.864156,35.68349]]},"properties":{"route_id":"Kasai24","route_title":"葛西２４ 船堀駅前行","pattern_id":"69101","direction_id":"2","stop_count":18,"origin_stop_name":"なぎさニュータウン","destination_stop_name":"船堀駅前","path_type":"odpt-busstop-order-shape","source_stop_count":18,"solve_stop_count":18,"snap_fallback":true}},{"type":"Feature","id":"shape-Nari10-72502-1","geometry":{"type":"LineString","coordinates":[[139.758461,35.666933],[139.763597,35.669994],[139.766317,35.67038],[139.769295,35.667865],[139.77036,35.666983],[139.773148,35.664239],[139.776576,35.660615],[139.778029,35.659714],[139.781815,35.662395],[139.783595,35.661627],[139.785578,35.659746],[139.790654,35.659121],[139.79277,35.658676],[139.794522,35.65688],[139.797123,35.65515],[139.798442,35.656019],[139.802642,35.658053],[139.80452,35.657131],[139.807247,35.658924],[139.80613,35.661587],[139.805254,35.663321],[139.805111,35.667518],[139.805787,35.66987],[139.806351,35.672825],[139.80671,35.674767],[139.80685,35.677277],[139.806653,35.679672],[139.80641,35.682904],[139.806206,35.685343],[139.806038,35.687231],[139.805645,35.69161],[139.805375,35.69536],[139.805121,35.698029],[139.804841,35.701014],[139.804631,35.704296],[139.80448,35.7061],[139.80522,35.708758],[139.808383,35.710273]]},"properties":{"route_id":"Nari10","route_title":"業１０ とうきょうスカイツリー駅前行","pattern_id":"72502","direction_id":"1","stop_count":38,"origin_stop_name":"新橋","destination_stop_name":"とうきょうスカイツリー駅前","path_type":"odpt-busstop-order-shape","source_stop_count":38,"solve_stop_count":38,"snap_fallback":true}},{"type":"Feature","id":"shape-Nari10-72502-2","geometry":{"type":"LineString","coordinates":[[139.808383,35.710273],[139.805183,35.712085],[139.804487,35.707996],[139.8047,35.70543],[139.804903,35.703535],[139.805031,35.701195],[139.805347,35.697713],[139.80564,35.694572],[139.805884,35.691527],[139.806201,35.687646],[139.806407,35.685402],[139.806602,35.683134],[139.806983,35.678743],[139.807127,35.676789],[139.80697,35.674822],[139.80661,35.672905],[139.806174,35.67067],[139.805479,35.667856],[139.80558,35.663506],[139.806481,35.661606],[139.807411,35.658843],[139.804407,35.656856],[139.801598,35.657765],[139.798407,35.655633],[139.795679,35.655154],[139.794463,35.656371],[139.793225,35.657604],[139.790741,35.658779],[139.786016,35.657912],[139.783393,35.658226],[139.781621,35.660086],[139.780006,35.660813],[139.776323,35.660462],[139.772052,35.664928],[139.770098,35.666857],[139.768853,35.667885],[139.76569,35.670568],[139.763577,35.669695],[139.758461,35.666933]]},"properties":{"route_id":"Nari10","route_title":"業１０ 新橋行","pattern_id":"72502","direction_id":"2","stop_count":39,"origin_stop_name":"とうきょうスカイツリー駅前","destination_stop_name":"新橋","path_type":"odpt-busstop-order-shape","source_stop_count":39,"solve_stop_count":39,"snap_fallback":true}},{"type":"Feature","id":"shape-Nari10-72503-2","geometry":{"type":"LineString","coordinates":[[139.806174,35.67067],[139.805479,35.667856],[139.80558,35.663506],[139.806481,35.661606],[139.807411,35.658843],[139.804407,35.656856],[139.801598,35.657765],[139.798407,35.655633],[139.795679,35.655154],[139.794463,35.656371],[139.793225,35.657604],[139.790741,35.658779],[139.786016,35.657912],[139.783393,35.658226],[139.781621,35.660086],[139.780006,35.660813],[139.776323,35.660462],[139.772052,35.664928],[139.770098,35.666857],[139.768853,35.667885],[139.76569,35.670568],[139.761623,35.670877],[139.759074,35.667301]]},"properties":{"route_id":"Nari10","route_title":"業１０ 新橋行","pattern_id":"72503","direction_id":"2","stop_count":23,"origin_stop_name":"木場駅前","destination_stop_name":"新橋","path_type":"odpt-busstop-order-shape","source_stop_count":23,"solve_stop_count":23,"snap_fallback":true}},{"type":"Feature","id":"shape-Nishiki13-72112-2","geometry":{"type":"LineString","coordinates":[[139.773023,35.647617],[139.772342,35.648287],[139.775045,35.650937],[139.77946,35.653963],[139.782145,35.655767],[139.783871,35.656933],[139.785519,35.658038],[139.790654,35.659121],[139.79277,35.658676],[139.794522,35.65688],[139.797318,35.655265],[139.798442,35.656019],[139.802642,35.658053],[139.80452,35.657131],[139.807247,35.658924],[139.80613,35.661587],[139.808455,35.663264],[139.810773,35.664187],[139.810758,35.667469],[139.810942,35.670209],[139.811383,35.672179],[139.812092,35.675182],[139.811771,35.678715],[139.81149,35.680889],[139.811164,35.683962],[139.810917,35.686331],[139.810621,35.689279],[139.810487,35.690644],[139.809574,35.694178],[139.810308,35.695455],[139.814529,35.695894]]},"properties":{"route_id":"Nishiki13","route_title":"錦１３ 錦糸町駅前行","pattern_id":"72112","direction_id":"2","stop_count":31,"origin_stop_name":"晴海埠頭","destination_stop_name":"錦糸町駅前","path_type":"odpt-busstop-order-shape","source_stop_count":31,"solve_stop_count":31,"snap_fallback":true}},{"type":"Feature","id":"shape-T03-73601-1","geometry":{"type":"LineString","coordinates":[[139.765096,35.682392],[139.763346,35.677469],[139.762715,35.675401],[139.760094,35.67441],[139.751773,35.677192],[139.744175,35.682201],[139.742294,35.683948],[139.740506,35.684051],[139.738817,35.683848],[139.733552,35.6845],[139.730223,35.686366]]},"properties":{"route_id":"T03","route_title":"都０３ 四谷駅行","pattern_id":"73601","direction_id":"1","stop_count":11,"origin_stop_name":"東京駅丸の内北口","destination_stop_name":"四谷駅","path_type":"odpt-busstop-order-shape","source_stop_count":11,"solve_stop_count":11,"snap_fallback":true}},{"type":"Feature","id":"shape-Ue26-32501-1","geometry":{"type":"LineString","coordinates":[[139.825508,35.69804],[139.824623,35.701586],[139.820349,35.701353],[139.817424,35.701236],[139.814537,35.701775],[139.81436,35.703867],[139.814109,35.7064],[139.813713,35.708356],[139.808402,35.710062],[139.806163,35.712543],[139.800477,35.715276],[139.796968,35.716116],[139.794623,35.716725],[139.791917,35.717364],[139.789864,35.717923],[139.786115,35.719053],[139.78316,35.71998],[139.780873,35.720849],[139.774398,35.722632],[139.771049,35.721114],[139.765608,35.717565],[139.767519,35.715209],[139.768675,35.712203],[139.77191,35.709784]]},"properties":{"route_id":"Ue26","route_title":"上２６ 上野公園行","pattern_id":"32501","direction_id":"1","stop_count":24,"origin_stop_name":"亀戸駅前","destination_stop_name":"上野公園","path_type":"odpt-busstop-order-shape","source_stop_count":24,"solve_stop_count":24,"snap_fallback":true}},{"type":"Feature","id":"shape-Ue26-32501-2","geometry":{"type":"LineString","coordinates":[[139.77191,35.709784],[139.772281,35.707992],[139.76847,35.712178],[139.767435,35.714984],[139.765682,35.718295],[139.77066,35.721028],[139.77421,35.722623],[139.781174,35.721047],[139.783058,35.720203],[139.786509,35.71912],[139.789714,35.718097],[139.791839,35.71757],[139.794627,35.716897],[139.797738,35.716095],[139.800883,35.715346],[139.806424,35.712562],[139.808586,35.710247],[139.812689,35.709123],[139.814338,35.706241],[139.814487,35.704777],[139.814759,35.701693],[139.818043,35.701408],[139.821124,35.701575],[139.825481,35.701115],[139.825987,35.697914]]},"properties":{"route_id":"Ue26","route_title":"上２６ 亀戸駅前行","pattern_id":"32501","direction_id":"2","stop_count":25,"origin_stop_name":"上野公園","destination_stop_name":"亀戸駅前","path_type":"odpt-busstop-order-shape","source_stop_count":25,"solve_stop_count":25,"snap_fallback":true}},{"type":"Feature","id":"shape-Ou40Kou-40001-2","geometry":{"type":"LineString","coordinates":[[139.790148,35.776245],[139.784639,35.776299],[139.78385,35.777936],[139.780578,35.777902],[139.775743,35.776388],[139.773285,35.774861],[139.769407,35.772546],[139.766728,35.77093],[139.763211,35.768802],[139.76232,35.767825],[139.755129,35.76237],[139.752966,35.763483],[139.748994,35.763497],[139.747776,35.76226],[139.744734,35.759088],[139.743101,35.757364],[139.738579,35.753705],[139.736354,35.749994],[139.733111,35.747685],[139.730856,35.746153],[139.72765,35.743763],[139.726107,35.74181],[139.723224,35.73923],[139.721866,35.738053],[139.720017,35.736311],[139.715533,35.73267],[139.713106,35.730774]]},"properties":{"route_id":"Ou40Kou","route_title":"王４０甲 池袋駅東口行","pattern_id":"40001","direction_id":"2","stop_count":27,"origin_stop_name":"西新井駅前","destination_stop_name":"池袋駅東口","path_type":"odpt-busstop-order-shape","source_stop_count":27,"solve_stop_count":27,"snap_fallback":true}},{"type":"Feature","id":"shape-Higashi43-40403-1","geometry":{"type":"LineString","coordinates":[[139.763211,35.768802],[139.76232,35.767825],[139.756076,35.761561],[139.756737,35.760579],[139.757196,35.757527],[139.760424,35.756266],[139.762799,35.755742],[139.762229,35.75269],[139.762246,35.749869],[139.762824,35.74705],[139.763377,35.744954],[139.762979,35.743391],[139.760757,35.740939],[139.760209,35.738217],[139.759341,35.735296],[139.758422,35.731863],[139.757457,35.729911]]},"properties":{"route_id":"Higashi43","route_title":"東４３ 駒込病院前行","pattern_id":"40403","direction_id":"1","stop_count":17,"origin_stop_name":"荒川土手操車所前","destination_stop_name":"駒込病院前","path_type":"odpt-busstop-order-shape","source_stop_count":17,"solve_stop_count":17,"snap_fallback":true}},{"type":"Feature","id":"shape-T02-32313-1","geometry":{"type":"LineString","coordinates":[[139.757401,35.707454],[139.759698,35.707545],[139.764796,35.707504],[139.768288,35.708415],[139.771968,35.708187],[139.775546,35.707807],[139.779188,35.707412],[139.781074,35.707211],[139.784563,35.706835],[139.787619,35.706506],[139.78964,35.706312],[139.792549,35.705575],[139.797046,35.702846],[139.797919,35.70036],[139.80046,35.700475],[139.8041,35.70069],[139.806832,35.700833],[139.810152,35.701048],[139.812222,35.701153],[139.814863,35.700184],[139.814946,35.69933],[139.813922,35.697511]]},"properties":{"route_id":"T02","route_title":"都０２ 錦糸町駅前行","pattern_id":"32313","direction_id":"1","stop_count":22,"origin_stop_name":"真砂坂上","destination_stop_name":"錦糸町駅前","path_type":"odpt-busstop-order-shape","source_stop_count":22,"solve_stop_count":22,"snap_fallback":true}},{"type":"Feature","id":"shape-Ou49-48502-1","geometry":{"type":"LineString","coordinates":[[139.803766,35.775389],[139.803116,35.775884],[139.803032,35.777884],[139.799435,35.778466],[139.796356,35.7784],[139.7929,35.778292],[139.786885,35.7781],[139.78385,35.777936],[139.780578,35.777902],[139.775354,35.778021],[139.769305,35.778071],[139.763689,35.778144],[139.760088,35.778141],[139.755184,35.778352],[139.75357,35.778408],[139.749304,35.778552],[139.73971,35.773052],[139.734752,35.768589],[139.735878,35.765162],[139.736889,35.762757],[139.737592,35.758386],[139.737383,35.755767],[139.737428,35.753792]]},"properties":{"route_id":"Ou49","route_title":"王４９ 王子駅前行","pattern_id":"48502","direction_id":"1","stop_count":23,"origin_stop_name":"足立区役所","destination_stop_name":"王子駅前","path_type":"odpt-busstop-order-shape","source_stop_count":23,"solve_stop_count":23,"snap_fallback":true}},{"type":"Feature","id":"shape-Kuro77-201-1","geometry":{"type":"LineString","coordinates":[[139.716566,35.634213],[139.722593,35.636419],[139.722356,35.640149],[139.721268,35.642688],[139.721623,35.644544],[139.722581,35.647169],[139.722347,35.649986],[139.723042,35.655175],[139.723531,35.658948],[139.72187,35.661825],[139.72035,35.664645],[139.718817,35.667463],[139.715075,35.669494],[139.712406,35.673237],[139.712486,35.674711],[139.712492,35.676446],[139.710987,35.678606],[139.711995,35.680665]]},"properties":{"route_id":"Kuro77","route_title":"黒７７ 千駄ヶ谷駅前行","pattern_id":"201","direction_id":"1","stop_count":18,"origin_stop_name":"目黒駅前","destination_stop_name":"千駄ヶ谷駅前","path_type":"odpt-busstop-order-shape","source_stop_count":18,"solve_stop_count":18,"snap_fallback":true}},{"type":"Feature","id":"shape-Hashi86-301-2","geometry":{"type":"LineString","coordinates":[[139.759243,35.665937],[139.756715,35.661919],[139.753931,35.660284],[139.750634,35.661108],[139.744796,35.662501],[139.743701,35.661172],[139.743682,35.658223],[139.745138,35.655898],[139.743781,35.654228],[139.742293,35.654401],[139.737166,35.65456],[139.736044,35.652518],[139.733628,35.652451],[139.73077,35.651915],[139.728548,35.652584],[139.726017,35.653697],[139.722509,35.650336],[139.722771,35.646968],[139.721853,35.644499],[139.721429,35.642769],[139.722671,35.639622],[139.723132,35.636497],[139.719035,35.634405],[139.716416,35.634246]]},"properties":{"route_id":"Hashi86","route_title":"橋８６ 目黒駅前行","pattern_id":"301","direction_id":"2","stop_count":24,"origin_stop_name":"新橋駅前","destination_stop_name":"目黒駅前","path_type":"odpt-busstop-order-shape","source_stop_count":24,"solve_stop_count":24,"snap_fallback":true}},{"type":"Feature","id":"shape-Shina98-4102-2","geometry":{"type":"LineString","coordinates":[[139.758601,35.579281],[139.760987,35.582756],[139.765847,35.585398],[139.765788,35.587561],[139.766694,35.590061],[139.769433,35.591458],[139.770109,35.592279],[139.768572,35.593092],[139.766511,35.592886],[139.764656,35.595366],[139.762549,35.598141],[139.761105,35.601923],[139.759405,35.605651],[139.758547,35.607176],[139.754235,35.611238],[139.753007,35.616535],[139.753348,35.621018],[139.749399,35.621349],[139.745792,35.621244],[139.74496,35.624733],[139.744697,35.627876],[139.741244,35.629299]]},"properties":{"route_id":"Shina98","route_title":"品９８ 品川駅港南口行","pattern_id":"4102","direction_id":"2","stop_count":22,"origin_stop_name":"大田市場","destination_stop_name":"品川駅港南口","path_type":"odpt-busstop-order-shape","source_stop_count":22,"solve_stop_count":22,"snap_fallback":true}},{"type":"Feature","id":"shape-Hashi86-304-1","geometry":{"type":"LineString","coordinates":[[139.716566,35.634213],[139.722593,35.636419],[139.722356,35.640149],[139.721268,35.642688],[139.721623,35.644544],[139.722581,35.647169],[139.722438,35.649525],[139.726541,35.654095],[139.728544,35.652709],[139.730889,35.652014],[139.733739,35.652562],[139.736011,35.652643],[139.736794,35.654359],[139.741972,35.654572],[139.74427,35.654355]]},"properties":{"route_id":"Hashi86","route_title":"橋８６ 赤羽橋駅前行","pattern_id":"304","direction_id":"1","stop_count":15,"origin_stop_name":"目黒駅前","destination_stop_name":"赤羽橋駅前","path_type":"odpt-busstop-order-shape","source_stop_count":15,"solve_stop_count":15,"snap_fallback":true}},{"type":"Feature","id":"shape-Shina93-401-2","geometry":{"type":"LineString","coordinates":[[139.716651,35.633996],[139.722593,35.636419],[139.72576,35.637856],[139.728362,35.636773],[139.730907,35.635934],[139.732953,35.634995],[139.732529,35.633272],[139.732432,35.630268],[139.737727,35.627819],[139.740711,35.622537],[139.742803,35.620474],[139.745239,35.619649],[139.747285,35.618511],[139.747918,35.615859],[139.747852,35.614359],[139.747559,35.610806],[139.747222,35.607411],[139.746401,35.604785],[139.744573,35.599829],[139.742843,35.597902],[139.742523,35.596793],[139.741255,35.593572]]},"properties":{"route_id":"Shina93","route_title":"品９３ 大井競馬場前行","pattern_id":"401","direction_id":"2","stop_count":22,"origin_stop_name":"目黒駅前","destination_stop_name":"大井競馬場前","path_type":"odpt-busstop-order-shape","source_stop_count":22,"solve_stop_count":22,"snap_fallback":true}},{"type":"Feature","id":"shape-Shibu88-8206-2","geometry":{"type":"LineString","coordinates":[[139.759255,35.666422],[139.756775,35.667795],[139.754176,35.668653],[139.750473,35.669866],[139.746387,35.664168],[139.744796,35.662501],[139.743701,35.661172],[139.739968,35.66025],[139.735517,35.66185],[139.731141,35.662521],[139.72703,35.660692],[139.724627,35.659856],[139.720376,35.659204],[139.715337,35.660699],[139.709503,35.662214],[139.707382,35.660858],[139.702601,35.658527]]},"properties":{"route_id":"Shibu88","route_title":"渋８８ 渋谷駅前行","pattern_id":"8206","direction_id":"2","stop_count":17,"origin_stop_name":"新橋駅前","destination_stop_name":"渋谷駅前","path_type":"odpt-busstop-order-shape","source_stop_count":17,"solve_stop_count":17,"snap_fallback":true}},{"type":"Feature","id":"shape-Shuku75-12301-1","geometry":{"type":"LineString","coordinates":[[139.697999,35.692568],[139.70199,35.693613],[139.70492,35.692821],[139.706831,35.69566],[139.708079,35.697964],[139.709882,35.697785],[139.712824,35.697819],[139.716154,35.698537],[139.717968,35.699235],[139.720515,35.697307],[139.724901,35.694906],[139.725285,35.691635],[139.724071,35.689355],[139.724587,35.687667],[139.728234,35.686429],[139.731691,35.685585],[139.734165,35.684492],[139.736914,35.684037],[139.73996,35.684277],[139.743134,35.684143],[139.74415,35.682191]]},"properties":{"route_id":"Shuku75","route_title":"宿７５ 三宅坂行","pattern_id":"12301","direction_id":"1","stop_count":21,"origin_stop_name":"新宿駅西口","destination_stop_name":"三宅坂","path_type":"odpt-busstop-order-shape","source_stop_count":21,"solve_stop_count":21,"snap_fallback":true}},{"type":"Feature","id":"shape-Ii62-16301-1","geometry":{"type":"LineString","coordinates":[[139.693251,35.710259],[139.694436,35.707261],[139.696261,35.701833],[139.699583,35.701574],[139.704627,35.701215],[139.706914,35.701029],[139.70995,35.700885],[139.712654,35.701462],[139.715769,35.701257],[139.71871,35.701022],[139.7204,35.700434],[139.725209,35.699545],[139.728998,35.699341],[139.732508,35.699685],[139.737692,35.701898],[139.742001,35.703156],[139.743308,35.702878],[139.746822,35.703932]]},"properties":{"route_id":"Ii62","route_title":"飯６２ 都営飯田橋駅前行","pattern_id":"16301","direction_id":"1","stop_count":18,"origin_stop_name":"小滝橋車庫前","destination_stop_name":"都営飯田橋駅前","path_type":"odpt-busstop-order-shape","source_stop_count":18,"solve_stop_count":18,"snap_fallback":true}},{"type":"Feature","id":"shape-Hashi63-16401-2","geometry":{"type":"LineString","coordinates":[[139.758467,35.667094],[139.755351,35.670834],[139.752017,35.672197],[139.749873,35.673081],[139.744067,35.677516],[139.740812,35.678184],[139.738284,35.680732],[139.738142,35.683279],[139.736254,35.687056],[139.73558,35.690279],[139.736992,35.694793],[139.734147,35.697555],[139.732428,35.699541],[139.729434,35.699133],[139.726735,35.699324],[139.721507,35.69992],[139.717788,35.701165],[139.715482,35.701201],[139.712099,35.701261],[139.709293,35.700722],[139.704755,35.701104],[139.69975,35.701452],[139.69632,35.701695],[139.694237,35.706201],[139.693088,35.710132]]},"properties":{"route_id":"Hashi63","route_title":"橋６３ 小滝橋車庫前行","pattern_id":"16401","direction_id":"2","stop_count":25,"origin_stop_name":"新橋駅前","destination_stop_name":"小滝橋車庫前","path_type":"odpt-busstop-order-shape","source_stop_count":25,"solve_stop_count":25,"snap_fallback":true}},{"type":"Feature","id":"shape-Haya81-16501-3","geometry":{"type":"LineString","coordinates":[[139.721404,35.708526],[139.720246,35.706246],[139.721646,35.703037],[139.720163,35.699769],[139.718996,35.699388],[139.720515,35.697307],[139.724901,35.694906],[139.722555,35.690817],[139.719261,35.687674],[139.716111,35.686812],[139.716031,35.684751],[139.714472,35.681525],[139.712202,35.680487],[139.711017,35.67872],[139.712753,35.67739],[139.712205,35.675416],[139.710156,35.675043],[139.705332,35.673485],[139.70295,35.670461],[139.700376,35.665986],[139.699129,35.663965],[139.700834,35.660016],[139.702216,35.660168],[139.702156,35.664052],[139.703172,35.665678],[139.704938,35.668003],[139.702746,35.670787],[139.705137,35.67356],[139.709912,35.675143],[139.712492,35.676446],[139.710987,35.678606],[139.71121,35.680185],[139.714261,35.6816],[139.715817,35.684142],[139.716555,35.6877],[139.72026,35.688536],[139.722435,35.690919],[139.72444,35.694357],[139.719907,35.697418],[139.719177,35.699568],[139.720402,35.699991],[139.721571,35.703162],[139.720228,35.706488],[139.721608,35.708471]]},"properties":{"route_id":"Haya81","route_title":"早８１ 早大正門行","pattern_id":"16501","direction_id":"3","stop_count":44,"origin_stop_name":"早大正門","destination_stop_name":"早大正門","path_type":"odpt-busstop-order-shape","source_stop_count":44,"solve_stop_count":44,"snap_fallback":true}},{"type":"Feature","id":"shape-Haya81-16502-3","geometry":{"type":"LineString","coordinates":[[139.721404,35.708526],[139.720246,35.706246],[139.721646,35.703037],[139.720163,35.699769],[139.718996,35.699388],[139.720515,35.697307],[139.724901,35.694906],[139.722555,35.690817],[139.719261,35.687674],[139.716111,35.686812],[139.716031,35.684751],[139.714472,35.681525],[139.712202,35.680487],[139.711017,35.67872],[139.712753,35.67739],[139.712205,35.675416],[139.710156,35.675043],[139.705332,35.673485],[139.70295,35.670461],[139.701782,35.666048],[139.700915,35.662694],[139.700834,35.660016],[139.702216,35.660168],[139.702156,35.664052],[139.703172,35.665678],[139.704938,35.668003],[139.702746,35.670787],[139.705137,35.67356],[139.709912,35.675143],[139.712492,35.676446],[139.710987,35.678606],[139.71121,35.680185],[139.714261,35.6816],[139.715817,35.684142],[139.716555,35.6877],[139.72026,35.688536],[139.722435,35.690919],[139.72444,35.694357],[139.719907,35.697418],[139.719177,35.699568],[139.720402,35.699991],[139.721571,35.703162],[139.720228,35.706488],[139.721608,35.708471]]},"properties":{"route_id":"Haya81","route_title":"早８１ 早大正門行","pattern_id":"16502","direction_id":"3","stop_count":44,"origin_stop_name":"早大正門","destination_stop_name":"早大正門","path_type":"odpt-busstop-order-shape","source_stop_count":44,"solve_stop_count":44,"snap_fallback":true}},{"type":"Feature","id":"shape-Taka71-16601-1","geometry":{"type":"LineString","coordinates":[[139.704854,35.712928],[139.703617,35.709741],[139.706207,35.708767],[139.709138,35.707734],[139.708851,35.705625],[139.708625,35.703829],[139.708182,35.701422],[139.708079,35.697964],[139.709882,35.697785],[139.712824,35.697819],[139.716154,35.698537],[139.717968,35.699235],[139.720515,35.697307],[139.724901,35.694906],[139.726126,35.692161],[139.731248,35.691178],[139.736745,35.691358],[139.740553,35.692447],[139.743222,35.693269],[139.745619,35.694133],[139.75207,35.695673]]},"properties":{"route_id":"Taka71","route_title":"高７１ 九段下行","pattern_id":"16601","direction_id":"1","stop_count":21,"origin_stop_name":"高田馬場駅前","destination_stop_name":"九段下","path_type":"odpt-busstop-order-shape","source_stop_count":21,"solve_stop_count":21,"snap_fallback":true}},{"type":"Feature","id":"shape-Ume74Otsu-28202-3","geometry":{"type":"LineString","coordinates":[[139.243235,35.789827],[139.244939,35.79024],[139.246974,35.790529],[139.250877,35.790174],[139.253267,35.790033],[139.255373,35.789953],[139.25796,35.790169],[139.260963,35.788779],[139.263437,35.789265],[139.2655,35.789773],[139.268276,35.790597],[139.2705,35.789712],[139.272229,35.78965],[139.274549,35.788372],[139.275233,35.790029],[139.271968,35.790888],[139.270658,35.792021],[139.270553,35.793664],[139.267837,35.797547],[139.265437,35.800546],[139.265233,35.802376],[139.265056,35.805168],[139.259402,35.809858],[139.254058,35.813307],[139.245237,35.819059],[139.248322,35.823152],[139.253521,35.823527],[139.256493,35.826388],[139.260656,35.828115],[139.263746,35.829671],[139.268399,35.83173],[139.271075,35.833039],[139.27433,35.835578],[139.278279,35.837536],[139.280571,35.837739],[139.285578,35.837845],[139.292587,35.838236],[139.297198,35.833987],[139.297021,35.832688],[139.29369,35.829301],[139.292216,35.828451],[139.289852,35.826436],[139.286242,35.823204],[139.281539,35.822421],[139.27881,35.822021],[139.27681,35.822235],[139.275648,35.820961],[139.274934,35.818495],[139.270742,35.81582],[139.268269,35.814866],[139.264432,35.813861],[139.25932,35.810304],[139.265135,35.805121],[139.265247,35.802106],[139.26561,35.80041],[139.267941,35.797555],[139.270613,35.79367],[139.27085,35.791681],[139.271896,35.79099],[139.275135,35.790136],[139.277679,35.790615],[139.280454,35.791152],[139.286586,35.790784],[139.286843,35.788047],[139.285057,35.784587]]},"properties":{"route_id":"Ume74Otsu","route_title":"梅７４乙 河辺駅北口行","pattern_id":"28202","direction_id":"3","stop_count":65,"origin_stop_name":"裏宿町","destination_stop_name":"河辺駅北口","path_type":"odpt-busstop-order-shape","source_stop_count":65,"solve_stop_count":50,"snap_fallback":true}},{"type":"Feature","id":"shape-Ume77Kou-28602-2","geometry":{"type":"LineString","coordinates":[[139.285057,35.784587],[139.286601,35.787682],[139.286499,35.790693],[139.286889,35.792609],[139.291522,35.794155],[139.290863,35.795354],[139.289042,35.796986],[139.287773,35.79951],[139.286212,35.799564],[139.283962,35.798851],[139.281336,35.798339],[139.278963,35.797101],[139.277876,35.795903],[139.276506,35.794335],[139.273795,35.793929],[139.270613,35.79367],[139.27085,35.791681],[139.268179,35.79045],[139.265339,35.789637],[139.262788,35.789104],[139.260825,35.788723],[139.257987,35.790169],[139.255514,35.78983],[139.253525,35.789949],[139.250785,35.790115]]},"properties":{"route_id":"Ume77Kou","route_title":"梅７７甲 青梅車庫行","pattern_id":"28602","direction_id":"2","stop_count":25,"origin_stop_name":"河辺駅北口","destination_stop_name":"青梅車庫","path_type":"odpt-busstop-order-shape","source_stop_count":25,"solve_stop_count":25,"snap_fallback":true}},{"type":"Feature","id":"shape-Ume77Kou-28603-1","geometry":{"type":"LineString","coordinates":[[139.25796,35.790169],[139.260963,35.788779],[139.263437,35.789265],[139.2655,35.789773],[139.268276,35.790597],[139.270658,35.792021],[139.270553,35.793664],[139.273729,35.794062],[139.276523,35.794487],[139.277836,35.796029],[139.278866,35.79714],[139.281194,35.798379],[139.283251,35.798825],[139.285887,35.799539],[139.287891,35.799235],[139.289256,35.796871],[139.291131,35.79529],[139.291309,35.793875],[139.287173,35.79258],[139.286586,35.790784],[139.286843,35.788047],[139.285057,35.784587]]},"properties":{"route_id":"Ume77Kou","route_title":"梅７７甲 河辺駅北口行","pattern_id":"28603","direction_id":"1","stop_count":22,"origin_stop_name":"青梅駅前","destination_stop_name":"河辺駅北口","path_type":"odpt-busstop-order-shape","source_stop_count":22,"solve_stop_count":22,"snap_fallback":true}},{"type":"Feature","id":"shape-Ume77Kou-28603-2","geometry":{"type":"LineString","coordinates":[[139.285057,35.784587],[139.286601,35.787682],[139.286499,35.790693],[139.286889,35.792609],[139.291522,35.794155],[139.290863,35.795354],[139.289042,35.796986],[139.287773,35.79951],[139.286212,35.799564],[139.283962,35.798851],[139.281336,35.798339],[139.278963,35.797101],[139.277876,35.795903],[139.276506,35.794335],[139.273795,35.793929],[139.270613,35.79367],[139.27085,35.791681],[139.268179,35.79045],[139.265339,35.789637],[139.262788,35.789104],[139.260825,35.788723],[139.257987,35.790169]]},"properties":{"route_id":"Ume77Kou","route_title":"梅７７甲 青梅駅前行","pattern_id":"28603","direction_id":"2","stop_count":22,"origin_stop_name":"河辺駅北口","destination_stop_name":"青梅駅前","path_type":"odpt-busstop-order-shape","source_stop_count":22,"solve_stop_count":22,"snap_fallback":true}},{"type":"Feature","id":"shape-To02Otsu-32201-2","geometry":{"type":"LineString","coordinates":[[139.758503,35.693259],[139.758182,35.694817],[139.757659,35.696741],[139.756482,35.698814],[139.755279,35.701158],[139.754564,35.704586],[139.754084,35.706234],[139.752526,35.708366],[139.748601,35.709163],[139.745491,35.710769],[139.743597,35.712095],[139.740299,35.714401],[139.738718,35.716333],[139.737215,35.717361],[139.735717,35.718305],[139.733872,35.71951],[139.732325,35.720745],[139.727826,35.720257],[139.723929,35.720268],[139.722762,35.72276],[139.719645,35.72546],[139.715999,35.727765],[139.713109,35.729523]]},"properties":{"route_id":"To02Otsu","route_title":"都０２乙 池袋駅東口行","pattern_id":"32201","direction_id":"2","stop_count":23,"origin_stop_name":"一ツ橋","destination_stop_name":"池袋駅東口","path_type":"odpt-busstop-order-shape","source_stop_count":23,"solve_stop_count":23,"snap_fallback":true}},{"type":"Feature","id":"shape-To02Otsu-32202-1","geometry":{"type":"LineString","coordinates":[[139.713206,35.729777],[139.715744,35.728162],[139.719756,35.725644],[139.72322,35.722743],[139.72606,35.719913],[139.728895,35.720844],[139.732648,35.720729],[139.734257,35.719513],[139.735597,35.71873],[139.737208,35.71765],[139.739003,35.7164],[139.740805,35.714253],[139.743551,35.712408],[139.745866,35.710855],[139.748912,35.709197],[139.751933,35.70776],[139.754356,35.706545]]},"properties":{"route_id":"To02Otsu","route_title":"都０２乙 東京ドームシティ行","pattern_id":"32202","direction_id":"1","stop_count":17,"origin_stop_name":"池袋駅東口","destination_stop_name":"東京ドームシティ","path_type":"odpt-busstop-order-shape","source_stop_count":17,"solve_stop_count":17,"snap_fallback":true}},{"type":"Feature","id":"shape-To02Otsu-32202-2","geometry":{"type":"LineString","coordinates":[[139.754084,35.706234],[139.752526,35.708366],[139.748601,35.709163],[139.745491,35.710769],[139.743597,35.712095],[139.740299,35.714401],[139.738718,35.716333],[139.737215,35.717361],[139.735717,35.718305],[139.733872,35.71951],[139.732325,35.720745],[139.727826,35.720257],[139.723929,35.720268],[139.722762,35.72276],[139.719645,35.72546],[139.715999,35.727765],[139.713109,35.729523]]},"properties":{"route_id":"To02Otsu","route_title":"都０２乙 池袋駅東口行","pattern_id":"32202","direction_id":"2","stop_count":17,"origin_stop_name":"東京ドームシティ","destination_stop_name":"池袋駅東口","path_type":"odpt-busstop-order-shape","source_stop_count":17,"solve_stop_count":17,"snap_fallback":true}},{"type":"Feature","id":"shape-T02-32301-1","geometry":{"type":"LineString","coordinates":[[139.729151,35.73095],[139.729887,35.726558],[139.730814,35.724178],[139.732648,35.720729],[139.734257,35.719513],[139.735597,35.71873],[139.737208,35.71765],[139.739003,35.7164],[139.740805,35.714253],[139.743551,35.712408],[139.745866,35.710855],[139.748912,35.709197],[139.752475,35.708579],[139.757401,35.707454],[139.759698,35.707545],[139.764796,35.707504],[139.768288,35.708415],[139.771968,35.708187],[139.775546,35.707807],[139.779188,35.707412],[139.781074,35.707211],[139.784563,35.706835],[139.787619,35.706506],[139.78964,35.706312],[139.792549,35.705575],[139.797046,35.702846],[139.797919,35.70036],[139.80046,35.700475],[139.8041,35.70069],[139.806832,35.700833],[139.810152,35.701048],[139.812222,35.701153],[139.814863,35.700184],[139.814946,35.69933],[139.813922,35.697511]]},"properties":{"route_id":"T02","route_title":"都０２ 錦糸町駅前行","pattern_id":"32301","direction_id":"1","stop_count":35,"origin_stop_name":"大塚駅前","destination_stop_name":"錦糸町駅前","path_type":"odpt-busstop-order-shape","source_stop_count":35,"solve_stop_count":35,"snap_fallback":true}},{"type":"Feature","id":"shape-T02-32301-2","geometry":{"type":"LineString","coordinates":[[139.813687,35.697305],[139.814753,35.699229],[139.81282,35.701005],[139.811155,35.700929],[139.806659,35.700639],[139.804418,35.700521],[139.800747,35.700325],[139.798264,35.700211],[139.796829,35.703008],[139.792277,35.705469],[139.79025,35.706076],[139.78873,35.706218],[139.78566,35.706559],[139.782518,35.706892],[139.779594,35.707179],[139.77543,35.707661],[139.772281,35.707992],[139.769409,35.708194],[139.7645,35.707363],[139.761212,35.707467],[139.756771,35.707208],[139.752526,35.708366],[139.748601,35.709163],[139.745491,35.710769],[139.743597,35.712095],[139.740299,35.714401],[139.738718,35.716333],[139.737215,35.717361],[139.735717,35.718305],[139.733872,35.71951],[139.732325,35.720745],[139.730883,35.723551],[139.72972,35.726566],[139.729023,35.73037]]},"properties":{"route_id":"T02","route_title":"都０２ 大塚駅前行","pattern_id":"32301","direction_id":"2","stop_count":34,"origin_stop_name":"錦糸町駅前","destination_stop_name":"大塚駅前","path_type":"odpt-busstop-order-shape","source_stop_count":34,"solve_stop_count":34,"snap_fallback":true}},{"type":"Feature","id":"shape-T02-32303-2","geometry":{"type":"LineString","coordinates":[[139.796287,35.704236],[139.792277,35.705469],[139.79025,35.706076],[139.78873,35.706218],[139.78566,35.706559],[139.782518,35.706892],[139.779594,35.707179],[139.77543,35.707661],[139.772281,35.707992],[139.769409,35.708194],[139.7645,35.707363],[139.761212,35.707467],[139.756771,35.707208],[139.752526,35.708366],[139.748601,35.709163],[139.745491,35.710769],[139.743597,35.712095],[139.740299,35.714401],[139.738718,35.716333],[139.737215,35.717361],[139.735717,35.718305],[139.733872,35.71951],[139.732325,35.720745],[139.730883,35.723551],[139.72972,35.726566],[139.729023,35.73037]]},"properties":{"route_id":"T02","route_title":"都０２ 大塚駅前行","pattern_id":"32303","direction_id":"2","stop_count":26,"origin_stop_name":"本所一丁目","destination_stop_name":"大塚駅前","path_type":"odpt-busstop-order-shape","source_stop_count":26,"solve_stop_count":26,"snap_fallback":true}},{"type":"Feature","id":"shape-Hata44-48401-1","geometry":{"type":"LineString","coordinates":[[139.804541,35.750226],[139.801504,35.750631],[139.797147,35.750815],[139.793769,35.751416],[139.789536,35.755253],[139.787238,35.75218],[139.78548,35.750008],[139.78013,35.749558],[139.777139,35.749522],[139.775415,35.749495],[139.772924,35.749442],[139.769838,35.748387],[139.769678,35.746484],[139.769465,35.745353],[139.769147,35.743067],[139.767812,35.739046],[139.765702,35.738825],[139.763807,35.738015],[139.760209,35.738217],[139.759341,35.735296],[139.758422,35.731863],[139.757457,35.729911]]},"properties":{"route_id":"Hata44","route_title":"端４４ 駒込病院前行","pattern_id":"48401","direction_id":"1","stop_count":22,"origin_stop_name":"北千住駅前","destination_stop_name":"駒込病院前","path_type":"odpt-busstop-order-shape","source_stop_count":22,"solve_stop_count":22,"snap_fallback":true}},{"type":"Feature","id":"shape-Hata44-48401-2","geometry":{"type":"LineString","coordinates":[[139.757441,35.730312],[139.758149,35.731743],[139.75932,35.735869],[139.760534,35.738643],[139.764257,35.738275],[139.766351,35.739115],[139.768593,35.739659],[139.768823,35.74215],[139.769198,35.745359],[139.769523,35.748292],[139.771813,35.749496],[139.77488,35.749556],[139.77748,35.749588],[139.779688,35.749625],[139.784257,35.749691],[139.786294,35.751175],[139.789647,35.755517],[139.794163,35.751098],[139.796381,35.750887],[139.799382,35.750958],[139.804541,35.750226]]},"properties":{"route_id":"Hata44","route_title":"端４４ 北千住駅前行","pattern_id":"48401","direction_id":"2","stop_count":21,"origin_stop_name":"駒込病院前","destination_stop_name":"北千住駅前","path_type":"odpt-busstop-order-shape","source_stop_count":21,"solve_stop_count":21,"snap_fallback":true}},{"type":"Feature","id":"shape-Ii64-16002-2","geometry":{"type":"LineString","coordinates":[[139.704128,35.713674],[139.69966,35.712277],[139.696986,35.711522],[139.694804,35.709993],[139.693088,35.710132]]},"properties":{"route_id":"Ii64","route_title":"飯６４ 小滝橋車庫前行","pattern_id":"16002","direction_id":"2","stop_count":5,"origin_stop_name":"高田馬場駅前","destination_stop_name":"小滝橋車庫前","path_type":"odpt-busstop-order-shape","source_stop_count":5,"solve_stop_count":5,"snap_fallback":true}},{"type":"Feature","id":"shape-T08-52401-2","geometry":{"type":"LineString","coordinates":[[139.813495,35.697298],[139.814753,35.699229],[139.814537,35.701775],[139.81436,35.703867],[139.814109,35.7064],[139.813713,35.708356],[139.8091,35.708725],[139.805122,35.708524],[139.801421,35.708815],[139.797657,35.71137],[139.798187,35.714484],[139.796968,35.716116],[139.794623,35.716725],[139.792552,35.71793],[139.791598,35.720329],[139.790886,35.724205],[139.788094,35.724643],[139.786499,35.725021],[139.782451,35.728064],[139.779516,35.728537],[139.775565,35.728561],[139.771495,35.728375]]},"properties":{"route_id":"T08","route_title":"都０８（Ｔ０８） 日暮里駅前行","pattern_id":"52401","direction_id":"2","stop_count":22,"origin_stop_name":"錦糸町駅前","destination_stop_name":"日暮里駅前","path_type":"odpt-busstop-order-shape","source_stop_count":22,"solve_stop_count":22,"snap_fallback":true}},{"type":"Feature","id":"shape-Ii64-16202-2","geometry":{"type":"LineString","coordinates":[[139.704128,35.713674],[139.69966,35.712277],[139.696986,35.711522],[139.694804,35.709993],[139.693088,35.710132]]},"properties":{"route_id":"Ii64","route_title":"飯６４ 小滝橋車庫前行","pattern_id":"16202","direction_id":"2","stop_count":5,"origin_stop_name":"高田馬場駅前","destination_stop_name":"小滝橋車庫前","path_type":"odpt-busstop-order-shape","source_stop_count":5,"solve_stop_count":5,"snap_fallback":true}},{"type":"Feature","id":"shape-Ii62-16301-2","geometry":{"type":"LineString","coordinates":[[139.746822,35.703932],[139.743812,35.702642],[139.741688,35.703156],[139.737564,35.701599],[139.732428,35.699541],[139.729434,35.699133],[139.726735,35.699324],[139.721507,35.69992],[139.717788,35.701165],[139.715482,35.701201],[139.712099,35.701261],[139.709293,35.700722],[139.704755,35.701104],[139.69975,35.701452],[139.69632,35.701695],[139.694237,35.706201],[139.693088,35.710132]]},"properties":{"route_id":"Ii62","route_title":"飯６２ 小滝橋車庫前行","pattern_id":"16301","direction_id":"2","stop_count":17,"origin_stop_name":"都営飯田橋駅前","destination_stop_name":"小滝橋車庫前","path_type":"odpt-busstop-order-shape","source_stop_count":17,"solve_stop_count":17,"snap_fallback":true}},{"type":"Feature","id":"shape-Hashi63-16401-1","geometry":{"type":"LineString","coordinates":[[139.693251,35.710259],[139.694436,35.707261],[139.696261,35.701833],[139.699583,35.701574],[139.704627,35.701215],[139.706914,35.701029],[139.70995,35.700885],[139.712654,35.701462],[139.715769,35.701257],[139.71871,35.701022],[139.7204,35.700434],[139.725209,35.699545],[139.728998,35.699341],[139.732508,35.699685],[139.734042,35.697961],[139.736687,35.695185],[139.735804,35.69053],[139.736197,35.687514],[139.738223,35.683526],[139.73832,35.68104],[139.742469,35.677719],[139.744603,35.677804],[139.748669,35.673899],[139.751837,35.672624],[139.755797,35.669778],[139.758467,35.667094]]},"properties":{"route_id":"Hashi63","route_title":"橋６３ 新橋駅前行","pattern_id":"16401","direction_id":"1","stop_count":26,"origin_stop_name":"小滝橋車庫前","destination_stop_name":"新橋駅前","path_type":"odpt-busstop-order-shape","source_stop_count":26,"solve_stop_count":26,"snap_fallback":true}},{"type":"Feature","id":"shape-Ike86-20005-3","geometry":{"type":"LineString","coordinates":[[139.713017,35.729609],[139.711637,35.725926],[139.711705,35.723651],[139.712906,35.720883],[139.712223,35.715871],[139.709921,35.710806],[139.709138,35.707734],[139.708851,35.705625],[139.708625,35.703829],[139.708182,35.701422],[139.707518,35.697287],[139.707145,35.695465],[139.705432,35.691599],[139.703811,35.689109],[139.703242,35.686828],[139.704691,35.681918],[139.7049,35.679337],[139.706851,35.675218],[139.707096,35.67066],[139.705817,35.668909],[139.703473,35.665745],[139.700915,35.662694],[139.700834,35.660016],[139.702217,35.660295],[139.702156,35.664052],[139.703172,35.665678],[139.704938,35.668003],[139.707331,35.671184],[139.706656,35.675143],[139.704619,35.679394],[139.704465,35.68283],[139.703151,35.686473],[139.703648,35.689233],[139.705281,35.691726],[139.706831,35.69566],[139.707198,35.697191],[139.708036,35.701684],[139.708449,35.703964],[139.708727,35.7064],[139.709169,35.709029],[139.710071,35.712013],[139.712043,35.715992],[139.712726,35.720833],[139.711676,35.723314],[139.71238,35.727313],[139.713109,35.729523]]},"properties":{"route_id":"Ike86","route_title":"池８６ 池袋駅東口行","pattern_id":"20005","direction_id":"3","stop_count":46,"origin_stop_name":"池袋駅東口","destination_stop_name":"池袋駅東口","path_type":"odpt-busstop-order-shape","source_stop_count":46,"solve_stop_count":46,"snap_fallback":true}},{"type":"Feature","id":"shape-Ike86-20006-3","geometry":{"type":"LineString","coordinates":[[139.72111,35.728778],[139.715999,35.727765],[139.713017,35.729609],[139.711637,35.725926],[139.711705,35.723651],[139.712906,35.720883],[139.712223,35.715871],[139.709921,35.710806],[139.709138,35.707734],[139.708851,35.705625],[139.708625,35.703829],[139.708182,35.701422],[139.707518,35.697287],[139.707145,35.695465],[139.705432,35.691599],[139.703811,35.689109],[139.703242,35.686828],[139.704691,35.681918],[139.7049,35.679337],[139.706851,35.675218],[139.707096,35.67066],[139.705817,35.668909],[139.703473,35.665745],[139.700915,35.662694],[139.700834,35.660016],[139.702217,35.660295],[139.702156,35.664052],[139.703172,35.665678],[139.704938,35.668003],[139.707331,35.671184],[139.706656,35.675143],[139.704619,35.679394],[139.704465,35.68283],[139.703151,35.686473],[139.703648,35.689233],[139.705281,35.691726],[139.706831,35.69566],[139.707198,35.697191],[139.708036,35.701684],[139.708449,35.703964],[139.708727,35.7064],[139.709169,35.709029],[139.710071,35.712013],[139.712043,35.715992],[139.712726,35.720833],[139.711676,35.723314],[139.711443,35.725907],[139.71202,35.72909],[139.715744,35.728162],[139.720082,35.728088]]},"properties":{"route_id":"Ike86","route_title":"池８６ 池袋サンシャインシティ行","pattern_id":"20006","direction_id":"3","stop_count":50,"origin_stop_name":"池袋サンシャインシティ","destination_stop_name":"池袋サンシャインシティ","path_type":"odpt-busstop-order-shape","source_stop_count":50,"solve_stop_count":50,"snap_fallback":true}},{"type":"Feature","id":"shape-Ike86-20007-3","geometry":{"type":"LineString","coordinates":[[139.72111,35.728778],[139.715999,35.727765],[139.713017,35.729609],[139.711637,35.725926],[139.711705,35.723651],[139.712906,35.720883],[139.712223,35.715871],[139.709921,35.710806],[139.709138,35.707734],[139.708851,35.705625],[139.708625,35.703829],[139.708182,35.701422],[139.707518,35.697287],[139.707145,35.695465],[139.705432,35.691599],[139.703811,35.689109],[139.703242,35.686828],[139.704691,35.681918],[139.7049,35.679337],[139.706851,35.675218],[139.707096,35.67066],[139.705817,35.668909],[139.703473,35.665745],[139.700915,35.662694],[139.700834,35.660016],[139.702217,35.660295],[139.702156,35.664052],[139.703172,35.665678],[139.704938,35.668003],[139.707331,35.671184],[139.706656,35.675143],[139.704619,35.679394],[139.704465,35.68283],[139.703151,35.686473],[139.703648,35.689233],[139.705281,35.691726],[139.706831,35.69566],[139.707198,35.697191],[139.708036,35.701684],[139.708449,35.703964],[139.708727,35.7064],[139.709169,35.709029],[139.710071,35.712013],[139.712043,35.715992],[139.712726,35.720833],[139.711676,35.723314],[139.71238,35.727313],[139.713109,35.729523]]},"properties":{"route_id":"Ike86","route_title":"池８６ 池袋駅東口行","pattern_id":"20007","direction_id":"3","stop_count":48,"origin_stop_name":"池袋サンシャインシティ","destination_stop_name":"池袋駅東口","path_type":"odpt-busstop-order-shape","source_stop_count":48,"solve_stop_count":48,"snap_fallback":true}},{"type":"Feature","id":"shape-Ike86-20008-3","geometry":{"type":"LineString","coordinates":[[139.713017,35.729609],[139.711637,35.725926],[139.711705,35.723651],[139.712906,35.720883],[139.712223,35.715871],[139.709921,35.710806],[139.709138,35.707734],[139.708851,35.705625],[139.708625,35.703829],[139.708182,35.701422],[139.707518,35.697287],[139.707145,35.695465],[139.705432,35.691599],[139.703811,35.689109],[139.703242,35.686828],[139.704691,35.681918],[139.7049,35.679337],[139.706851,35.675218],[139.707096,35.67066],[139.705817,35.668909],[139.703473,35.665745],[139.700915,35.662694],[139.700834,35.660016],[139.702217,35.660295],[139.702156,35.664052],[139.703172,35.665678],[139.704938,35.668003],[139.707331,35.671184],[139.706656,35.675143],[139.704619,35.679394],[139.704465,35.68283],[139.703151,35.686473],[139.703648,35.689233],[139.705281,35.691726],[139.706831,35.69566],[139.707198,35.697191],[139.708036,35.701684],[139.708449,35.703964],[139.708727,35.7064],[139.709169,35.709029],[139.710071,35.712013],[139.712043,35.715992],[139.712726,35.720833],[139.711676,35.723314],[139.711443,35.725907],[139.71202,35.72909],[139.715744,35.728162],[139.720082,35.728088]]},"properties":{"route_id":"Ike86","route_title":"池８６ 池袋サンシャインシティ行","pattern_id":"20008","direction_id":"3","stop_count":48,"origin_stop_name":"池袋駅東口","destination_stop_name":"池袋サンシャインシティ","path_type":"odpt-busstop-order-shape","source_stop_count":48,"solve_stop_count":48,"snap_fallback":true}},{"type":"Feature","id":"shape-Mon33-60304-1","geometry":{"type":"LineString","coordinates":[[139.825077,35.698032],[139.825317,35.702253],[139.825351,35.705078],[139.820013,35.707225],[139.817247,35.708082],[139.812051,35.708873],[139.8091,35.708725],[139.802965,35.708414],[139.800245,35.707943],[139.798284,35.70673],[139.797046,35.702846],[139.797303,35.69965],[139.79757,35.696474],[139.797814,35.693911],[139.798096,35.690744],[139.79839,35.687618],[139.798574,35.68513],[139.798834,35.682577],[139.799118,35.680319],[139.798684,35.678894],[139.796991,35.676814],[139.796335,35.675528],[139.795978,35.673882],[139.794775,35.672039],[139.792269,35.669887],[139.786043,35.665177],[139.782204,35.662342],[139.780006,35.660813],[139.77709,35.658767],[139.775415,35.657631],[139.773291,35.656155],[139.771791,35.655172],[139.769529,35.653659]]},"properties":{"route_id":"Mon33","route_title":"門３３ 豊海水産埠頭行","pattern_id":"60304","direction_id":"1","stop_count":33,"origin_stop_name":"亀戸駅前","destination_stop_name":"豊海水産埠頭","path_type":"odpt-busstop-order-shape","source_stop_count":33,"solve_stop_count":33,"snap_fallback":true}},{"type":"Feature","id":"shape-Mon33-60304-2","geometry":{"type":"LineString","coordinates":[[139.769399,35.653795],[139.771121,35.655004],[139.772743,35.656117],[139.775707,35.658115],[139.778029,35.659714],[139.781815,35.662395],[139.785872,35.665343],[139.791413,35.669547],[139.795738,35.673969],[139.796667,35.676728],[139.798262,35.6787],[139.798818,35.680933],[139.798629,35.682424],[139.798273,35.6859],[139.798093,35.688703],[139.797916,35.690731],[139.797609,35.693792],[139.797274,35.6975],[139.797084,35.699672],[139.796829,35.703008],[139.798097,35.706844],[139.800767,35.708285],[139.802973,35.708631],[139.809198,35.708942],[139.812907,35.709137],[139.817434,35.708166],[139.819899,35.707425],[139.825882,35.704383],[139.825565,35.702463],[139.825403,35.697773]]},"properties":{"route_id":"Mon33","route_title":"門３３ 亀戸駅前行","pattern_id":"60304","direction_id":"2","stop_count":30,"origin_stop_name":"豊海水産埠頭","destination_stop_name":"亀戸駅前","path_type":"odpt-busstop-order-shape","source_stop_count":30,"solve_stop_count":30,"snap_fallback":true}},{"type":"Feature","id":"shape-Ou78-24101-1","geometry":{"type":"LineString","coordinates":[[139.698543,35.692266],[139.692215,35.694523],[139.689338,35.695394],[139.68172,35.697042],[139.679505,35.697273],[139.67501,35.697565],[139.671725,35.697453],[139.669335,35.697367],[139.665822,35.697289],[139.663219,35.697326],[139.660197,35.69758],[139.657455,35.697945],[139.654499,35.698516],[139.65456,35.700478],[139.65459,35.701847],[139.654363,35.706719],[139.653729,35.712543],[139.653628,35.716101],[139.653598,35.721418],[139.653736,35.725797],[139.656586,35.729689],[139.658411,35.731269],[139.664204,35.736508],[139.669376,35.741718],[139.672795,35.744179],[139.675651,35.746218],[139.678422,35.748229],[139.681935,35.7508],[139.685865,35.753628],[139.690057,35.756534],[139.695556,35.758836],[139.70062,35.760128],[139.708386,35.762052],[139.710066,35.762556],[139.712491,35.76335],[139.715368,35.764166],[139.718624,35.765058],[139.720323,35.765863],[139.722803,35.766566],[139.728602,35.768038],[139.731014,35.768666],[139.734752,35.768589],[139.735878,35.765162],[139.736889,35.762757],[139.737592,35.758386],[139.737383,35.755767],[139.737343,35.753907]]},"properties":{"route_id":"Ou78","route_title":"王７８ 王子駅前行","pattern_id":"24101","direction_id":"1","stop_count":47,"origin_stop_name":"新宿駅西口","destination_stop_name":"王子駅前","path_type":"odpt-busstop-order-shape","source_stop_count":47,"solve_stop_count":47,"snap_fallback":true}},{"type":"Feature","id":"shape-Ou78-24101-2","geometry":{"type":"LineString","coordinates":[[139.737343,35.753907],[139.737153,35.755673],[139.7374,35.759607],[139.73705,35.761969],[139.735649,35.765019],[139.734652,35.768055],[139.730733,35.7684],[139.728064,35.767647],[139.723515,35.766425],[139.719998,35.765458],[139.718709,35.764875],[139.71508,35.763806],[139.712666,35.763142],[139.710141,35.7624],[139.708689,35.761958],[139.699967,35.759839],[139.694281,35.758331],[139.690337,35.756404],[139.685338,35.752987],[139.682435,35.750898],[139.678559,35.748115],[139.675651,35.746049],[139.671998,35.74336],[139.669412,35.741535],[139.664471,35.736277],[139.658438,35.731019],[139.656589,35.729431],[139.65397,35.725731],[139.653911,35.721165],[139.653873,35.71689],[139.654009,35.712374],[139.654938,35.704906],[139.654953,35.701867],[139.654904,35.700453],[139.654853,35.698459],[139.657531,35.698084],[139.659205,35.697894],[139.66206,35.697521],[139.664105,35.697511],[139.668455,35.697539],[139.671813,35.697638],[139.67475,35.697739],[139.67858,35.697562],[139.681719,35.697214],[139.689228,35.695664],[139.694555,35.693942],[139.698543,35.692266]]},"properties":{"route_id":"Ou78","route_title":"王７８ 新宿駅西口行","pattern_id":"24101","direction_id":"2","stop_count":47,"origin_stop_name":"王子駅前","destination_stop_name":"新宿駅西口","path_type":"odpt-busstop-order-shape","source_stop_count":47,"solve_stop_count":47,"snap_fallback":true}},{"type":"Feature","id":"shape-Ou78-24102-1","geometry":{"type":"LineString","coordinates":[[139.708689,35.761958],[139.699967,35.759839],[139.694281,35.758331],[139.690337,35.756404],[139.685338,35.752987],[139.682435,35.750898],[139.678559,35.748115],[139.675651,35.746049],[139.671998,35.74336],[139.669412,35.741535],[139.664471,35.736277],[139.658438,35.731019],[139.656589,35.729431],[139.65397,35.725731],[139.653911,35.721165],[139.653873,35.71689],[139.654009,35.712374],[139.654938,35.704906],[139.654953,35.701867],[139.654904,35.700453],[139.654853,35.698459],[139.657531,35.698084],[139.659205,35.697894],[139.66206,35.697521],[139.664105,35.697511],[139.668455,35.697539],[139.671813,35.697638],[139.67475,35.697739],[139.67858,35.697562],[139.681719,35.697214],[139.689228,35.695664],[139.694555,35.693942],[139.698543,35.692266]]},"properties":{"route_id":"Ou78","route_title":"王７８ 新宿駅西口行","pattern_id":"24102","direction_id":"1","stop_count":33,"origin_stop_name":"大和町","destination_stop_name":"新宿駅西口","path_type":"odpt-busstop-order-shape","source_stop_count":33,"solve_stop_count":33,"snap_fallback":true}},{"type":"Feature","id":"shape-Ou78-24103-1","geometry":{"type":"LineString","coordinates":[[139.652123,35.698046],[139.654499,35.698516],[139.65456,35.700478],[139.65459,35.701847],[139.654363,35.706719],[139.653729,35.712543],[139.653628,35.716101],[139.653598,35.721418],[139.653736,35.725797],[139.656586,35.729689],[139.658411,35.731269],[139.664204,35.736508],[139.669376,35.741718],[139.672795,35.744179],[139.675651,35.746218],[139.678422,35.748229],[139.681935,35.7508],[139.685865,35.753628],[139.690057,35.756534],[139.695556,35.758836],[139.70062,35.760128],[139.708386,35.762052],[139.710066,35.762556],[139.712491,35.76335],[139.715368,35.764166],[139.718624,35.765058],[139.720323,35.765863],[139.722803,35.766566],[139.728602,35.768038],[139.731014,35.768666],[139.734752,35.768589],[139.735878,35.765162],[139.736889,35.762757],[139.737592,35.758386],[139.737383,35.755767],[139.737343,35.753907]]},"properties":{"route_id":"Ou78","route_title":"王７８ 王子駅前行","pattern_id":"24103","direction_id":"1","stop_count":36,"origin_stop_name":"杉並車庫前","destination_stop_name":"王子駅前","path_type":"odpt-busstop-order-shape","source_stop_count":36,"solve_stop_count":36,"snap_fallback":true}},{"type":"Feature","id":"shape-Ou78-24103-2","geometry":{"type":"LineString","coordinates":[[139.737343,35.753907],[139.737153,35.755673],[139.7374,35.759607],[139.73705,35.761969],[139.735649,35.765019],[139.734652,35.768055],[139.730733,35.7684],[139.728064,35.767647],[139.723515,35.766425],[139.719998,35.765458],[139.718709,35.764875],[139.71508,35.763806],[139.712666,35.763142],[139.710141,35.7624],[139.708689,35.761958],[139.699967,35.759839],[139.694281,35.758331],[139.690337,35.756404],[139.685338,35.752987],[139.682435,35.750898],[139.678559,35.748115],[139.675651,35.746049],[139.671998,35.74336],[139.669412,35.741535],[139.664471,35.736277],[139.658438,35.731019],[139.656589,35.729431],[139.65397,35.725731],[139.653911,35.721165],[139.653873,35.71689],[139.654009,35.712374],[139.654938,35.704906],[139.654953,35.701867],[139.654904,35.700453],[139.653546,35.697875],[139.651828,35.697855]]},"properties":{"route_id":"Ou78","route_title":"王７８ 杉並車庫前行","pattern_id":"24103","direction_id":"2","stop_count":36,"origin_stop_name":"王子駅前","destination_stop_name":"杉並車庫前","path_type":"odpt-busstop-order-shape","source_stop_count":36,"solve_stop_count":36,"snap_fallback":true}},{"type":"Feature","id":"shape-Shina99-4506-2","geometry":{"type":"LineString","coordinates":[[139.755719,35.627938],[139.750833,35.631242],[139.748164,35.6314],[139.741331,35.629481]]},"properties":{"route_id":"Shina99","route_title":"品９９ 品川駅港南口行","pattern_id":"4506","direction_id":"2","stop_count":4,"origin_stop_name":"東京出入国在留管理局前","destination_stop_name":"品川駅港南口","path_type":"odpt-busstop-order-shape","source_stop_count":4,"solve_stop_count":4,"snap_fallback":true}},{"type":"Feature","id":"shape-Ou78-24104-1","geometry":{"type":"LineString","coordinates":[[139.652123,35.698046],[139.654499,35.698516],[139.65456,35.700478],[139.65459,35.701847],[139.654363,35.706719],[139.653729,35.712543],[139.653628,35.716101],[139.653598,35.721418],[139.653736,35.725797],[139.656586,35.729689],[139.658411,35.731269],[139.664204,35.736508],[139.669376,35.741718],[139.672795,35.744179],[139.675651,35.746218],[139.678422,35.748229],[139.681935,35.7508],[139.685865,35.753628],[139.690057,35.756534],[139.695556,35.758836],[139.70062,35.760128],[139.708386,35.762052]]},"properties":{"route_id":"Ou78","route_title":"王７８ 大和町行","pattern_id":"24104","direction_id":"1","stop_count":22,"origin_stop_name":"杉並車庫前","destination_stop_name":"大和町","path_type":"odpt-busstop-order-shape","source_stop_count":22,"solve_stop_count":22,"snap_fallback":true}},{"type":"Feature","id":"shape-Nishiki11-65201-1","geometry":{"type":"LineString","coordinates":[[139.815258,35.694996],[139.815312,35.694386],[139.815557,35.691907],[139.814925,35.688883],[139.812325,35.688726],[139.80791,35.688417],[139.805539,35.688294],[139.802574,35.688143],[139.799042,35.687951],[139.794758,35.687879],[139.789857,35.686271],[139.78748,35.685121],[139.783701,35.683294],[139.780862,35.682337],[139.77869,35.681242],[139.776531,35.677904],[139.774718,35.67504],[139.773843,35.672119],[139.772479,35.669727],[139.770666,35.668094]]},"properties":{"route_id":"Nishiki11","route_title":"錦１１ 築地駅前行","pattern_id":"65201","direction_id":"1","stop_count":20,"origin_stop_name":"錦糸町駅前","destination_stop_name":"築地駅前","path_type":"odpt-busstop-order-shape","source_stop_count":20,"solve_stop_count":20,"snap_fallback":true}},{"type":"Feature","id":"shape-Shibu88-8208-2","geometry":{"type":"LineString","coordinates":[[139.744796,35.662501],[139.743701,35.661172],[139.739968,35.66025],[139.735517,35.66185],[139.731141,35.662521],[139.72703,35.660692],[139.724627,35.659856],[139.720376,35.659204],[139.715337,35.660699],[139.709503,35.662214],[139.707382,35.660858],[139.702601,35.658527]]},"properties":{"route_id":"Shibu88","route_title":"渋８８ 渋谷駅前行","pattern_id":"8208","direction_id":"2","stop_count":12,"origin_stop_name":"神谷町駅前","destination_stop_name":"渋谷駅前","path_type":"odpt-busstop-order-shape","source_stop_count":12,"solve_stop_count":12,"snap_fallback":true}},{"type":"Feature","id":"shape-Shuku91-24302-2","geometry":{"type":"LineString","coordinates":[[139.69895,35.692235],[139.692215,35.694523],[139.689338,35.695394],[139.68172,35.697042],[139.679505,35.697273],[139.67501,35.697565],[139.671725,35.697453],[139.669335,35.697367],[139.665822,35.697289],[139.663219,35.697326],[139.660197,35.69758],[139.657455,35.697945],[139.654789,35.697457],[139.654485,35.695467],[139.654799,35.691263],[139.655137,35.689644],[139.656057,35.686882],[139.657077,35.682446],[139.657241,35.679738],[139.659177,35.675592],[139.661418,35.671217],[139.661558,35.66922],[139.660891,35.665393],[139.660571,35.663565]]},"properties":{"route_id":"Shuku91","route_title":"宿９１ 新代田駅前行","pattern_id":"24302","direction_id":"2","stop_count":24,"origin_stop_name":"新宿駅西口","destination_stop_name":"新代田駅前","path_type":"odpt-busstop-order-shape","source_stop_count":24,"solve_stop_count":24,"snap_fallback":true}},{"type":"Feature","id":"shape-Ume76Kou-28301-1","geometry":{"type":"LineString","coordinates":[[139.243235,35.789827],[139.244939,35.79024],[139.246974,35.790529],[139.250877,35.790174],[139.253267,35.790033],[139.255373,35.789953],[139.25796,35.790169],[139.260963,35.788779],[139.263437,35.789265],[139.2655,35.789773],[139.268276,35.790597],[139.2705,35.789712],[139.272229,35.78965],[139.274549,35.788372],[139.275233,35.790029],[139.271968,35.790888],[139.270658,35.792021],[139.270553,35.793664],[139.267837,35.797547],[139.265437,35.800546],[139.265233,35.802376],[139.265056,35.805168],[139.259402,35.809858],[139.254058,35.813307],[139.245237,35.819059],[139.248322,35.823152],[139.245429,35.825436],[139.242656,35.827611],[139.237465,35.830004],[139.230244,35.83152],[139.224557,35.833085],[139.217299,35.836834],[139.215214,35.839669],[139.209189,35.83567],[139.202826,35.836981]]},"properties":{"route_id":"Ume76Kou","route_title":"梅７６甲 上成木行","pattern_id":"28301","direction_id":"1","stop_count":35,"origin_stop_name":"裏宿町","destination_stop_name":"上成木","path_type":"odpt-busstop-order-shape","source_stop_count":35,"solve_stop_count":35,"snap_fallback":true}},{"type":"Feature","id":"shape-Ume76Kou-28301-2","geometry":{"type":"LineString","coordinates":[[139.202826,35.836981],[139.209213,35.835785],[139.215226,35.839711],[139.217368,35.836888],[139.224518,35.833194],[139.230288,35.831769],[139.237737,35.830059],[139.242732,35.827695],[139.245555,35.825442],[139.248209,35.82378],[139.245282,35.819004],[139.253717,35.813428],[139.25932,35.810304],[139.265135,35.805121],[139.265247,35.802106],[139.26561,35.80041],[139.267941,35.797555],[139.270613,35.79367],[139.27085,35.791681],[139.271896,35.79099],[139.275135,35.790136],[139.274563,35.788318],[139.27228,35.789648],[139.270606,35.7896],[139.268179,35.79045],[139.265339,35.789637],[139.262788,35.789104],[139.260825,35.788723],[139.257987,35.790169],[139.255514,35.78983],[139.253525,35.789949],[139.250785,35.790115],[139.247396,35.790475],[139.245364,35.79019],[139.243155,35.789814]]},"properties":{"route_id":"Ume76Kou","route_title":"梅７６甲 裏宿町行","pattern_id":"28301","direction_id":"2","stop_count":35,"origin_stop_name":"上成木","destination_stop_name":"裏宿町","path_type":"odpt-busstop-order-shape","source_stop_count":35,"solve_stop_count":35,"snap_fallback":true}},{"type":"Feature","id":"shape-Ume76Kou-28302-1","geometry":{"type":"LineString","coordinates":[[139.243235,35.789827],[139.244939,35.79024],[139.246974,35.790529],[139.250877,35.790174],[139.253267,35.790033],[139.255373,35.789953],[139.25796,35.790169],[139.260963,35.788779],[139.263437,35.789265],[139.2655,35.789773],[139.268276,35.790597],[139.2705,35.789712],[139.272229,35.78965],[139.274549,35.788372],[139.275233,35.790029],[139.271968,35.790888],[139.270658,35.792021],[139.270553,35.793664],[139.267837,35.797547],[139.265437,35.800546],[139.265233,35.802376],[139.265056,35.805168],[139.259402,35.809858],[139.254058,35.813307],[139.242125,35.818551],[139.237546,35.818458],[139.230436,35.821503],[139.238062,35.818624],[139.242771,35.818546],[139.245237,35.819059],[139.248322,35.823152],[139.245429,35.825436],[139.242656,35.827611],[139.237465,35.830004],[139.230244,35.83152],[139.224557,35.833085],[139.217299,35.836834],[139.215214,35.839669],[139.209189,35.83567],[139.202826,35.836981]]},"properties":{"route_id":"Ume76Kou","route_title":"梅７６甲 上成木行","pattern_id":"28302","direction_id":"1","stop_count":40,"origin_stop_name":"裏宿町","destination_stop_name":"上成木","path_type":"odpt-busstop-order-shape","source_stop_count":40,"solve_stop_count":40,"snap_fallback":true}},{"type":"Feature","id":"shape-Ume76Kou-28302-2","geometry":{"type":"LineString","coordinates":[[139.202826,35.836981],[139.209213,35.835785],[139.215226,35.839711],[139.217368,35.836888],[139.224518,35.833194],[139.230288,35.831769],[139.237737,35.830059],[139.242732,35.827695],[139.245555,35.825442],[139.248209,35.82378],[139.245282,35.819004],[139.242125,35.818551],[139.237546,35.818458],[139.230436,35.821503],[139.238062,35.818624],[139.242771,35.818546],[139.253717,35.813428],[139.25932,35.810304],[139.265135,35.805121],[139.265247,35.802106],[139.26561,35.80041],[139.267941,35.797555],[139.270613,35.79367],[139.27085,35.791681],[139.271896,35.79099],[139.275135,35.790136],[139.274563,35.788318],[139.27228,35.789648],[139.270606,35.7896],[139.268179,35.79045],[139.265339,35.789637],[139.262788,35.789104],[139.260825,35.788723],[139.257987,35.790169],[139.255514,35.78983],[139.253525,35.789949],[139.250785,35.790115],[139.247396,35.790475],[139.245364,35.79019],[139.243155,35.789814]]},"properties":{"route_id":"Ume76Kou","route_title":"梅７６甲 裏宿町行","pattern_id":"28302","direction_id":"2","stop_count":40,"origin_stop_name":"上成木","destination_stop_name":"裏宿町","path_type":"odpt-busstop-order-shape","source_stop_count":40,"solve_stop_count":40,"snap_fallback":true}},{"type":"Feature","id":"shape-Ume76Kou-28303-2","geometry":{"type":"LineString","coordinates":[[139.202826,35.836981],[139.209213,35.835785],[139.215226,35.839711],[139.217368,35.836888],[139.224518,35.833194],[139.230288,35.831769],[139.237737,35.830059],[139.242732,35.827695],[139.245555,35.825442],[139.248209,35.82378],[139.245282,35.819004],[139.253717,35.813428],[139.25932,35.810304],[139.265135,35.805121],[139.265247,35.802106],[139.26561,35.80041],[139.267941,35.797555],[139.270613,35.79367],[139.27085,35.791681],[139.271896,35.79099],[139.275135,35.790136],[139.274563,35.788318],[139.27228,35.789648],[139.270606,35.7896],[139.268179,35.79045],[139.265339,35.789637],[139.262788,35.789104],[139.260825,35.788723],[139.257987,35.790169]]},"properties":{"route_id":"Ume76Kou","route_title":"梅７６甲 青梅駅前行","pattern_id":"28303","direction_id":"2","stop_count":29,"origin_stop_name":"上成木","destination_stop_name":"青梅駅前","path_type":"odpt-busstop-order-shape","source_stop_count":29,"solve_stop_count":29,"snap_fallback":true}},{"type":"Feature","id":"shape-Ume76Kou-28304-1","geometry":{"type":"LineString","coordinates":[[139.25796,35.790169],[139.260963,35.788779],[139.263437,35.789265],[139.2655,35.789773],[139.268276,35.790597],[139.2705,35.789712],[139.272229,35.78965],[139.274549,35.788372],[139.275233,35.790029],[139.271968,35.790888],[139.270658,35.792021],[139.270553,35.793664],[139.267837,35.797547],[139.265437,35.800546],[139.265233,35.802376],[139.265056,35.805168],[139.259402,35.809858],[139.254058,35.813307],[139.242125,35.818551],[139.237546,35.818458],[139.230436,35.821503],[139.238062,35.818624],[139.242771,35.818546],[139.245237,35.819059],[139.248322,35.823152],[139.245429,35.825436],[139.242656,35.827611],[139.237465,35.830004],[139.230244,35.83152],[139.224557,35.833085],[139.217299,35.836834],[139.215214,35.839669],[139.209189,35.83567],[139.202826,35.836981]]},"properties":{"route_id":"Ume76Kou","route_title":"梅７６甲 上成木行","pattern_id":"28304","direction_id":"1","stop_count":34,"origin_stop_name":"青梅駅前","destination_stop_name":"上成木","path_type":"odpt-busstop-order-shape","source_stop_count":34,"solve_stop_count":34,"snap_fallback":true}},{"type":"Feature","id":"shape-Ume76Kou-28304-2","geometry":{"type":"LineString","coordinates":[[139.202826,35.836981],[139.209213,35.835785],[139.215226,35.839711],[139.217368,35.836888],[139.224518,35.833194],[139.230288,35.831769],[139.237737,35.830059],[139.242732,35.827695],[139.245555,35.825442],[139.248209,35.82378],[139.245282,35.819004],[139.242125,35.818551],[139.237546,35.818458],[139.230436,35.821503],[139.238062,35.818624],[139.242771,35.818546],[139.253717,35.813428],[139.25932,35.810304],[139.265135,35.805121],[139.265247,35.802106],[139.26561,35.80041],[139.267941,35.797555],[139.270613,35.79367],[139.27085,35.791681],[139.271896,35.79099],[139.275135,35.790136],[139.274563,35.788318],[139.27228,35.789648],[139.270606,35.7896],[139.268179,35.79045],[139.265339,35.789637],[139.262788,35.789104],[139.260825,35.788723],[139.257987,35.790169]]},"properties":{"route_id":"Ume76Kou","route_title":"梅７６甲 青梅駅前行","pattern_id":"28304","direction_id":"2","stop_count":34,"origin_stop_name":"上成木","destination_stop_name":"青梅駅前","path_type":"odpt-busstop-order-shape","source_stop_count":34,"solve_stop_count":34,"snap_fallback":true}},{"type":"Feature","id":"shape-Ume77Kou-28604-1","geometry":{"type":"LineString","coordinates":[[139.243235,35.789827],[139.244939,35.79024],[139.246974,35.790529],[139.250877,35.790174],[139.253267,35.790033],[139.255373,35.789953],[139.25796,35.790169]]},"properties":{"route_id":"Ume77Kou","route_title":"梅７７甲 青梅駅前行","pattern_id":"28604","direction_id":"1","stop_count":7,"origin_stop_name":"裏宿町","destination_stop_name":"青梅駅前","path_type":"odpt-busstop-order-shape","source_stop_count":7,"solve_stop_count":7,"snap_fallback":true}},{"type":"Feature","id":"shape-T03-73507-2","geometry":{"type":"LineString","coordinates":[[139.730074,35.686429],[139.731691,35.685585],[139.734165,35.684492],[139.736914,35.684037],[139.73996,35.684277],[139.743134,35.684143],[139.744977,35.681529],[139.751829,35.677508],[139.760511,35.674459],[139.762412,35.673234],[139.766037,35.670623],[139.769295,35.667865],[139.77036,35.666983],[139.773148,35.664239],[139.776576,35.660615],[139.778522,35.658684],[139.78056,35.656745],[139.781223,35.654678],[139.779877,35.653728],[139.775138,35.650572],[139.771797,35.648823],[139.773195,35.65216]]},"properties":{"route_id":"T03","route_title":"都０３ 晴海五丁目ターミナル行","pattern_id":"73507","direction_id":"2","stop_count":22,"origin_stop_name":"四谷駅","destination_stop_name":"晴海五丁目ターミナル","path_type":"odpt-busstop-order-shape","source_stop_count":22,"solve_stop_count":22,"snap_fallback":true}},{"type":"Feature","id":"shape-Ume77Kou-28604-2","geometry":{"type":"LineString","coordinates":[[139.257987,35.790169],[139.255514,35.78983],[139.253525,35.789949],[139.250785,35.790115],[139.247396,35.790475],[139.245364,35.79019],[139.243155,35.789814]]},"properties":{"route_id":"Ume77Kou","route_title":"梅７７甲 裏宿町行","pattern_id":"28604","direction_id":"2","stop_count":7,"origin_stop_name":"青梅駅前","destination_stop_name":"裏宿町","path_type":"odpt-busstop-order-shape","source_stop_count":7,"solve_stop_count":7,"snap_fallback":true}},{"type":"Feature","id":"shape-Shiro61-44210-2","geometry":{"type":"LineString","coordinates":[[139.698728,35.691968],[139.702547,35.693474],[139.70492,35.692821],[139.711086,35.691529],[139.712944,35.691335],[139.717455,35.69131],[139.721886,35.692515],[139.72444,35.694357],[139.72509,35.696049],[139.725792,35.698498],[139.726567,35.702229],[139.726597,35.703671],[139.726973,35.706259],[139.728631,35.70742],[139.731254,35.707805],[139.731153,35.711334],[139.725911,35.713781],[139.724506,35.715055],[139.719966,35.716055],[139.717476,35.717017],[139.714812,35.71821],[139.711001,35.719874],[139.706544,35.721648],[139.702577,35.722498],[139.697891,35.721873],[139.695055,35.721932],[139.693861,35.72234],[139.68888,35.722782],[139.683615,35.723026],[139.681416,35.727012],[139.677992,35.729144],[139.674053,35.731044],[139.671156,35.73358],[139.672197,35.736264],[139.668229,35.737596],[139.664019,35.738301],[139.654091,35.738581]]},"properties":{"route_id":"Shiro61","route_title":"白６１ 練馬駅行","pattern_id":"44210","direction_id":"2","stop_count":37,"origin_stop_name":"新宿駅西口","destination_stop_name":"練馬駅","path_type":"odpt-busstop-order-shape","source_stop_count":37,"solve_stop_count":37,"snap_fallback":true}},{"type":"Feature","id":"shape-Mon19-72704-2","geometry":{"type":"LineString","coordinates":[[139.793854,35.672974],[139.791853,35.66872],[139.79347,35.667384],[139.796309,35.665047],[139.793222,35.659894],[139.79277,35.658676],[139.794522,35.65688],[139.797086,35.654318],[139.798675,35.652672],[139.802216,35.649894],[139.807582,35.650367],[139.810137,35.650615],[139.812404,35.648087],[139.812564,35.647056],[139.812457,35.642047],[139.804276,35.640858],[139.793858,35.633599],[139.791484,35.633715],[139.794422,35.633504],[139.794457,35.631695],[139.793248,35.62986]]},"properties":{"route_id":"Mon19","route_title":"門１９ 東京ビッグサイト行","pattern_id":"72704","direction_id":"2","stop_count":21,"origin_stop_name":"門前仲町","destination_stop_name":"東京ビッグサイト","path_type":"odpt-busstop-order-shape","source_stop_count":21,"solve_stop_count":21,"snap_fallback":true}},{"type":"Feature","id":"shape-KM01-72801-1","geometry":{"type":"LineString","coordinates":[[139.79357,35.673088],[139.791853,35.66872],[139.79347,35.667384],[139.796309,35.665047],[139.799609,35.661827],[139.800794,35.660187],[139.801598,35.657765],[139.798407,35.655633],[139.797249,35.654154],[139.798675,35.652672],[139.801593,35.649201],[139.801908,35.647065],[139.801311,35.645461],[139.799814,35.645321],[139.797713,35.643582],[139.795542,35.641035],[139.79368,35.639726],[139.791799,35.638672],[139.788025,35.636646],[139.785323,35.635145],[139.778365,35.629504],[139.776246,35.628369],[139.774979,35.627674],[139.771503,35.625783],[139.773058,35.621659],[139.77524,35.618961],[139.776382,35.617548],[139.778878,35.617403],[139.7785,35.626795]]},"properties":{"route_id":"KM01","route_title":"海０１（ＫＭ０１） 東京テレポート駅前行","pattern_id":"72801","direction_id":"1","stop_count":29,"origin_stop_name":"門前仲町","destination_stop_name":"東京テレポート駅前","path_type":"odpt-busstop-order-shape","source_stop_count":29,"solve_stop_count":29,"snap_fallback":true}},{"type":"Feature","id":"shape-KM01-72801-2","geometry":{"type":"LineString","coordinates":[[139.779637,35.627045],[139.779545,35.617405],[139.776331,35.617164],[139.775285,35.618395],[139.772184,35.622328],[139.770533,35.624391],[139.771384,35.626008],[139.774644,35.627785],[139.77624,35.628656],[139.777906,35.629583],[139.78495,35.635215],[139.786652,35.63613],[139.788937,35.637364],[139.792794,35.639442],[139.795584,35.641376],[139.796844,35.642839],[139.799854,35.645517],[139.801075,35.645617],[139.801586,35.646797],[139.801294,35.649075],[139.798395,35.652375],[139.796979,35.65505],[139.798442,35.656019],[139.80133,35.657926],[139.800661,35.659863],[139.799412,35.661635],[139.796821,35.664312],[139.793328,35.667284],[139.791413,35.669547],[139.795071,35.672969]]},"properties":{"route_id":"KM01","route_title":"海０１（ＫＭ０１） 門前仲町行","pattern_id":"72801","direction_id":"2","stop_count":30,"origin_stop_name":"東京テレポート駅前","destination_stop_name":"門前仲町","path_type":"odpt-busstop-order-shape","source_stop_count":30,"solve_stop_count":30,"snap_fallback":true}},{"type":"Feature","id":"shape-Nishiki13-72105-1","geometry":{"type":"LineString","coordinates":[[139.811055,35.667468],[139.811531,35.663924],[139.80798,35.663044],[139.806481,35.661606],[139.807411,35.658843],[139.804407,35.656856],[139.801598,35.657765],[139.798407,35.655633],[139.795263,35.654799],[139.794463,35.656371],[139.793225,35.657604],[139.790741,35.658779],[139.786016,35.657912],[139.783637,35.656295],[139.781223,35.654678],[139.779877,35.653728],[139.775138,35.650572],[139.773195,35.64708]]},"properties":{"route_id":"Nishiki13","route_title":"錦１３ 晴海埠頭行","pattern_id":"72105","direction_id":"1","stop_count":18,"origin_stop_name":"東陽一丁目","destination_stop_name":"晴海埠頭","path_type":"odpt-busstop-order-shape","source_stop_count":18,"solve_stop_count":18,"snap_fallback":true}},{"type":"Feature","id":"shape-T01-8504-3","geometry":{"type":"LineString","coordinates":[[139.702378,35.658807],[139.713843,35.658995],[139.718211,35.659406],[139.715337,35.660699],[139.709503,35.662214],[139.707382,35.660858],[139.702601,35.658527]]},"properties":{"route_id":"T01","route_title":"都０１（Ｔ０１） 渋谷駅前行","pattern_id":"8504","direction_id":"3","stop_count":7,"origin_stop_name":"渋谷駅前","destination_stop_name":"渋谷駅前","path_type":"odpt-busstop-order-shape","source_stop_count":7,"solve_stop_count":7,"snap_fallback":true}},{"type":"Feature","id":"shape-Higashi16-73002-1","geometry":{"type":"LineString","coordinates":[[139.768326,35.679839],[139.772418,35.679149],[139.775934,35.677646],[139.777156,35.677169],[139.780264,35.675847],[139.78321,35.673396],[139.785346,35.668495],[139.786046,35.667456],[139.786043,35.665177],[139.78827,35.659457],[139.790654,35.659121],[139.79277,35.658676],[139.794522,35.65688],[139.797249,35.654154],[139.798675,35.652672],[139.801593,35.649201],[139.801908,35.647065],[139.801311,35.645461],[139.799814,35.645321],[139.797713,35.643582],[139.795542,35.641035],[139.79368,35.639726],[139.791799,35.638672],[139.788025,35.636646],[139.785323,35.635145],[139.787727,35.630737],[139.789563,35.629425],[139.793248,35.62986]]},"properties":{"route_id":"Higashi16","route_title":"東１６ 東京ビッグサイト行","pattern_id":"73002","direction_id":"1","stop_count":28,"origin_stop_name":"東京駅八重洲口","destination_stop_name":"東京ビッグサイト","path_type":"odpt-busstop-order-shape","source_stop_count":28,"solve_stop_count":28,"snap_fallback":true}},{"type":"Feature","id":"shape-Higashi16-73002-2","geometry":{"type":"LineString","coordinates":[[139.793056,35.630234],[139.791363,35.630019],[139.787466,35.63068],[139.785634,35.63288],[139.78495,35.635215],[139.786652,35.63613],[139.788937,35.637364],[139.792794,35.639442],[139.795584,35.641376],[139.796844,35.642839],[139.799854,35.645517],[139.801075,35.645617],[139.801586,35.646797],[139.801294,35.649075],[139.798395,35.652375],[139.795161,35.65489],[139.794463,35.656371],[139.793225,35.657604],[139.790741,35.658779],[139.788003,35.659296],[139.785872,35.665343],[139.785879,35.66738],[139.785027,35.669007],[139.781974,35.674495],[139.779792,35.675944],[139.777684,35.676699],[139.77574,35.67745],[139.770868,35.679398],[139.767963,35.67924]]},"properties":{"route_id":"Higashi16","route_title":"東１６ 東京駅八重洲口行","pattern_id":"73002","direction_id":"2","stop_count":29,"origin_stop_name":"東京ビッグサイト","destination_stop_name":"東京駅八重洲口","path_type":"odpt-busstop-order-shape","source_stop_count":29,"solve_stop_count":29,"snap_fallback":true}},{"type":"Feature","id":"shape-Shina91-1011-2","geometry":{"type":"LineString","coordinates":[[139.749621,35.609057],[139.747309,35.610547],[139.747562,35.613538],[139.747617,35.614814],[139.7476,35.616467],[139.745792,35.621244],[139.74496,35.624733],[139.744697,35.627876],[139.741244,35.629299]]},"properties":{"route_id":"Shina91","route_title":"品９１ 品川駅港南口行","pattern_id":"1011","direction_id":"2","stop_count":9,"origin_stop_name":"品川シーサイド駅前","destination_stop_name":"品川駅港南口","path_type":"odpt-busstop-order-shape","source_stop_count":9,"solve_stop_count":9,"snap_fallback":true}},{"type":"Feature","id":"shape-Shina91-1012-2","geometry":{"type":"LineString","coordinates":[[139.75308,35.605503],[139.753546,35.603125],[139.752307,35.602289],[139.75078,35.59966],[139.751279,35.597774],[139.752574,35.597388],[139.754283,35.598793],[139.754322,35.601585],[139.754316,35.603621],[139.753401,35.605363],[139.746988,35.607604],[139.749621,35.609057],[139.747309,35.610547],[139.747562,35.613538],[139.747617,35.614814],[139.7476,35.616467],[139.745792,35.621244],[139.74496,35.624733],[139.744697,35.627876],[139.741244,35.629299]]},"properties":{"route_id":"Shina91","route_title":"品９１ 品川駅港南口行","pattern_id":"1012","direction_id":"2","stop_count":20,"origin_stop_name":"品川総合福祉センター前","destination_stop_name":"品川駅港南口","path_type":"odpt-busstop-order-shape","source_stop_count":20,"solve_stop_count":20,"snap_fallback":true}},{"type":"Feature","id":"shape-Hashi86-304-2","geometry":{"type":"LineString","coordinates":[[139.743781,35.654228],[139.742293,35.654401],[139.737166,35.65456],[139.736044,35.652518],[139.733628,35.652451],[139.73077,35.651915],[139.728548,35.652584],[139.726017,35.653697],[139.722509,35.650336],[139.722771,35.646968],[139.721853,35.644499],[139.721429,35.642769],[139.722671,35.639622],[139.723132,35.636497],[139.719035,35.634405],[139.716416,35.634246]]},"properties":{"route_id":"Hashi86","route_title":"橋８６ 目黒駅前行","pattern_id":"304","direction_id":"2","stop_count":16,"origin_stop_name":"赤羽橋駅前","destination_stop_name":"目黒駅前","path_type":"odpt-busstop-order-shape","source_stop_count":16,"solve_stop_count":16,"snap_fallback":true}},{"type":"Feature","id":"shape-Ichi01-106-1","geometry":{"type":"LineString","coordinates":[[139.758506,35.666884],[139.763492,35.664933],[139.765353,35.663115],[139.767355,35.663871],[139.773148,35.664239],[139.778522,35.658684],[139.78056,35.656745],[139.78699,35.6464],[139.784051,35.643522]]},"properties":{"route_id":"Ichi01","route_title":"市０１ 豊洲市場行","pattern_id":"106","direction_id":"1","stop_count":9,"origin_stop_name":"新橋駅前","destination_stop_name":"豊洲市場","path_type":"odpt-busstop-order-shape","source_stop_count":9,"solve_stop_count":9,"snap_fallback":true}},{"type":"Feature","id":"shape-I92-1101-3","geometry":{"type":"LineString","coordinates":[[139.735486,35.606166],[139.739541,35.607098],[139.74317,35.610292],[139.747559,35.610806],[139.747222,35.607411],[139.75308,35.605503],[139.753546,35.603125],[139.752307,35.602289],[139.750798,35.59986],[139.751279,35.597774],[139.752574,35.597388],[139.754283,35.598793],[139.754322,35.601585],[139.754316,35.603621],[139.753401,35.605363],[139.747628,35.607016],[139.744712,35.606722],[139.738273,35.606425],[139.735516,35.606452]]},"properties":{"route_id":"I92","route_title":"井９２ 大井町駅東口行","pattern_id":"1101","direction_id":"3","stop_count":19,"origin_stop_name":"大井町駅東口","destination_stop_name":"大井町駅東口","path_type":"odpt-busstop-order-shape","source_stop_count":19,"solve_stop_count":19,"snap_fallback":true}},{"type":"Feature","id":"shape-I92-1104-2","geometry":{"type":"LineString","coordinates":[[139.75308,35.605503],[139.753546,35.603125],[139.752307,35.602289],[139.750798,35.59986],[139.751279,35.597774],[139.752574,35.597388],[139.754283,35.598793],[139.754322,35.601585],[139.754316,35.603621],[139.753401,35.605363],[139.747628,35.607016],[139.744712,35.606722],[139.738273,35.606425],[139.735516,35.606452]]},"properties":{"route_id":"I92","route_title":"井９２ 大井町駅東口行","pattern_id":"1104","direction_id":"2","stop_count":14,"origin_stop_name":"品川総合福祉センター前","destination_stop_name":"大井町駅東口","path_type":"odpt-busstop-order-shape","source_stop_count":14,"solve_stop_count":14,"snap_fallback":true}},{"type":"Feature","id":"shape-I92-1105-3","geometry":{"type":"LineString","coordinates":[[139.735486,35.606166],[139.739541,35.607098],[139.74317,35.610292],[139.747559,35.610806],[139.747222,35.607411],[139.75308,35.605503],[139.753546,35.603125],[139.752307,35.602289],[139.750798,35.59986],[139.751279,35.597774],[139.752574,35.597388],[139.754283,35.598793],[139.754322,35.601585]]},"properties":{"route_id":"I92","route_title":"井９２ 八潮公園前行","pattern_id":"1105","direction_id":"3","stop_count":13,"origin_stop_name":"大井町駅東口","destination_stop_name":"八潮公園前","path_type":"odpt-busstop-order-shape","source_stop_count":13,"solve_stop_count":13,"snap_fallback":true}},{"type":"Feature","id":"shape-I98-1201-1","geometry":{"type":"LineString","coordinates":[[139.735138,35.606312],[139.739541,35.607098],[139.74317,35.610292],[139.746822,35.6114],[139.754067,35.611613],[139.758448,35.608346],[139.760881,35.604104],[139.761994,35.600812],[139.763661,35.597457],[139.765916,35.594483],[139.769775,35.593912],[139.770922,35.593906],[139.770244,35.59165],[139.76941,35.591386],[139.766003,35.589014],[139.766028,35.587561],[139.766073,35.585387],[139.767506,35.585603],[139.771597,35.589045],[139.77321,35.591041]]},"properties":{"route_id":"I98","route_title":"井９８ 大井水産物埠頭前行","pattern_id":"1201","direction_id":"1","stop_count":20,"origin_stop_name":"大井町駅東口","destination_stop_name":"大井水産物埠頭前","path_type":"odpt-busstop-order-shape","source_stop_count":20,"solve_stop_count":20,"snap_fallback":true}},{"type":"Feature","id":"shape-I98-1201-2","geometry":{"type":"LineString","coordinates":[[139.77321,35.591041],[139.770696,35.594025],[139.768572,35.593092],[139.766511,35.592886],[139.764656,35.595366],[139.762549,35.598141],[139.761105,35.601923],[139.759405,35.605651],[139.758547,35.607176],[139.754235,35.611238],[139.745887,35.610995],[139.741666,35.608974],[139.740149,35.60731],[139.735516,35.606452]]},"properties":{"route_id":"I98","route_title":"井９８ 大井町駅東口行","pattern_id":"1201","direction_id":"2","stop_count":14,"origin_stop_name":"大井水産物埠頭前","destination_stop_name":"大井町駅東口","path_type":"odpt-busstop-order-shape","source_stop_count":14,"solve_stop_count":14,"snap_fallback":true}},{"type":"Feature","id":"shape-Ichi01-106-2","geometry":{"type":"LineString","coordinates":[[139.784051,35.643522],[139.786791,35.646611],[139.788552,35.648294],[139.780929,35.655812],[139.77817,35.658639],[139.772052,35.664928],[139.767226,35.664506],[139.758506,35.666884]]},"properties":{"route_id":"Ichi01","route_title":"市０１ 新橋駅前行","pattern_id":"106","direction_id":"2","stop_count":8,"origin_stop_name":"豊洲市場","destination_stop_name":"新橋駅前","path_type":"odpt-busstop-order-shape","source_stop_count":8,"solve_stop_count":8,"snap_fallback":true}},{"type":"Feature","id":"shape-Ichi01-107-1","geometry":{"type":"LineString","coordinates":[[139.758506,35.666884],[139.763492,35.664933],[139.765353,35.663115],[139.767355,35.663871],[139.773148,35.664239],[139.778522,35.658684],[139.78056,35.656745],[139.78699,35.6464],[139.781963,35.645227],[139.784051,35.643522]]},"properties":{"route_id":"Ichi01","route_title":"市０１ 豊洲市場行","pattern_id":"107","direction_id":"1","stop_count":10,"origin_stop_name":"新橋駅前","destination_stop_name":"豊洲市場","path_type":"odpt-busstop-order-shape","source_stop_count":10,"solve_stop_count":10,"snap_fallback":true}},{"type":"Feature","id":"shape-Ichi01-107-2","geometry":{"type":"LineString","coordinates":[[139.784051,35.643522],[139.781857,35.645137],[139.786791,35.646611],[139.788552,35.648294],[139.780929,35.655812],[139.77817,35.658639],[139.772052,35.664928],[139.767226,35.664506],[139.758506,35.666884]]},"properties":{"route_id":"Ichi01","route_title":"市０１ 新橋駅前行","pattern_id":"107","direction_id":"2","stop_count":9,"origin_stop_name":"豊洲市場","destination_stop_name":"新橋駅前","path_type":"odpt-busstop-order-shape","source_stop_count":9,"solve_stop_count":9,"snap_fallback":true}},{"type":"Feature","id":"shape-Shina93-401-1","geometry":{"type":"LineString","coordinates":[[139.741255,35.593572],[139.742154,35.596679],[139.74268,35.598668],[139.744318,35.600077],[139.745942,35.604151],[139.746988,35.607604],[139.747309,35.610547],[139.747562,35.613538],[139.747617,35.614814],[139.7476,35.616467],[139.746461,35.619843],[139.742453,35.620621],[139.740489,35.622537],[139.736232,35.629032],[139.732327,35.629937],[139.732611,35.633856],[139.732926,35.635281],[139.729943,35.635961],[139.728437,35.636539],[139.726825,35.638114],[139.723132,35.636497],[139.719035,35.634405],[139.716416,35.634246]]},"properties":{"route_id":"Shina93","route_title":"品９３ 目黒駅前行","pattern_id":"401","direction_id":"1","stop_count":23,"origin_stop_name":"大井競馬場前","destination_stop_name":"目黒駅前","path_type":"odpt-busstop-order-shape","source_stop_count":23,"solve_stop_count":23,"snap_fallback":true}},{"type":"Feature","id":"shape-Shina93-402-2","geometry":{"type":"LineString","coordinates":[[139.737727,35.627819],[139.740711,35.622537],[139.742803,35.620474],[139.745239,35.619649],[139.747285,35.618511],[139.747918,35.615859],[139.747852,35.614359],[139.747559,35.610806],[139.747222,35.607411],[139.746401,35.604785],[139.744573,35.599829],[139.742843,35.597902],[139.742523,35.596793],[139.741255,35.593572]]},"properties":{"route_id":"Shina93","route_title":"品９３ 大井競馬場前行","pattern_id":"402","direction_id":"2","stop_count":14,"origin_stop_name":"品川駅高輪口","destination_stop_name":"大井競馬場前","path_type":"odpt-busstop-order-shape","source_stop_count":14,"solve_stop_count":14,"snap_fallback":true}},{"type":"Feature","id":"shape-Ichi01-108-1","geometry":{"type":"LineString","coordinates":[[139.758506,35.666884],[139.763492,35.664933],[139.765353,35.663115],[139.767355,35.663871],[139.78699,35.6464],[139.781963,35.645227],[139.784051,35.643522]]},"properties":{"route_id":"Ichi01","route_title":"市０１ 豊洲市場行","pattern_id":"108","direction_id":"1","stop_count":7,"origin_stop_name":"新橋駅前","destination_stop_name":"豊洲市場","path_type":"odpt-busstop-order-shape","source_stop_count":7,"solve_stop_count":7,"snap_fallback":true}},{"type":"Feature","id":"shape-Ichi01-109-1","geometry":{"type":"LineString","coordinates":[[139.758506,35.666884],[139.763492,35.664933],[139.765353,35.663115],[139.767355,35.663871],[139.773148,35.664239],[139.778522,35.658684],[139.78056,35.656745],[139.78699,35.6464]]},"properties":{"route_id":"Ichi01","route_title":"市０１ 市場前駅前行","pattern_id":"109","direction_id":"1","stop_count":8,"origin_stop_name":"新橋駅前","destination_stop_name":"市場前駅前","path_type":"odpt-busstop-order-shape","source_stop_count":8,"solve_stop_count":8,"snap_fallback":true}},{"type":"Feature","id":"shape-Shina98-4104-2","geometry":{"type":"LineString","coordinates":[[139.765847,35.585398],[139.765788,35.587561],[139.766694,35.590061],[139.769433,35.591458],[139.770109,35.592279],[139.768572,35.593092],[139.766511,35.592886],[139.764656,35.595366],[139.762549,35.598141],[139.761105,35.601923],[139.759405,35.605651],[139.758547,35.607176],[139.754235,35.611238],[139.753007,35.616535],[139.753348,35.621018],[139.749399,35.621349],[139.745792,35.621244],[139.74496,35.624733],[139.744697,35.627876],[139.741244,35.629299]]},"properties":{"route_id":"Shina98","route_title":"品９８ 品川駅港南口行","pattern_id":"4104","direction_id":"2","stop_count":20,"origin_stop_name":"ダイトー大井物流センター前","destination_stop_name":"品川駅港南口","path_type":"odpt-busstop-order-shape","source_stop_count":20,"solve_stop_count":20,"snap_fallback":true}},{"type":"Feature","id":"shape-Shina98-4105-1","geometry":{"type":"LineString","coordinates":[[139.741523,35.628447],[139.74495,35.627682],[139.745286,35.624104],[139.74614,35.621075],[139.749204,35.621538],[139.753639,35.620937],[139.753524,35.616506],[139.754067,35.611613],[139.758448,35.608346],[139.760881,35.604104],[139.761994,35.600812],[139.763661,35.597457],[139.765916,35.594483],[139.769736,35.593246],[139.770244,35.59165],[139.76941,35.591386],[139.766003,35.589014],[139.766028,35.587561],[139.766073,35.585387],[139.764201,35.584383]]},"properties":{"route_id":"Shina98","route_title":"品９８ 大田市場北行","pattern_id":"4105","direction_id":"1","stop_count":20,"origin_stop_name":"品川駅港南口","destination_stop_name":"大田市場北","path_type":"odpt-busstop-order-shape","source_stop_count":20,"solve_stop_count":20,"snap_fallback":true}},{"type":"Feature","id":"shape-Ichi01-109-2","geometry":{"type":"LineString","coordinates":[[139.786791,35.646611],[139.788552,35.648294],[139.780929,35.655812],[139.77817,35.658639],[139.772052,35.664928],[139.767226,35.664506],[139.758506,35.666884]]},"properties":{"route_id":"Ichi01","route_title":"市０１ 新橋駅前行","pattern_id":"109","direction_id":"2","stop_count":7,"origin_stop_name":"市場前駅前","destination_stop_name":"新橋駅前","path_type":"odpt-busstop-order-shape","source_stop_count":7,"solve_stop_count":7,"snap_fallback":true}},{"type":"Feature","id":"shape-Kuro77-201-2","geometry":{"type":"LineString","coordinates":[[139.712202,35.680487],[139.711017,35.67872],[139.712753,35.67739],[139.712713,35.675119],[139.712623,35.672762],[139.715175,35.669679],[139.718461,35.667713],[139.720601,35.664659],[139.7222,35.661842],[139.72387,35.658126],[139.723234,35.655109],[139.722509,35.650336],[139.722771,35.646968],[139.721853,35.644499],[139.721429,35.642769],[139.722671,35.639622],[139.723132,35.636497],[139.719035,35.634405],[139.716416,35.634246]]},"properties":{"route_id":"Kuro77","route_title":"黒７７ 目黒駅前行","pattern_id":"201","direction_id":"2","stop_count":19,"origin_stop_name":"千駄ヶ谷駅前","destination_stop_name":"目黒駅前","path_type":"odpt-busstop-order-shape","source_stop_count":19,"solve_stop_count":19,"snap_fallback":true}},{"type":"Feature","id":"shape-Shina93-203-1","geometry":{"type":"LineString","coordinates":[[139.741063,35.623298],[139.736232,35.629032],[139.732327,35.629937],[139.732611,35.633856],[139.732926,35.635281],[139.729943,35.635961],[139.728437,35.636539],[139.726825,35.638114],[139.723132,35.636497],[139.719035,35.634405],[139.716416,35.634246]]},"properties":{"route_id":"Shina93","route_title":"品９３ 目黒駅前行","pattern_id":"203","direction_id":"1","stop_count":11,"origin_stop_name":"品川車庫前","destination_stop_name":"目黒駅前","path_type":"odpt-busstop-order-shape","source_stop_count":11,"solve_stop_count":11,"snap_fallback":true}},{"type":"Feature","id":"shape-Hashi86-301-1","geometry":{"type":"LineString","coordinates":[[139.716566,35.634213],[139.722593,35.636419],[139.722356,35.640149],[139.721268,35.642688],[139.721623,35.644544],[139.722581,35.647169],[139.722438,35.649525],[139.726541,35.654095],[139.728544,35.652709],[139.730889,35.652014],[139.733739,35.652562],[139.736011,35.652643],[139.736794,35.654359],[139.741972,35.654572],[139.74427,35.654355],[139.744836,35.655808],[139.743718,35.657643],[139.743382,35.661258],[139.745859,35.662919],[139.750547,35.66135],[139.755279,35.660724],[139.757063,35.662854],[139.759621,35.666022]]},"properties":{"route_id":"Hashi86","route_title":"橋８６ 新橋駅前行","pattern_id":"301","direction_id":"1","stop_count":23,"origin_stop_name":"目黒駅前","destination_stop_name":"新橋駅前","path_type":"odpt-busstop-order-shape","source_stop_count":23,"solve_stop_count":23,"snap_fallback":true}},{"type":"Feature","id":"shape-Shina93-403-1","geometry":{"type":"LineString","coordinates":[[139.736232,35.629032],[139.732327,35.629937],[139.732611,35.633856],[139.732926,35.635281],[139.729943,35.635961],[139.728437,35.636539],[139.726825,35.638114],[139.723132,35.636497],[139.719035,35.634405],[139.716416,35.634246]]},"properties":{"route_id":"Shina93","route_title":"品９３ 目黒駅前行","pattern_id":"403","direction_id":"1","stop_count":10,"origin_stop_name":"品川駅高輪口","destination_stop_name":"目黒駅前","path_type":"odpt-busstop-order-shape","source_stop_count":10,"solve_stop_count":10,"snap_fallback":true}},{"type":"Feature","id":"shape-Shina93-404-2","geometry":{"type":"LineString","coordinates":[[139.716651,35.633996],[139.722593,35.636419],[139.72576,35.637856],[139.728362,35.636773],[139.730907,35.635934],[139.732953,35.634995],[139.732529,35.633272],[139.732432,35.630268],[139.737727,35.627819],[139.740711,35.622537],[139.742803,35.620474],[139.745239,35.619649],[139.747285,35.618511],[139.747918,35.615859],[139.747852,35.614359],[139.747559,35.610806],[139.747222,35.607411]]},"properties":{"route_id":"Shina93","route_title":"品９３ 都立産業技術高専品川キャンパス前行","pattern_id":"404","direction_id":"2","stop_count":17,"origin_stop_name":"目黒駅前","destination_stop_name":"都立産業技術高専品川キャンパス前","path_type":"odpt-busstop-order-shape","source_stop_count":17,"solve_stop_count":17,"snap_fallback":true}},{"type":"Feature","id":"shape-Shina93-406-1","geometry":{"type":"LineString","coordinates":[[139.740711,35.622537],[139.742803,35.620474],[139.745239,35.619649],[139.747285,35.618511],[139.747918,35.615859],[139.747852,35.614359],[139.747559,35.610806],[139.747222,35.607411],[139.746401,35.604785],[139.744573,35.599829],[139.742843,35.597902],[139.742523,35.596793],[139.741255,35.593572]]},"properties":{"route_id":"Shina93","route_title":"品９３ 大井競馬場前行","pattern_id":"406","direction_id":"1","stop_count":13,"origin_stop_name":"品川車庫前","destination_stop_name":"大井競馬場前","path_type":"odpt-busstop-order-shape","source_stop_count":13,"solve_stop_count":13,"snap_fallback":true}},{"type":"Feature","id":"shape-Shina93-406-2","geometry":{"type":"LineString","coordinates":[[139.741255,35.593572],[139.742154,35.596679],[139.74268,35.598668],[139.744318,35.600077],[139.745942,35.604151],[139.746988,35.607604],[139.747309,35.610547],[139.747562,35.613538],[139.747617,35.614814],[139.7476,35.616467],[139.746461,35.619843],[139.742453,35.620621],[139.74087,35.623268]]},"properties":{"route_id":"Shina93","route_title":"品９３ 品川車庫前行","pattern_id":"406","direction_id":"2","stop_count":13,"origin_stop_name":"大井競馬場前","destination_stop_name":"品川車庫前","path_type":"odpt-busstop-order-shape","source_stop_count":13,"solve_stop_count":13,"snap_fallback":true}},{"type":"Feature","id":"shape-Shina98-4105-2","geometry":{"type":"LineString","coordinates":[[139.764201,35.584383],[139.765847,35.585398],[139.765788,35.587561],[139.766694,35.590061],[139.769433,35.591458],[139.770109,35.592279],[139.768572,35.593092],[139.766511,35.592886],[139.764656,35.595366],[139.762549,35.598141],[139.761105,35.601923],[139.759405,35.605651],[139.758547,35.607176],[139.754235,35.611238],[139.753007,35.616535],[139.753348,35.621018],[139.749399,35.621349],[139.745792,35.621244],[139.74496,35.624733],[139.744697,35.627876],[139.741244,35.629299]]},"properties":{"route_id":"Shina98","route_title":"品９８ 品川駅港南口行","pattern_id":"4105","direction_id":"2","stop_count":21,"origin_stop_name":"大田市場北","destination_stop_name":"品川駅港南口","path_type":"odpt-busstop-order-shape","source_stop_count":21,"solve_stop_count":21,"snap_fallback":true}},{"type":"Feature","id":"shape-Shina93-407-1","geometry":{"type":"LineString","coordinates":[[139.741063,35.623298],[139.736232,35.629032],[139.732327,35.629937],[139.732611,35.633856],[139.732926,35.635281],[139.729943,35.635961],[139.728437,35.636539],[139.726825,35.638114],[139.723132,35.636497],[139.719035,35.634405],[139.716416,35.634246]]},"properties":{"route_id":"Shina93","route_title":"品９３ 目黒駅前行","pattern_id":"407","direction_id":"1","stop_count":11,"origin_stop_name":"品川車庫前","destination_stop_name":"目黒駅前","path_type":"odpt-busstop-order-shape","source_stop_count":11,"solve_stop_count":11,"snap_fallback":true}},{"type":"Feature","id":"shape-Shina93-407-2","geometry":{"type":"LineString","coordinates":[[139.716651,35.633996],[139.722593,35.636419],[139.72576,35.637856],[139.728362,35.636773],[139.730907,35.635934],[139.732953,35.634995],[139.732529,35.633272],[139.732432,35.630268],[139.737702,35.628047],[139.740859,35.623287]]},"properties":{"route_id":"Shina93","route_title":"品９３ 品川車庫前行","pattern_id":"407","direction_id":"2","stop_count":10,"origin_stop_name":"目黒駅前","destination_stop_name":"品川車庫前","path_type":"odpt-busstop-order-shape","source_stop_count":10,"solve_stop_count":10,"snap_fallback":true}},{"type":"Feature","id":"shape-Shina93-408-1","geometry":{"type":"LineString","coordinates":[[139.741255,35.593572],[139.742154,35.596679],[139.74268,35.598668],[139.744318,35.600077],[139.745942,35.604151],[139.746988,35.607604],[139.747309,35.610547],[139.747562,35.613538],[139.747617,35.614814],[139.7476,35.616467],[139.746461,35.619843],[139.744372,35.618297],[139.739353,35.621138],[139.737901,35.624237],[139.736232,35.629032],[139.732327,35.629937],[139.732611,35.633856],[139.732926,35.635281],[139.729943,35.635961],[139.728437,35.636539],[139.726825,35.638114],[139.723132,35.636497],[139.719035,35.634405],[139.716416,35.634246]]},"properties":{"route_id":"Shina93","route_title":"品９３ 目黒駅前行","pattern_id":"408","direction_id":"1","stop_count":24,"origin_stop_name":"大井競馬場前","destination_stop_name":"目黒駅前","path_type":"odpt-busstop-order-shape","source_stop_count":24,"solve_stop_count":24,"snap_fallback":true}},{"type":"Feature","id":"shape-Hama95-807-1","geometry":{"type":"LineString","coordinates":[[139.741287,35.628261],[139.745186,35.632302],[139.74626,35.636308],[139.746716,35.637625],[139.747259,35.639643],[139.747638,35.640842],[139.746332,35.643155],[139.748019,35.643898],[139.752459,35.645609],[139.752817,35.642964],[139.755276,35.64345],[139.756343,35.645571],[139.757548,35.647977],[139.75884,35.650502],[139.759562,35.656004],[139.756593,35.656525],[139.754606,35.657477],[139.753931,35.660284],[139.750634,35.661108],[139.744796,35.662501],[139.743701,35.661172],[139.745929,35.658157]]},"properties":{"route_id":"Hama95","route_title":"浜９５ 東京タワー行","pattern_id":"807","direction_id":"1","stop_count":22,"origin_stop_name":"品川駅港南口","destination_stop_name":"東京タワー","path_type":"odpt-busstop-order-shape","source_stop_count":22,"solve_stop_count":22,"snap_fallback":true}},{"type":"Feature","id":"shape-Hama95-807-2","geometry":{"type":"LineString","coordinates":[[139.745742,35.657934],[139.746156,35.65723],[139.748943,35.660551],[139.750547,35.66135],[139.753514,35.660534],[139.754969,35.65726],[139.756587,35.656694],[139.759364,35.656218],[139.761746,35.6548],[139.758989,35.649968],[139.757832,35.647658],[139.756582,35.645305],[139.756137,35.643361],[139.75232,35.643147],[139.753357,35.645802],[139.748023,35.644833],[139.748439,35.643939],[139.746437,35.643005],[139.747865,35.640724],[139.747361,35.639084],[139.747113,35.638317],[139.745986,35.634777],[139.745403,35.632513],[139.741287,35.628261]]},"properties":{"route_id":"Hama95","route_title":"浜９５ 品川駅港南口行","pattern_id":"807","direction_id":"2","stop_count":24,"origin_stop_name":"東京タワー","destination_stop_name":"品川駅港南口","path_type":"odpt-busstop-order-shape","source_stop_count":24,"solve_stop_count":24,"snap_fallback":true}},{"type":"Feature","id":"shape-Ta92-904-1","geometry":{"type":"LineString","coordinates":[[139.741287,35.628261],[139.745186,35.632302],[139.74626,35.636308],[139.746716,35.637625],[139.747259,35.639643],[139.747638,35.640842],[139.746332,35.643155],[139.748019,35.643898],[139.748023,35.644833]]},"properties":{"route_id":"Ta92","route_title":"田９２ 田町駅東口行","pattern_id":"904","direction_id":"1","stop_count":9,"origin_stop_name":"品川駅港南口","destination_stop_name":"田町駅東口","path_type":"odpt-busstop-order-shape","source_stop_count":9,"solve_stop_count":9,"snap_fallback":true}},{"type":"Feature","id":"shape-Ta92-904-2","geometry":{"type":"LineString","coordinates":[[139.748023,35.644833],[139.748439,35.643939],[139.746437,35.643005],[139.747865,35.640724],[139.747361,35.639084],[139.747113,35.638317],[139.745986,35.634777],[139.745403,35.632513],[139.741287,35.628261]]},"properties":{"route_id":"Ta92","route_title":"田９２ 品川駅港南口行","pattern_id":"904","direction_id":"2","stop_count":9,"origin_stop_name":"田町駅東口","destination_stop_name":"品川駅港南口","path_type":"odpt-busstop-order-shape","source_stop_count":9,"solve_stop_count":9,"snap_fallback":true}},{"type":"Feature","id":"shape-Shina91-1009-3","geometry":{"type":"LineString","coordinates":[[139.741171,35.628632],[139.74495,35.627682],[139.745286,35.624104],[139.74614,35.621075],[139.747285,35.618511],[139.747918,35.615859],[139.747852,35.614359],[139.747559,35.610806],[139.749629,35.609233],[139.747222,35.607411],[139.75308,35.605503],[139.753546,35.603125],[139.752307,35.602289],[139.75078,35.59966],[139.751279,35.597774],[139.752574,35.597388],[139.754283,35.598793],[139.754322,35.601585],[139.754316,35.603621],[139.753401,35.605363],[139.746988,35.607604],[139.749621,35.609057],[139.747309,35.610547],[139.747562,35.613538],[139.747617,35.614814],[139.7476,35.616467],[139.745792,35.621244],[139.74496,35.624733],[139.744697,35.627876],[139.741244,35.629299]]},"properties":{"route_id":"Shina91","route_title":"品９１ 品川駅港南口行","pattern_id":"1009","direction_id":"3","stop_count":30,"origin_stop_name":"品川駅港南口","destination_stop_name":"品川駅港南口","path_type":"odpt-busstop-order-shape","source_stop_count":30,"solve_stop_count":30,"snap_fallback":true}},{"type":"Feature","id":"shape-Shina91-1010-1","geometry":{"type":"LineString","coordinates":[[139.741171,35.628632],[139.74495,35.627682],[139.745286,35.624104],[139.74614,35.621075],[139.747285,35.618511],[139.747918,35.615859],[139.747852,35.614359],[139.747559,35.610806],[139.749629,35.609233],[139.747222,35.607411],[139.75308,35.605503],[139.753546,35.603125],[139.752307,35.602289],[139.75078,35.59966],[139.751279,35.597774],[139.752574,35.597388],[139.754283,35.598793],[139.754322,35.601585]]},"properties":{"route_id":"Shina91","route_title":"品９１ 八潮公園前行","pattern_id":"1010","direction_id":"1","stop_count":18,"origin_stop_name":"品川駅港南口","destination_stop_name":"八潮公園前","path_type":"odpt-busstop-order-shape","source_stop_count":18,"solve_stop_count":18,"snap_fallback":true}},{"type":"Feature","id":"shape-I98-1202-1","geometry":{"type":"LineString","coordinates":[[139.735138,35.606312],[139.739541,35.607098],[139.74317,35.610292],[139.746822,35.6114],[139.754067,35.611613],[139.758448,35.608346],[139.760881,35.604104],[139.761994,35.600812],[139.763661,35.597457],[139.765916,35.594483],[139.769775,35.593912],[139.770922,35.593906],[139.7731,35.590783]]},"properties":{"route_id":"I98","route_title":"井９８ 大井水産物埠頭前行","pattern_id":"1202","direction_id":"1","stop_count":13,"origin_stop_name":"大井町駅東口","destination_stop_name":"大井水産物埠頭前","path_type":"odpt-busstop-order-shape","source_stop_count":13,"solve_stop_count":13,"snap_fallback":true}},{"type":"Feature","id":"shape-I98-1202-2","geometry":{"type":"LineString","coordinates":[[139.7731,35.590783],[139.771152,35.588261],[139.765847,35.585398],[139.765788,35.587561],[139.766694,35.590061],[139.769433,35.591458],[139.771175,35.592245],[139.770696,35.594025],[139.768572,35.593092],[139.766511,35.592886],[139.764656,35.595366],[139.762549,35.598141],[139.761105,35.601923],[139.759405,35.605651],[139.758547,35.607176],[139.754235,35.611238],[139.745887,35.610995],[139.741666,35.608974],[139.740149,35.60731],[139.735516,35.606452]]},"properties":{"route_id":"I98","route_title":"井９８ 大井町駅東口行","pattern_id":"1202","direction_id":"2","stop_count":20,"origin_stop_name":"大井水産物埠頭前","destination_stop_name":"大井町駅東口","path_type":"odpt-busstop-order-shape","source_stop_count":20,"solve_stop_count":20,"snap_fallback":true}},{"type":"Feature","id":"shape-Shina96-1402-1","geometry":{"type":"LineString","coordinates":[[139.741627,35.629643],[139.747435,35.628996],[139.750359,35.628374],[139.750157,35.626094],[139.750689,35.623057],[139.750961,35.620148]]},"properties":{"route_id":"Shina96","route_title":"品９６ りんかい線天王洲アイル駅前行","pattern_id":"1402","direction_id":"1","stop_count":6,"origin_stop_name":"品川駅港南口","destination_stop_name":"りんかい線天王洲アイル駅前","path_type":"odpt-busstop-order-shape","source_stop_count":6,"solve_stop_count":6,"snap_fallback":true}},{"type":"Feature","id":"shape-Shina96-1402-2","geometry":{"type":"LineString","coordinates":[[139.750961,35.620148],[139.749985,35.623187],[139.749883,35.626689],[139.749371,35.628744],[139.747236,35.628787],[139.741244,35.629299]]},"properties":{"route_id":"Shina96","route_title":"品９６ 品川駅港南口行","pattern_id":"1402","direction_id":"2","stop_count":6,"origin_stop_name":"りんかい線天王洲アイル駅前","destination_stop_name":"品川駅港南口","path_type":"odpt-busstop-order-shape","source_stop_count":6,"solve_stop_count":6,"snap_fallback":true}},{"type":"Feature","id":"shape-Tan94-1801-1","geometry":{"type":"LineString","coordinates":[[139.724003,35.626266],[139.729468,35.631272],[139.730888,35.633723],[139.731267,35.636402],[139.732064,35.639544],[139.735933,35.644574],[139.736061,35.64716],[139.736575,35.649957],[139.736393,35.652036],[139.736794,35.654359],[139.741143,35.655495],[139.744159,35.654181]]},"properties":{"route_id":"Tan94","route_title":"反９４ 赤羽橋駅前行","pattern_id":"1801","direction_id":"1","stop_count":12,"origin_stop_name":"五反田駅","destination_stop_name":"赤羽橋駅前","path_type":"odpt-busstop-order-shape","source_stop_count":12,"solve_stop_count":12,"snap_fallback":true}},{"type":"Feature","id":"shape-Tan96-1705-1","geometry":{"type":"LineString","coordinates":[[139.724096,35.626141],[139.725137,35.625869],[139.730465,35.625071],[139.732534,35.624021],[139.734904,35.623187]]},"properties":{"route_id":"Tan96","route_title":"反９６ 御殿山行","pattern_id":"1705","direction_id":"1","stop_count":5,"origin_stop_name":"五反田駅","destination_stop_name":"御殿山","path_type":"odpt-busstop-order-shape","source_stop_count":5,"solve_stop_count":5,"snap_fallback":true}},{"type":"Feature","id":"shape-Shina99-4506-1","geometry":{"type":"LineString","coordinates":[[139.741196,35.628853],[139.747667,35.631742],[139.751091,35.631509],[139.75401,35.631215],[139.756054,35.629698],[139.756095,35.628102]]},"properties":{"route_id":"Shina99","route_title":"品９９ 東京出入国在留管理局前行","pattern_id":"4506","direction_id":"1","stop_count":6,"origin_stop_name":"品川駅港南口","destination_stop_name":"東京出入国在留管理局前","path_type":"odpt-busstop-order-shape","source_stop_count":6,"solve_stop_count":6,"snap_fallback":true}},{"type":"Feature","id":"shape-Tan96-1705-2","geometry":{"type":"LineString","coordinates":[[139.734899,35.623059],[139.732065,35.624254],[139.730634,35.62487],[139.724096,35.626141]]},"properties":{"route_id":"Tan96","route_title":"反９６ 五反田駅行","pattern_id":"1705","direction_id":"2","stop_count":4,"origin_stop_name":"御殿山","destination_stop_name":"五反田駅","path_type":"odpt-busstop-order-shape","source_stop_count":4,"solve_stop_count":4,"snap_fallback":true}},{"type":"Feature","id":"shape-Tan96-1712-2","geometry":{"type":"LineString","coordinates":[[139.729633,35.660541],[139.733091,35.662936],[139.735571,35.661991],[139.737523,35.660424],[139.737166,35.65456],[139.73678,35.651992],[139.736965,35.649521],[139.736625,35.647466],[139.736126,35.644559],[139.737683,35.64131],[139.739178,35.636542],[139.73847,35.6346],[139.737765,35.627426],[139.734899,35.623059],[139.732065,35.624254],[139.730634,35.62487],[139.724096,35.626141]]},"properties":{"route_id":"Tan96","route_title":"反９６ 五反田駅行","pattern_id":"1712","direction_id":"2","stop_count":17,"origin_stop_name":"六本木ヒルズ","destination_stop_name":"五反田駅","path_type":"odpt-busstop-order-shape","source_stop_count":17,"solve_stop_count":17,"snap_fallback":true}},{"type":"Feature","id":"shape-Tan96-1716-1","geometry":{"type":"LineString","coordinates":[[139.737187,35.629624],[139.738072,35.63445],[139.738363,35.637662],[139.737417,35.641477],[139.735933,35.644574],[139.736061,35.64716],[139.736575,35.649957],[139.736393,35.652036],[139.736946,35.655673],[139.737268,35.660695],[139.735517,35.66185],[139.731141,35.662521],[139.729633,35.660541]]},"properties":{"route_id":"Tan96","route_title":"反９６ 六本木ヒルズ行","pattern_id":"1716","direction_id":"1","stop_count":13,"origin_stop_name":"品川駅高輪口","destination_stop_name":"六本木ヒルズ","path_type":"odpt-busstop-order-shape","source_stop_count":13,"solve_stop_count":13,"snap_fallback":true}},{"type":"Feature","id":"shape-Tan96-1716-2","geometry":{"type":"LineString","coordinates":[[139.729633,35.660541],[139.733091,35.662936],[139.735571,35.661991],[139.737523,35.660424],[139.737166,35.65456],[139.73678,35.651992],[139.736965,35.649521],[139.736625,35.647466],[139.736126,35.644559],[139.737683,35.64131],[139.739178,35.636542],[139.73847,35.6346],[139.737702,35.628047]]},"properties":{"route_id":"Tan96","route_title":"反９６ 品川駅高輪口行","pattern_id":"1716","direction_id":"2","stop_count":13,"origin_stop_name":"六本木ヒルズ","destination_stop_name":"品川駅高輪口","path_type":"odpt-busstop-order-shape","source_stop_count":13,"solve_stop_count":13,"snap_fallback":true}},{"type":"Feature","id":"shape-Tan94-1801-2","geometry":{"type":"LineString","coordinates":[[139.743781,35.654228],[139.742293,35.654401],[139.737166,35.65456],[139.73678,35.651992],[139.736965,35.649521],[139.736625,35.647466],[139.736126,35.644559],[139.733967,35.642297],[139.732128,35.638961],[139.731464,35.63549],[139.731238,35.63388],[139.730456,35.631584],[139.724471,35.62633]]},"properties":{"route_id":"Tan94","route_title":"反９４ 五反田駅行","pattern_id":"1801","direction_id":"2","stop_count":13,"origin_stop_name":"赤羽橋駅前","destination_stop_name":"五反田駅","path_type":"odpt-busstop-order-shape","source_stop_count":13,"solve_stop_count":13,"snap_fallback":true}},{"type":"Feature","id":"shape-Shina98-4101-1","geometry":{"type":"LineString","coordinates":[[139.741523,35.628447],[139.74495,35.627682],[139.745286,35.624104],[139.74614,35.621075],[139.749204,35.621538],[139.753639,35.620937],[139.753524,35.616506],[139.754067,35.611613],[139.758448,35.608346],[139.760881,35.604104],[139.761994,35.600812],[139.763661,35.597457],[139.765916,35.594483],[139.769736,35.593246],[139.770244,35.59165],[139.76941,35.591386],[139.766003,35.589014],[139.766028,35.587561],[139.766073,35.585387],[139.767506,35.585603]]},"properties":{"route_id":"Shina98","route_title":"品９８ 大井埠頭バンプール前行","pattern_id":"4101","direction_id":"1","stop_count":20,"origin_stop_name":"品川駅港南口","destination_stop_name":"大井埠頭バンプール前","path_type":"odpt-busstop-order-shape","source_stop_count":20,"solve_stop_count":20,"snap_fallback":true}},{"type":"Feature","id":"shape-Shina98-4102-1","geometry":{"type":"LineString","coordinates":[[139.741523,35.628447],[139.74495,35.627682],[139.745286,35.624104],[139.74614,35.621075],[139.749204,35.621538],[139.753639,35.620937],[139.753524,35.616506],[139.754067,35.611613],[139.758448,35.608346],[139.760881,35.604104],[139.761994,35.600812],[139.763661,35.597457],[139.765916,35.594483],[139.769736,35.593246],[139.770244,35.59165],[139.76941,35.591386],[139.766003,35.589014],[139.766028,35.587561],[139.766073,35.585387],[139.76276,35.582766],[139.764245,35.580171],[139.758601,35.579281]]},"properties":{"route_id":"Shina98","route_title":"品９８ 大田市場行","pattern_id":"4102","direction_id":"1","stop_count":22,"origin_stop_name":"品川駅港南口","destination_stop_name":"大田市場","path_type":"odpt-busstop-order-shape","source_stop_count":22,"solve_stop_count":22,"snap_fallback":true}},{"type":"Feature","id":"shape-Shina98-4106-1","geometry":{"type":"LineString","coordinates":[[139.741523,35.628447],[139.76276,35.582766],[139.764245,35.580171],[139.758601,35.579281]]},"properties":{"route_id":"Shina98","route_title":"品９８ 大田市場行","pattern_id":"4106","direction_id":"1","stop_count":4,"origin_stop_name":"品川駅港南口","destination_stop_name":"大田市場","path_type":"odpt-busstop-order-shape","source_stop_count":4,"solve_stop_count":4,"snap_fallback":true}},{"type":"Feature","id":"shape-Ta99-4301-1","geometry":{"type":"LineString","coordinates":[[139.7415,35.628246],[139.746817,35.629686],[139.748196,35.634003],[139.750758,35.634571],[139.751841,35.636662],[139.75447,35.638721],[139.756723,35.640033],[139.75599,35.642213],[139.75232,35.643147],[139.753357,35.645802],[139.749487,35.644402],[139.748199,35.644568]]},"properties":{"route_id":"Ta99","route_title":"田９９ 田町駅東口行","pattern_id":"4301","direction_id":"1","stop_count":12,"origin_stop_name":"品川駅港南口","destination_stop_name":"田町駅東口","path_type":"odpt-busstop-order-shape","source_stop_count":12,"solve_stop_count":12,"snap_fallback":true}},{"type":"Feature","id":"shape-Ta99-4301-2","geometry":{"type":"LineString","coordinates":[[139.748199,35.644568],[139.752459,35.645609],[139.752817,35.642964],[139.75621,35.641962],[139.756952,35.639748],[139.753914,35.63994],[139.752176,35.636478],[139.750157,35.633949],[139.748071,35.633287],[139.746915,35.629418],[139.7415,35.628246]]},"properties":{"route_id":"Ta99","route_title":"田９９ 品川駅港南口行","pattern_id":"4301","direction_id":"2","stop_count":11,"origin_stop_name":"田町駅東口","destination_stop_name":"品川駅港南口","path_type":"odpt-busstop-order-shape","source_stop_count":11,"solve_stop_count":11,"snap_fallback":true}},{"type":"Feature","id":"shape-Ta99-4302-2","geometry":{"type":"LineString","coordinates":[[139.7415,35.628246],[139.751091,35.631509]]},"properties":{"route_id":"Ta99","route_title":"田９９ 港南四丁目行","pattern_id":"4302","direction_id":"2","stop_count":2,"origin_stop_name":"品川駅港南口","destination_stop_name":"港南四丁目","path_type":"odpt-busstop-order-shape","source_stop_count":2,"solve_stop_count":2,"snap_fallback":true}},{"type":"Feature","id":"shape-Shina99-4505-3","geometry":{"type":"LineString","coordinates":[[139.741196,35.628853],[139.747667,35.631742],[139.751091,35.631509],[139.75401,35.631215],[139.756054,35.629698],[139.756095,35.628102],[139.756243,35.624605],[139.754811,35.621572],[139.753716,35.622297],[139.753985,35.62373],[139.754154,35.626182],[139.754291,35.628029],[139.754423,35.630298],[139.755321,35.632184],[139.757601,35.631507],[139.757681,35.629026],[139.755719,35.627938],[139.750833,35.631242],[139.748164,35.6314],[139.741331,35.629481]]},"properties":{"route_id":"Shina99","route_title":"品９９ 品川駅港南口行","pattern_id":"4505","direction_id":"3","stop_count":20,"origin_stop_name":"品川駅港南口","destination_stop_name":"品川駅港南口","path_type":"odpt-busstop-order-shape","source_stop_count":20,"solve_stop_count":20,"snap_fallback":true}},{"type":"Feature","id":"shape-NM01-4601-1","geometry":{"type":"LineString","coordinates":[[139.779406,35.627171],[139.774762,35.621057],[139.77524,35.618961],[139.776382,35.617548],[139.778878,35.617403],[139.781694,35.618002],[139.799159,35.59873],[139.797433,35.600865]]},"properties":{"route_id":"NM01","route_title":"波０１（ＮＭ０１） 中央防波堤行","pattern_id":"4601","direction_id":"1","stop_count":8,"origin_stop_name":"東京テレポート駅前","destination_stop_name":"中央防波堤","path_type":"odpt-busstop-order-shape","source_stop_count":8,"solve_stop_count":8,"snap_fallback":true}},{"type":"Feature","id":"shape-NM01-4601-2","geometry":{"type":"LineString","coordinates":[[139.797626,35.600958],[139.799223,35.598956],[139.781753,35.617167],[139.779545,35.617405],[139.776331,35.617164],[139.775285,35.618395],[139.777191,35.620482],[139.7785,35.626795]]},"properties":{"route_id":"NM01","route_title":"波０１（ＮＭ０１） 東京テレポート駅前行","pattern_id":"4601","direction_id":"2","stop_count":8,"origin_stop_name":"中央防波堤","destination_stop_name":"東京テレポート駅前","path_type":"odpt-busstop-order-shape","source_stop_count":8,"solve_stop_count":8,"snap_fallback":true}},{"type":"Feature","id":"shape-NM01-4801-1","geometry":{"type":"LineString","coordinates":[[139.779406,35.627171],[139.774762,35.621057],[139.77524,35.618961],[139.776382,35.617548],[139.778878,35.617403],[139.781694,35.618002],[139.799159,35.59873],[139.797433,35.600865],[139.810113,35.605312],[139.816477,35.60806]]},"properties":{"route_id":"NM01","route_title":"波０１（ＮＭ０１） 海の森水上競技場行","pattern_id":"4801","direction_id":"1","stop_count":10,"origin_stop_name":"東京テレポート駅前","destination_stop_name":"海の森水上競技場","path_type":"odpt-busstop-order-shape","source_stop_count":10,"solve_stop_count":10,"snap_fallback":true}},{"type":"Feature","id":"shape-Gaku06-8102-1","geometry":{"type":"LineString","coordinates":[[139.709436,35.646979],[139.71149,35.649408],[139.713432,35.653095],[139.713614,35.654398],[139.717572,35.65581],[139.717658,35.655449]]},"properties":{"route_id":"Gaku06","route_title":"学０６ 日赤医療センター前行","pattern_id":"8102","direction_id":"1","stop_count":6,"origin_stop_name":"恵比寿駅前","destination_stop_name":"日赤医療センター前","path_type":"odpt-busstop-order-shape","source_stop_count":6,"solve_stop_count":6,"snap_fallback":true}},{"type":"Feature","id":"shape-NM01-4801-2","geometry":{"type":"LineString","coordinates":[[139.816477,35.60806],[139.809001,35.604709],[139.797626,35.600958],[139.799223,35.598956],[139.781753,35.617167],[139.779545,35.617405],[139.776331,35.617164],[139.775285,35.618395],[139.777191,35.620482],[139.7785,35.626795]]},"properties":{"route_id":"NM01","route_title":"波０１（ＮＭ０１） 東京テレポート駅前行","pattern_id":"4801","direction_id":"2","stop_count":10,"origin_stop_name":"海の森水上競技場","destination_stop_name":"東京テレポート駅前","path_type":"odpt-busstop-order-shape","source_stop_count":10,"solve_stop_count":10,"snap_fallback":true}},{"type":"Feature","id":"shape-NM01-4901-1","geometry":{"type":"LineString","coordinates":[[139.779062,35.627213],[139.810113,35.605312],[139.816477,35.60806]]},"properties":{"route_id":"NM01","route_title":"波０１（ＮＭ０１） 海の森水上競技場行","pattern_id":"4901","direction_id":"1","stop_count":3,"origin_stop_name":"東京テレポート駅前","destination_stop_name":"海の森水上競技場","path_type":"odpt-busstop-order-shape","source_stop_count":3,"solve_stop_count":3,"snap_fallback":true}},{"type":"Feature","id":"shape-NM01-4901-2","geometry":{"type":"LineString","coordinates":[[139.816477,35.60806],[139.809001,35.604709],[139.7785,35.626795]]},"properties":{"route_id":"NM01","route_title":"波０１（ＮＭ０１） 東京テレポート駅前行","pattern_id":"4901","direction_id":"2","stop_count":3,"origin_stop_name":"海の森水上競技場","destination_stop_name":"東京テレポート駅前","path_type":"odpt-busstop-order-shape","source_stop_count":3,"solve_stop_count":3,"snap_fallback":true}},{"type":"Feature","id":"shape-Gaku03-8004-1","geometry":{"type":"LineString","coordinates":[[139.701832,35.659189],[139.707404,35.658472],[139.711813,35.657636],[139.710972,35.656077],[139.713275,35.655217],[139.717572,35.65581],[139.717661,35.655175]]},"properties":{"route_id":"Gaku03","route_title":"学０３ 日赤医療センター前行","pattern_id":"8004","direction_id":"1","stop_count":7,"origin_stop_name":"渋谷駅前","destination_stop_name":"日赤医療センター前","path_type":"odpt-busstop-order-shape","source_stop_count":7,"solve_stop_count":7,"snap_fallback":true}},{"type":"Feature","id":"shape-Gaku03-8004-2","geometry":{"type":"LineString","coordinates":[[139.717661,35.655175],[139.713974,35.655158],[139.71099,35.655462],[139.710771,35.65665],[139.710593,35.657698],[139.707523,35.658075],[139.701832,35.659189]]},"properties":{"route_id":"Gaku03","route_title":"学０３ 渋谷駅前行","pattern_id":"8004","direction_id":"2","stop_count":7,"origin_stop_name":"日赤医療センター前","destination_stop_name":"渋谷駅前","path_type":"odpt-busstop-order-shape","source_stop_count":7,"solve_stop_count":7,"snap_fallback":true}},{"type":"Feature","id":"shape-Gaku06-8102-2","geometry":{"type":"LineString","coordinates":[[139.717658,35.655449],[139.713974,35.655158],[139.713463,35.65242],[139.710964,35.648644],[139.709436,35.646979]]},"properties":{"route_id":"Gaku06","route_title":"学０６ 恵比寿駅前行","pattern_id":"8102","direction_id":"2","stop_count":5,"origin_stop_name":"日赤医療センター前","destination_stop_name":"恵比寿駅前","path_type":"odpt-busstop-order-shape","source_stop_count":5,"solve_stop_count":5,"snap_fallback":true}},{"type":"Feature","id":"shape-Gaku06-8103-2","geometry":{"type":"LineString","coordinates":[[139.717572,35.65581],[139.709436,35.646979]]},"properties":{"route_id":"Gaku06","route_title":"学０６ 恵比寿駅前行","pattern_id":"8103","direction_id":"2","stop_count":2,"origin_stop_name":"東京女学館前","destination_stop_name":"恵比寿駅前","path_type":"odpt-busstop-order-shape","source_stop_count":2,"solve_stop_count":2,"snap_fallback":true}},{"type":"Feature","id":"shape-Shibu88-8206-1","geometry":{"type":"LineString","coordinates":[[139.702046,35.65872],[139.706471,35.660603],[139.708771,35.662088],[139.711467,35.662744],[139.714412,35.661228],[139.718101,35.659798],[139.722393,35.659759],[139.72757,35.661225],[139.733091,35.662936],[139.735571,35.661991],[139.740848,35.660098],[139.743382,35.661258],[139.745512,35.663639],[139.747037,35.66613],[139.750266,35.670194],[139.754187,35.668894],[139.756858,35.668054],[139.759255,35.666422]]},"properties":{"route_id":"Shibu88","route_title":"渋８８ 新橋駅前行","pattern_id":"8206","direction_id":"1","stop_count":18,"origin_stop_name":"渋谷駅前","destination_stop_name":"新橋駅前","path_type":"odpt-busstop-order-shape","source_stop_count":18,"solve_stop_count":18,"snap_fallback":true}},{"type":"Feature","id":"shape-Shibu88-8208-1","geometry":{"type":"LineString","coordinates":[[139.702046,35.65872],[139.706471,35.660603],[139.708771,35.662088],[139.711467,35.662744],[139.714412,35.661228],[139.718101,35.659798],[139.722393,35.659759],[139.72757,35.661225],[139.733091,35.662936],[139.735571,35.661991],[139.740848,35.660098],[139.743382,35.661258],[139.745512,35.663639]]},"properties":{"route_id":"Shibu88","route_title":"渋８８ 神谷町駅前行","pattern_id":"8208","direction_id":"1","stop_count":13,"origin_stop_name":"渋谷駅前","destination_stop_name":"神谷町駅前","path_type":"odpt-busstop-order-shape","source_stop_count":13,"solve_stop_count":13,"snap_fallback":true}},{"type":"Feature","id":"shape-Ta87-8301-1","geometry":{"type":"LineString","coordinates":[[139.702059,35.659358],[139.70625,35.655683],[139.708226,35.653956],[139.709053,35.65234],[139.710147,35.650156],[139.710438,35.648356],[139.713104,35.646155],[139.716176,35.645698],[139.718931,35.645294],[139.721248,35.644949],[139.725787,35.644471],[139.730707,35.643814],[139.733667,35.64311],[139.737121,35.644501],[139.739786,35.646424],[139.742669,35.648036],[139.746527,35.646688]]},"properties":{"route_id":"Ta87","route_title":"田８７ 田町駅前行","pattern_id":"8301","direction_id":"1","stop_count":17,"origin_stop_name":"渋谷駅前","destination_stop_name":"田町駅前","path_type":"odpt-busstop-order-shape","source_stop_count":17,"solve_stop_count":17,"snap_fallback":true}},{"type":"Feature","id":"shape-Ta87-8301-2","geometry":{"type":"LineString","coordinates":[[139.746527,35.646688],[139.741574,35.647834],[139.739867,35.646169],[139.736996,35.644197],[139.733417,35.643168],[139.729966,35.643809],[139.725529,35.64442],[139.722378,35.644687],[139.719653,35.645078],[139.716707,35.645515],[139.71191,35.646422],[139.710425,35.647782],[139.709484,35.650495],[139.708808,35.652658],[139.707507,35.654156],[139.705981,35.655674],[139.702601,35.658527]]},"properties":{"route_id":"Ta87","route_title":"田８７ 渋谷駅前行","pattern_id":"8301","direction_id":"2","stop_count":17,"origin_stop_name":"田町駅前","destination_stop_name":"渋谷駅前","path_type":"odpt-busstop-order-shape","source_stop_count":17,"solve_stop_count":17,"snap_fallback":true}},{"type":"Feature","id":"shape-Ta87-8302-1","geometry":{"type":"LineString","coordinates":[[139.708226,35.653956],[139.709053,35.65234],[139.710147,35.650156],[139.710438,35.648356],[139.713104,35.646155],[139.716176,35.645698],[139.718931,35.645294],[139.721248,35.644949],[139.725787,35.644471],[139.730707,35.643814],[139.733667,35.64311],[139.737121,35.644501],[139.739786,35.646424],[139.742669,35.648036],[139.746527,35.646688]]},"properties":{"route_id":"Ta87","route_title":"田８７ 田町駅前行","pattern_id":"8302","direction_id":"1","stop_count":15,"origin_stop_name":"渋谷車庫前","destination_stop_name":"田町駅前","path_type":"odpt-busstop-order-shape","source_stop_count":15,"solve_stop_count":15,"snap_fallback":true}},{"type":"Feature","id":"shape-RH01-8403-1","geometry":{"type":"LineString","coordinates":[[139.702378,35.658807],[139.713843,35.658995],[139.718211,35.659406],[139.722393,35.659759],[139.729633,35.660541]]},"properties":{"route_id":"RH01","route_title":"ＲＨ０１ 六本木ヒルズ行","pattern_id":"8403","direction_id":"1","stop_count":5,"origin_stop_name":"渋谷駅前","destination_stop_name":"六本木ヒルズ","path_type":"odpt-busstop-order-shape","source_stop_count":5,"solve_stop_count":5,"snap_fallback":true}},{"type":"Feature","id":"shape-RH01-8403-2","geometry":{"type":"LineString","coordinates":[[139.729633,35.660541],[139.730604,35.659235],[139.72703,35.660692],[139.724627,35.659856],[139.718075,35.659137],[139.71349,35.658706],[139.707973,35.658091],[139.702601,35.658527]]},"properties":{"route_id":"RH01","route_title":"ＲＨ０１ 渋谷駅前行","pattern_id":"8403","direction_id":"2","stop_count":8,"origin_stop_name":"六本木ヒルズ","destination_stop_name":"渋谷駅前","path_type":"odpt-busstop-order-shape","source_stop_count":8,"solve_stop_count":8,"snap_fallback":true}},{"type":"Feature","id":"shape-T01-8501-1","geometry":{"type":"LineString","coordinates":[[139.702378,35.658807],[139.713843,35.658995],[139.718211,35.659406],[139.722393,35.659759],[139.72757,35.661225],[139.731226,35.662931],[139.73581,35.665185],[139.737652,35.6663],[139.739665,35.668011],[139.741954,35.670302],[139.747804,35.670429],[139.750266,35.670194],[139.754187,35.668894],[139.756858,35.668054],[139.759293,35.666223]]},"properties":{"route_id":"T01","route_title":"都０１（Ｔ０１） 新橋駅前行","pattern_id":"8501","direction_id":"1","stop_count":15,"origin_stop_name":"渋谷駅前","destination_stop_name":"新橋駅前","path_type":"odpt-busstop-order-shape","source_stop_count":15,"solve_stop_count":15,"snap_fallback":true}},{"type":"Feature","id":"shape-T01-8501-2","geometry":{"type":"LineString","coordinates":[[139.759293,35.666223],[139.756775,35.667795],[139.754176,35.668653],[139.750473,35.669866],[139.747059,35.670126],[139.742279,35.670135],[139.740116,35.667871],[139.738311,35.666244],[139.735961,35.664891],[139.731141,35.662521],[139.72703,35.660692],[139.724627,35.659856],[139.718075,35.659137],[139.71349,35.658706],[139.707973,35.658091],[139.702601,35.658527]]},"properties":{"route_id":"T01","route_title":"都０１（Ｔ０１） 渋谷駅前行","pattern_id":"8501","direction_id":"2","stop_count":16,"origin_stop_name":"新橋駅前","destination_stop_name":"渋谷駅前","path_type":"odpt-busstop-order-shape","source_stop_count":16,"solve_stop_count":16,"snap_fallback":true}},{"type":"Feature","id":"shape-T01-8505-1","geometry":{"type":"LineString","coordinates":[[139.702378,35.658807],[139.713843,35.658995],[139.718211,35.659406],[139.722393,35.659759],[139.72757,35.661225],[139.731226,35.662931],[139.73581,35.665185],[139.737652,35.6663],[139.740007,35.667632]]},"properties":{"route_id":"T01","route_title":"都０１（Ｔ０１） 赤坂アークヒルズ行","pattern_id":"8505","direction_id":"1","stop_count":9,"origin_stop_name":"渋谷駅前","destination_stop_name":"赤坂アークヒルズ","path_type":"odpt-busstop-order-shape","source_stop_count":9,"solve_stop_count":9,"snap_fallback":true}},{"type":"Feature","id":"shape-T01-8505-2","geometry":{"type":"LineString","coordinates":[[139.740007,35.667632],[139.738311,35.666244],[139.735961,35.664891],[139.731141,35.662521],[139.72703,35.660692],[139.724627,35.659856],[139.718075,35.659137],[139.71349,35.658706],[139.707973,35.658091],[139.702601,35.658527]]},"properties":{"route_id":"T01","route_title":"都０１（Ｔ０１） 渋谷駅前行","pattern_id":"8505","direction_id":"2","stop_count":10,"origin_stop_name":"赤坂アークヒルズ","destination_stop_name":"渋谷駅前","path_type":"odpt-busstop-order-shape","source_stop_count":10,"solve_stop_count":10,"snap_fallback":true}},{"type":"Feature","id":"shape-Gaku02-16201-1","geometry":{"type":"LineString","coordinates":[[139.70446,35.713342],[139.710782,35.711414],[139.716995,35.708952],[139.718697,35.706885],[139.721481,35.708697]]},"properties":{"route_id":"Gaku02","route_title":"学０２ 早大正門行","pattern_id":"16201","direction_id":"1","stop_count":5,"origin_stop_name":"高田馬場駅前","destination_stop_name":"早大正門","path_type":"odpt-busstop-order-shape","source_stop_count":5,"solve_stop_count":5,"snap_fallback":true}},{"type":"Feature","id":"shape-T01-8506-1","geometry":{"type":"LineString","coordinates":[[139.731226,35.662931],[139.73581,35.665185],[139.737652,35.6663],[139.739665,35.668011],[139.741954,35.670302],[139.747804,35.670429],[139.750266,35.670194],[139.754187,35.668894],[139.756858,35.668054],[139.759293,35.666223]]},"properties":{"route_id":"T01","route_title":"都０１（Ｔ０１） 新橋駅前行","pattern_id":"8506","direction_id":"1","stop_count":10,"origin_stop_name":"六本木駅前","destination_stop_name":"新橋駅前","path_type":"odpt-busstop-order-shape","source_stop_count":10,"solve_stop_count":10,"snap_fallback":true}},{"type":"Feature","id":"shape-T06-8601-1","geometry":{"type":"LineString","coordinates":[[139.702208,35.659386],[139.70625,35.655683],[139.708226,35.653956],[139.709053,35.65234],[139.710147,35.650156],[139.71098,35.64942],[139.715668,35.648544],[139.717662,35.648848],[139.721054,35.648196],[139.722364,35.647892],[139.723587,35.647548],[139.727442,35.646877],[139.731226,35.647386],[139.736061,35.64716],[139.736575,35.649957],[139.736393,35.652036],[139.736794,35.654359],[139.741972,35.654572],[139.74427,35.654355],[139.748338,35.65266],[139.753564,35.65288],[139.754606,35.657477],[139.755279,35.660724],[139.757063,35.662854],[139.759621,35.666022]]},"properties":{"route_id":"T06","route_title":"都０６ 新橋駅前行","pattern_id":"8601","direction_id":"1","stop_count":25,"origin_stop_name":"渋谷駅前","destination_stop_name":"新橋駅前","path_type":"odpt-busstop-order-shape","source_stop_count":25,"solve_stop_count":25,"snap_fallback":true}},{"type":"Feature","id":"shape-T06-8601-2","geometry":{"type":"LineString","coordinates":[[139.759243,35.665937],[139.756715,35.661919],[139.755837,35.660842],[139.754786,35.656182],[139.753377,35.652732],[139.747938,35.652556],[139.743781,35.654228],[139.741828,35.654448],[139.737166,35.65456],[139.73678,35.651992],[139.736965,35.649521],[139.735061,35.64657],[139.731206,35.647194],[139.727476,35.64659],[139.723527,35.647249],[139.721452,35.647901],[139.71982,35.648362],[139.717094,35.648549],[139.714688,35.648202],[139.712101,35.648552],[139.709484,35.650495],[139.708808,35.652658],[139.707507,35.654156],[139.705981,35.655674],[139.702601,35.658527]]},"properties":{"route_id":"T06","route_title":"都０６ 渋谷駅前行","pattern_id":"8601","direction_id":"2","stop_count":25,"origin_stop_name":"新橋駅前","destination_stop_name":"渋谷駅前","path_type":"odpt-busstop-order-shape","source_stop_count":25,"solve_stop_count":25,"snap_fallback":true}},{"type":"Feature","id":"shape-T06-8602-1","geometry":{"type":"LineString","coordinates":[[139.702208,35.659386],[139.70625,35.655683],[139.708226,35.653956],[139.709053,35.65234],[139.710147,35.650156],[139.71098,35.64942],[139.715668,35.648544],[139.717662,35.648848],[139.721054,35.648196],[139.722364,35.647892],[139.723587,35.647548],[139.727442,35.646877],[139.731226,35.647386],[139.736061,35.64716],[139.736575,35.649957],[139.736393,35.652036],[139.736794,35.654359],[139.741143,35.655495],[139.744159,35.654181]]},"properties":{"route_id":"T06","route_title":"都０６ 赤羽橋駅前行","pattern_id":"8602","direction_id":"1","stop_count":19,"origin_stop_name":"渋谷駅前","destination_stop_name":"赤羽橋駅前","path_type":"odpt-busstop-order-shape","source_stop_count":19,"solve_stop_count":19,"snap_fallback":true}},{"type":"Feature","id":"shape-T06-8602-2","geometry":{"type":"LineString","coordinates":[[139.743781,35.654228],[139.741828,35.654448],[139.737166,35.65456],[139.73678,35.651992],[139.736965,35.649521],[139.735061,35.64657],[139.731206,35.647194],[139.727476,35.64659],[139.723527,35.647249],[139.721452,35.647901],[139.71982,35.648362],[139.717094,35.648549],[139.714688,35.648202],[139.712101,35.648552],[139.709484,35.650495],[139.708808,35.652658],[139.707507,35.654156],[139.705981,35.655674],[139.702601,35.658527]]},"properties":{"route_id":"T06","route_title":"都０６ 渋谷駅前行","pattern_id":"8602","direction_id":"2","stop_count":19,"origin_stop_name":"赤羽橋駅前","destination_stop_name":"渋谷駅前","path_type":"odpt-busstop-order-shape","source_stop_count":19,"solve_stop_count":19,"snap_fallback":true}},{"type":"Feature","id":"shape-Shuku74-12001-1","geometry":{"type":"LineString","coordinates":[[139.697999,35.692568],[139.70199,35.693613],[139.70492,35.692821],[139.706831,35.69566],[139.707198,35.697191],[139.70995,35.700885],[139.712654,35.701462],[139.715769,35.701257],[139.71871,35.701022],[139.720163,35.699769],[139.718996,35.699388],[139.71974,35.697518]]},"properties":{"route_id":"Shuku74","route_title":"宿７４ 東京女子医大前行","pattern_id":"12001","direction_id":"1","stop_count":12,"origin_stop_name":"新宿駅西口","destination_stop_name":"東京女子医大前","path_type":"odpt-busstop-order-shape","source_stop_count":12,"solve_stop_count":12,"snap_fallback":true}},{"type":"Feature","id":"shape-Shuku74-12001-2","geometry":{"type":"LineString","coordinates":[[139.71974,35.697518],[139.719177,35.699568],[139.720402,35.699991],[139.717788,35.701165],[139.715482,35.701201],[139.712099,35.701261],[139.709293,35.700722],[139.707518,35.697287],[139.707145,35.695465],[139.704155,35.69274],[139.701917,35.693269],[139.698031,35.692592]]},"properties":{"route_id":"Shuku74","route_title":"宿７４ 新宿駅西口行","pattern_id":"12001","direction_id":"2","stop_count":12,"origin_stop_name":"東京女子医大前","destination_stop_name":"新宿駅西口","path_type":"odpt-busstop-order-shape","source_stop_count":12,"solve_stop_count":12,"snap_fallback":true}},{"type":"Feature","id":"shape-CH01-12101-3","geometry":{"type":"LineString","coordinates":[[139.698927,35.691108],[139.691452,35.690269],[139.692158,35.68886],[139.693583,35.689589]]},"properties":{"route_id":"CH01","route_title":"ＣＨ０１ 新宿駅西口行","pattern_id":"12101","direction_id":"3","stop_count":4,"origin_stop_name":"新宿駅西口","destination_stop_name":"都議会議事堂","path_type":"odpt-busstop-order-shape","source_stop_count":4,"solve_stop_count":4,"snap_fallback":true}},{"type":"Feature","id":"shape-Shuku75-12301-2","geometry":{"type":"LineString","coordinates":[[139.74415,35.682191],[139.742294,35.683948],[139.740506,35.684051],[139.738817,35.683848],[139.733552,35.6845],[139.7314,35.685371],[139.728006,35.686189],[139.725527,35.687061],[139.72411,35.689741],[139.725258,35.691824],[139.72444,35.694357],[139.719907,35.697418],[139.717954,35.69906],[139.716117,35.698368],[139.713468,35.697643],[139.709838,35.697584],[139.707518,35.697287],[139.707145,35.695465],[139.704155,35.69274],[139.701917,35.693269],[139.698031,35.692592]]},"properties":{"route_id":"Shuku75","route_title":"宿７５ 新宿駅西口行","pattern_id":"12301","direction_id":"2","stop_count":21,"origin_stop_name":"三宅坂","destination_stop_name":"新宿駅西口","path_type":"odpt-busstop-order-shape","source_stop_count":21,"solve_stop_count":21,"snap_fallback":true}},{"type":"Feature","id":"shape-Shuku75-12302-1","geometry":{"type":"LineString","coordinates":[[139.697999,35.692568],[139.70199,35.693613],[139.70492,35.692821],[139.706831,35.69566],[139.708079,35.697964],[139.709882,35.697785],[139.712824,35.697819],[139.716154,35.698537],[139.717968,35.699235],[139.71974,35.697518]]},"properties":{"route_id":"Shuku75","route_title":"宿７５ 東京女子医大前行","pattern_id":"12302","direction_id":"1","stop_count":10,"origin_stop_name":"新宿駅西口","destination_stop_name":"東京女子医大前","path_type":"odpt-busstop-order-shape","source_stop_count":10,"solve_stop_count":10,"snap_fallback":true}},{"type":"Feature","id":"shape-Shuku75-12302-2","geometry":{"type":"LineString","coordinates":[[139.71974,35.697518],[139.717954,35.69906],[139.716117,35.698368],[139.713468,35.697643],[139.709838,35.697584],[139.707518,35.697287],[139.707145,35.695465],[139.704155,35.69274],[139.701917,35.693269],[139.698031,35.692592]]},"properties":{"route_id":"Shuku75","route_title":"宿７５ 新宿駅西口行","pattern_id":"12302","direction_id":"2","stop_count":10,"origin_stop_name":"東京女子医大前","destination_stop_name":"新宿駅西口","path_type":"odpt-busstop-order-shape","source_stop_count":10,"solve_stop_count":10,"snap_fallback":true}},{"type":"Feature","id":"shape-Ii64-16001-3","geometry":{"type":"LineString","coordinates":[[139.693251,35.710259],[139.694521,35.709997],[139.6965,35.711474],[139.699319,35.712286],[139.704373,35.713754],[139.707519,35.712067],[139.710782,35.711414],[139.715821,35.709611],[139.716976,35.711481],[139.720781,35.711414],[139.722255,35.711029],[139.723959,35.710481],[139.726733,35.709839],[139.730339,35.710115],[139.735208,35.709139],[139.738789,35.708581],[139.743736,35.707176],[139.744932,35.703496],[139.746177,35.701671],[139.74893,35.69953],[139.75296,35.696158],[139.751118,35.695913],[139.748958,35.699141],[139.745988,35.701551],[139.744333,35.703257],[139.743151,35.706769],[139.738988,35.708376],[139.73543,35.708834],[139.730895,35.70994],[139.727839,35.709447],[139.724876,35.710006],[139.721079,35.711094],[139.717247,35.711737],[139.715999,35.709395],[139.710899,35.711183],[139.707304,35.712031],[139.704128,35.713674],[139.69966,35.712277],[139.696986,35.711522],[139.694804,35.709993],[139.693088,35.710132]]},"properties":{"route_id":"Ii64","route_title":"飯６４ 小滝橋車庫前行","pattern_id":"16001","direction_id":"3","stop_count":41,"origin_stop_name":"小滝橋車庫前","destination_stop_name":"小滝橋車庫前","path_type":"odpt-busstop-order-shape","source_stop_count":41,"solve_stop_count":41,"snap_fallback":true}},{"type":"Feature","id":"shape-Ii64-16002-1","geometry":{"type":"LineString","coordinates":[[139.693251,35.710259],[139.694521,35.709997],[139.6965,35.711474],[139.699319,35.712286],[139.704373,35.713754]]},"properties":{"route_id":"Ii64","route_title":"飯６４ 高田馬場駅前行","pattern_id":"16002","direction_id":"1","stop_count":5,"origin_stop_name":"小滝橋車庫前","destination_stop_name":"高田馬場駅前","path_type":"odpt-busstop-order-shape","source_stop_count":5,"solve_stop_count":5,"snap_fallback":true}},{"type":"Feature","id":"shape-Ii64-16003-1","geometry":{"type":"LineString","coordinates":[[139.693251,35.710259],[139.694521,35.709997],[139.6965,35.711474],[139.699319,35.712286],[139.704373,35.713754],[139.707519,35.712067],[139.710782,35.711414],[139.715821,35.709611],[139.720228,35.706488],[139.721788,35.710902]]},"properties":{"route_id":"Ii64","route_title":"飯６４ 早稲田行","pattern_id":"16003","direction_id":"1","stop_count":10,"origin_stop_name":"小滝橋車庫前","destination_stop_name":"早稲田","path_type":"odpt-busstop-order-shape","source_stop_count":10,"solve_stop_count":10,"snap_fallback":true}},{"type":"Feature","id":"shape-Ii64-16003-2","geometry":{"type":"LineString","coordinates":[[139.721079,35.711094],[139.717247,35.711737],[139.715999,35.709395],[139.710899,35.711183],[139.707304,35.712031],[139.704128,35.713674],[139.69966,35.712277],[139.696986,35.711522],[139.694804,35.709993],[139.693088,35.710132]]},"properties":{"route_id":"Ii64","route_title":"飯６４ 小滝橋車庫前行","pattern_id":"16003","direction_id":"2","stop_count":10,"origin_stop_name":"早稲田","destination_stop_name":"小滝橋車庫前","path_type":"odpt-busstop-order-shape","source_stop_count":10,"solve_stop_count":10,"snap_fallback":true}},{"type":"Feature","id":"shape-Ue69-16103-3","geometry":{"type":"LineString","coordinates":[[139.693251,35.710259],[139.694521,35.709997],[139.6965,35.711474],[139.699319,35.712286],[139.704203,35.713814],[139.707519,35.712067],[139.710782,35.711414],[139.715821,35.709611],[139.716976,35.711481],[139.720781,35.711414],[139.722255,35.711029],[139.723959,35.710481],[139.726733,35.709839],[139.730339,35.710115],[139.735208,35.709139],[139.738789,35.708581],[139.744123,35.708],[139.746093,35.709826],[139.748912,35.709197],[139.752475,35.708579],[139.757401,35.707454],[139.759698,35.707545],[139.764796,35.707504],[139.768288,35.708415],[139.773104,35.7087],[139.770971,35.709391],[139.769409,35.708194],[139.7645,35.707363],[139.761212,35.707467],[139.756771,35.707208],[139.752526,35.708366],[139.748601,35.709163],[139.746312,35.710026],[139.743998,35.707814],[139.743151,35.706769],[139.738988,35.708376],[139.73543,35.708834],[139.730895,35.70994],[139.727839,35.709447],[139.724876,35.710006],[139.721079,35.711094],[139.717247,35.711737],[139.715999,35.709395],[139.710899,35.711183],[139.707304,35.712031],[139.704128,35.713674],[139.69966,35.712277],[139.696986,35.711522],[139.694804,35.709993],[139.693088,35.710132]]},"properties":{"route_id":"Ue69","route_title":"上６９ 小滝橋車庫前行","pattern_id":"16103","direction_id":"3","stop_count":50,"origin_stop_name":"小滝橋車庫前","destination_stop_name":"小滝橋車庫前","path_type":"odpt-busstop-order-shape","source_stop_count":50,"solve_stop_count":50,"snap_fallback":true}},{"type":"Feature","id":"shape-Gaku02-16201-2","geometry":{"type":"LineString","coordinates":[[139.721682,35.708631],[139.718389,35.706934],[139.716947,35.708693],[139.710899,35.711183],[139.704401,35.713192]]},"properties":{"route_id":"Gaku02","route_title":"学０２ 高田馬場駅前行","pattern_id":"16201","direction_id":"2","stop_count":5,"origin_stop_name":"早大正門","destination_stop_name":"高田馬場駅前","path_type":"odpt-busstop-order-shape","source_stop_count":5,"solve_stop_count":5,"snap_fallback":true}},{"type":"Feature","id":"shape-Ii64-16202-1","geometry":{"type":"LineString","coordinates":[[139.693251,35.710259],[139.694521,35.709997],[139.6965,35.711474],[139.699319,35.712286],[139.704373,35.713754]]},"properties":{"route_id":"Ii64","route_title":"飯６４ 高田馬場駅前行","pattern_id":"16202","direction_id":"1","stop_count":5,"origin_stop_name":"小滝橋車庫前","destination_stop_name":"高田馬場駅前","path_type":"odpt-busstop-order-shape","source_stop_count":5,"solve_stop_count":5,"snap_fallback":true}},{"type":"Feature","id":"shape-Hashi63-16402-1","geometry":{"type":"LineString","coordinates":[[139.693251,35.710259],[139.694436,35.707261],[139.696261,35.701833],[139.699583,35.701574],[139.704627,35.701215],[139.706914,35.701029],[139.70995,35.700885],[139.712654,35.701462],[139.715769,35.701257]]},"properties":{"route_id":"Hashi63","route_title":"橋６３ 国立国際医療センター前行","pattern_id":"16402","direction_id":"1","stop_count":9,"origin_stop_name":"小滝橋車庫前","destination_stop_name":"国立国際医療センター前","path_type":"odpt-busstop-order-shape","source_stop_count":9,"solve_stop_count":9,"snap_fallback":true}},{"type":"Feature","id":"shape-Hashi63-16402-2","geometry":{"type":"LineString","coordinates":[[139.715482,35.701201],[139.712099,35.701261],[139.709293,35.700722],[139.704755,35.701104],[139.69975,35.701452],[139.69632,35.701695],[139.694237,35.706201],[139.693088,35.710132]]},"properties":{"route_id":"Hashi63","route_title":"橋６３ 小滝橋車庫前行","pattern_id":"16402","direction_id":"2","stop_count":8,"origin_stop_name":"国立国際医療センター前","destination_stop_name":"小滝橋車庫前","path_type":"odpt-busstop-order-shape","source_stop_count":8,"solve_stop_count":8,"snap_fallback":true}},{"type":"Feature","id":"shape-Haya81-16505-2","geometry":{"type":"LineString","coordinates":[[139.716555,35.6877],[139.72026,35.688536],[139.722435,35.690919],[139.72444,35.694357],[139.719907,35.697418],[139.719177,35.699568],[139.720402,35.699991],[139.721571,35.703162],[139.720228,35.706488],[139.721608,35.708471]]},"properties":{"route_id":"Haya81","route_title":"早８１ 早大正門行","pattern_id":"16505","direction_id":"2","stop_count":10,"origin_stop_name":"四谷四丁目","destination_stop_name":"早大正門","path_type":"odpt-busstop-order-shape","source_stop_count":10,"solve_stop_count":10,"snap_fallback":true}},{"type":"Feature","id":"shape-Taka71-16601-2","geometry":{"type":"LineString","coordinates":[[139.752348,35.695436],[139.745767,35.693986],[139.742611,35.692861],[139.740389,35.6922],[139.736915,35.691229],[139.729901,35.69095],[139.726818,35.691552],[139.72444,35.694357],[139.719907,35.697418],[139.717954,35.69906],[139.716117,35.698368],[139.713468,35.697643],[139.709838,35.697584],[139.707473,35.69851],[139.708036,35.701684],[139.708449,35.703964],[139.708727,35.7064],[139.708872,35.707471],[139.706068,35.708608],[139.70373,35.7105],[139.704411,35.713047]]},"properties":{"route_id":"Taka71","route_title":"高７１ 高田馬場駅前行","pattern_id":"16601","direction_id":"2","stop_count":21,"origin_stop_name":"九段下","destination_stop_name":"高田馬場駅前","path_type":"odpt-busstop-order-shape","source_stop_count":21,"solve_stop_count":21,"snap_fallback":true}},{"type":"Feature","id":"shape-Ike86-20003-1","geometry":{"type":"LineString","coordinates":[[139.713017,35.729609],[139.711637,35.725926],[139.711705,35.723651],[139.712906,35.720883],[139.712223,35.715871],[139.709921,35.710806],[139.709138,35.707734],[139.708851,35.705625],[139.708625,35.703829],[139.708182,35.701422],[139.707518,35.697287],[139.707145,35.695465],[139.705432,35.691599]]},"properties":{"route_id":"Ike86","route_title":"池８６ 新宿伊勢丹前行","pattern_id":"20003","direction_id":"1","stop_count":13,"origin_stop_name":"池袋駅東口","destination_stop_name":"新宿伊勢丹前","path_type":"odpt-busstop-order-shape","source_stop_count":13,"solve_stop_count":13,"snap_fallback":true}},{"type":"Feature","id":"shape-Ike86-20003-2","geometry":{"type":"LineString","coordinates":[[139.705281,35.691726],[139.706831,35.69566],[139.707198,35.697191],[139.708036,35.701684],[139.708449,35.703964],[139.708727,35.7064],[139.709169,35.709029],[139.710071,35.712013],[139.712043,35.715992],[139.712726,35.720833],[139.711676,35.723314],[139.71238,35.727313],[139.713109,35.729523]]},"properties":{"route_id":"Ike86","route_title":"池８６ 池袋駅東口行","pattern_id":"20003","direction_id":"2","stop_count":13,"origin_stop_name":"新宿伊勢丹前","destination_stop_name":"池袋駅東口","path_type":"odpt-busstop-order-shape","source_stop_count":13,"solve_stop_count":13,"snap_fallback":true}},{"type":"Feature","id":"shape-Ike86Shutsunyuu-20004-3","geometry":{"type":"LineString","coordinates":[[139.720859,35.711158],[139.717247,35.711737],[139.715999,35.709395],[139.709921,35.710806],[139.709138,35.707734],[139.708851,35.705625],[139.708625,35.703829],[139.708182,35.701422],[139.707518,35.697287],[139.707145,35.695465],[139.705432,35.691599],[139.703811,35.689109],[139.703242,35.686828],[139.704691,35.681918],[139.7049,35.679337],[139.706851,35.675218],[139.707096,35.67066],[139.705817,35.668909],[139.703473,35.665745],[139.700915,35.662694],[139.700834,35.660016],[139.702217,35.660295],[139.702156,35.664052],[139.703172,35.665678],[139.704938,35.668003],[139.707331,35.671184],[139.706656,35.675143],[139.704619,35.679394],[139.704465,35.68283],[139.703151,35.686473],[139.703648,35.689233],[139.705281,35.691726],[139.706831,35.69566],[139.707198,35.697191],[139.708036,35.701684],[139.708449,35.703964],[139.708727,35.7064],[139.709169,35.709029],[139.710071,35.712013],[139.712043,35.715992],[139.712726,35.720833],[139.711676,35.723314],[139.71238,35.727313],[139.713109,35.729523]]},"properties":{"route_id":"Ike86Shutsunyuu","route_title":"池８６出入 池袋駅東口行","pattern_id":"20004","direction_id":"3","stop_count":44,"origin_stop_name":"早稲田","destination_stop_name":"池袋駅東口","path_type":"odpt-busstop-order-shape","source_stop_count":44,"solve_stop_count":44,"snap_fallback":true}},{"type":"Feature","id":"shape-Ike86Shutsunyuu-20013-1","geometry":{"type":"LineString","coordinates":[[139.720859,35.711158],[139.717247,35.711737],[139.715999,35.709395],[139.710071,35.712013],[139.712043,35.715992],[139.712726,35.720833],[139.711676,35.723314],[139.71238,35.727313],[139.713109,35.729523]]},"properties":{"route_id":"Ike86Shutsunyuu","route_title":"池８６出入 池袋駅東口行","pattern_id":"20013","direction_id":"1","stop_count":9,"origin_stop_name":"早稲田","destination_stop_name":"池袋駅東口","path_type":"odpt-busstop-order-shape","source_stop_count":9,"solve_stop_count":9,"snap_fallback":true}},{"type":"Feature","id":"shape-Ike86Shutsunyuu-20013-2","geometry":{"type":"LineString","coordinates":[[139.713017,35.729609],[139.711637,35.725926],[139.711705,35.723651],[139.712906,35.720883],[139.712223,35.715871],[139.710782,35.711414],[139.715821,35.709611],[139.719363,35.706362],[139.722979,35.709077],[139.721788,35.710902]]},"properties":{"route_id":"Ike86Shutsunyuu","route_title":"池８６出入 早稲田行","pattern_id":"20013","direction_id":"2","stop_count":10,"origin_stop_name":"池袋駅東口","destination_stop_name":"早稲田","path_type":"odpt-busstop-order-shape","source_stop_count":10,"solve_stop_count":10,"snap_fallback":true}},{"type":"Feature","id":"shape-Ike86Shutsunyuu-20016-3","geometry":{"type":"LineString","coordinates":[[139.713017,35.729609],[139.711637,35.725926],[139.711705,35.723651],[139.712906,35.720883],[139.712223,35.715871],[139.709921,35.710806],[139.709138,35.707734],[139.708851,35.705625],[139.708625,35.703829],[139.708182,35.701422],[139.707518,35.697287],[139.707145,35.695465],[139.705432,35.691599],[139.703811,35.689109],[139.703242,35.686828],[139.704691,35.681918],[139.7049,35.679337],[139.706851,35.675218],[139.707096,35.67066],[139.705817,35.668909],[139.703473,35.665745],[139.700915,35.662694],[139.700834,35.660016],[139.702217,35.660295],[139.702156,35.664052],[139.703172,35.665678],[139.704938,35.668003],[139.707331,35.671184],[139.706656,35.675143],[139.704619,35.679394],[139.704465,35.68283],[139.703151,35.686473],[139.703648,35.689233],[139.705281,35.691726],[139.706831,35.69566],[139.707198,35.697191],[139.708036,35.701684],[139.708449,35.703964],[139.708727,35.7064],[139.709169,35.709029],[139.710782,35.711414],[139.715821,35.709611],[139.719363,35.706362],[139.722979,35.709077],[139.721788,35.710902]]},"properties":{"route_id":"Ike86Shutsunyuu","route_title":"池８６出入 早稲田行","pattern_id":"20016","direction_id":"3","stop_count":45,"origin_stop_name":"池袋駅東口","destination_stop_name":"早稲田","path_type":"odpt-busstop-order-shape","source_stop_count":45,"solve_stop_count":45,"snap_fallback":true}},{"type":"Feature","id":"shape-Ue58-20101-1","geometry":{"type":"LineString","coordinates":[[139.722255,35.711029],[139.723959,35.710481],[139.726733,35.709839],[139.731153,35.711334],[139.730061,35.713555],[139.727978,35.717786],[139.728895,35.720844],[139.732441,35.721554],[139.736799,35.723141],[139.740912,35.725985],[139.744215,35.729112],[139.746797,35.730634],[139.749837,35.732723],[139.753845,35.733551],[139.756988,35.733254],[139.759428,35.731771],[139.76193,35.730263],[139.763611,35.72808],[139.762934,35.724179],[139.762375,35.722211],[139.762861,35.720314],[139.765055,35.718131],[139.767519,35.715209],[139.768675,35.712203],[139.772838,35.707558]]},"properties":{"route_id":"Ue58","route_title":"上５８ 上野松坂屋前行","pattern_id":"20101","direction_id":"1","stop_count":25,"origin_stop_name":"早稲田","destination_stop_name":"上野松坂屋前","path_type":"odpt-busstop-order-shape","source_stop_count":25,"solve_stop_count":25,"snap_fallback":true}},{"type":"Feature","id":"shape-Ue58-20101-2","geometry":{"type":"LineString","coordinates":[[139.772838,35.707558],[139.772073,35.709627],[139.76847,35.712178],[139.767435,35.714984],[139.76558,35.717369],[139.763361,35.719615],[139.762026,35.7216],[139.762868,35.72446],[139.763566,35.727601],[139.76258,35.729521],[139.758753,35.731927],[139.754983,35.733485],[139.75002,35.732573],[139.746197,35.730135],[139.743505,35.728103],[139.740198,35.725333],[139.736873,35.722999],[139.732635,35.721396],[139.727826,35.720257],[139.728356,35.71748],[139.730163,35.713922],[139.730895,35.70994],[139.727839,35.709447],[139.724876,35.710006],[139.721788,35.710902]]},"properties":{"route_id":"Ue58","route_title":"上５８ 早稲田行","pattern_id":"20101","direction_id":"2","stop_count":25,"origin_stop_name":"上野松坂屋前","destination_stop_name":"早稲田","path_type":"odpt-busstop-order-shape","source_stop_count":25,"solve_stop_count":25,"snap_fallback":true}},{"type":"Feature","id":"shape-Haya77-20201-1","geometry":{"type":"LineString","coordinates":[[139.720859,35.711158],[139.717247,35.711737],[139.715999,35.709395],[139.709921,35.710806],[139.709138,35.707734],[139.708851,35.705625],[139.708625,35.703829],[139.708182,35.701422],[139.707518,35.697287],[139.707145,35.695465],[139.704155,35.69274],[139.701917,35.693269],[139.698524,35.691958]]},"properties":{"route_id":"Haya77","route_title":"早７７ 新宿駅西口行","pattern_id":"20201","direction_id":"1","stop_count":13,"origin_stop_name":"早稲田","destination_stop_name":"新宿駅西口","path_type":"odpt-busstop-order-shape","source_stop_count":13,"solve_stop_count":13,"snap_fallback":true}},{"type":"Feature","id":"shape-Haya77-20201-2","geometry":{"type":"LineString","coordinates":[[139.698524,35.691958],[139.701215,35.692446],[139.705196,35.691584],[139.706831,35.69566],[139.707198,35.697191],[139.708036,35.701684],[139.708449,35.703964],[139.708727,35.7064],[139.709169,35.709029],[139.710782,35.711414],[139.715821,35.709611],[139.719363,35.706362],[139.722979,35.709077],[139.721788,35.710902]]},"properties":{"route_id":"Haya77","route_title":"早７７ 早稲田行","pattern_id":"20201","direction_id":"2","stop_count":14,"origin_stop_name":"新宿駅西口","destination_stop_name":"早稲田","path_type":"odpt-busstop-order-shape","source_stop_count":14,"solve_stop_count":14,"snap_fallback":true}},{"type":"Feature","id":"shape-Haya77-20202-2","geometry":{"type":"LineString","coordinates":[[139.698524,35.691958],[139.702547,35.693474],[139.70492,35.692821],[139.706831,35.69566],[139.707198,35.697191],[139.708036,35.701684],[139.708449,35.703964],[139.708727,35.7064],[139.709169,35.709029],[139.710782,35.711414],[139.715821,35.709611],[139.719363,35.706362],[139.722979,35.709077],[139.721788,35.710902]]},"properties":{"route_id":"Haya77","route_title":"早７７ 早稲田行","pattern_id":"20202","direction_id":"2","stop_count":14,"origin_stop_name":"新宿駅西口","destination_stop_name":"早稲田","path_type":"odpt-busstop-order-shape","source_stop_count":14,"solve_stop_count":14,"snap_fallback":true}},{"type":"Feature","id":"shape-Shina97-24001-1","geometry":{"type":"LineString","coordinates":[[139.737243,35.629893],[139.738072,35.63445],[139.738363,35.637662],[139.737417,35.641477],[139.735933,35.644574],[139.735061,35.64657],[139.731206,35.647194],[139.727476,35.64659],[139.723527,35.647249],[139.722347,35.649986],[139.723042,35.655175],[139.723531,35.658948],[139.72358,35.6623],[139.724266,35.666688],[139.723583,35.669485],[139.723292,35.673926],[139.721992,35.674876],[139.720527,35.677701],[139.719602,35.679475],[139.719321,35.681542],[139.719807,35.68395],[139.719261,35.687674],[139.717323,35.687502],[139.713199,35.687947],[139.71033,35.688547],[139.705868,35.690308],[139.704006,35.691158],[139.700413,35.692699],[139.698402,35.691687]]},"properties":{"route_id":"Shina97","route_title":"品９７ 新宿駅西口行","pattern_id":"24001","direction_id":"1","stop_count":29,"origin_stop_name":"品川駅高輪口","destination_stop_name":"新宿駅西口","path_type":"odpt-busstop-order-shape","source_stop_count":29,"solve_stop_count":29,"snap_fallback":true}},{"type":"Feature","id":"shape-Shina97-24001-2","geometry":{"type":"LineString","coordinates":[[139.698402,35.691687],[139.701215,35.692446],[139.704164,35.691238],[139.706391,35.690252],[139.710466,35.688705],[139.71335,35.688066],[139.716555,35.6877],[139.72041,35.687258],[139.720128,35.684589],[139.719481,35.680759],[139.719944,35.679409],[139.72061,35.678076],[139.722286,35.675023],[139.723591,35.673943],[139.724662,35.671337],[139.724322,35.667594],[139.723838,35.662458],[139.72387,35.658126],[139.723234,35.655109],[139.722509,35.650336],[139.723587,35.647548],[139.727442,35.646877],[139.731226,35.647386],[139.735015,35.646781],[139.736126,35.644559],[139.737683,35.64131],[139.734879,35.638785],[139.732953,35.634995],[139.732529,35.633272],[139.732432,35.630268],[139.737148,35.629472]]},"properties":{"route_id":"Shina97","route_title":"品９７ 品川駅高輪口行","pattern_id":"24001","direction_id":"2","stop_count":31,"origin_stop_name":"新宿駅西口","destination_stop_name":"品川駅高輪口","path_type":"odpt-busstop-order-shape","source_stop_count":31,"solve_stop_count":31,"snap_fallback":true}},{"type":"Feature","id":"shape-Shina97-24002-1","geometry":{"type":"LineString","coordinates":[[139.737243,35.629893],[139.738072,35.63445],[139.738363,35.637662],[139.737417,35.641477],[139.735933,35.644574],[139.735061,35.64657],[139.731206,35.647194],[139.727476,35.64659],[139.723527,35.647249],[139.722347,35.649986],[139.723042,35.655175],[139.723531,35.658948],[139.72358,35.6623],[139.724266,35.666688],[139.723583,35.669485],[139.723292,35.673926],[139.721992,35.674876],[139.720527,35.677701],[139.719602,35.679475],[139.719321,35.681542],[139.719807,35.68395],[139.719261,35.687674],[139.717323,35.687502],[139.713199,35.687947],[139.71033,35.688547],[139.706821,35.690625],[139.704155,35.69274],[139.701917,35.693269],[139.698402,35.691687]]},"properties":{"route_id":"Shina97","route_title":"品９７ 新宿駅西口行","pattern_id":"24002","direction_id":"1","stop_count":29,"origin_stop_name":"品川駅高輪口","destination_stop_name":"新宿駅西口","path_type":"odpt-busstop-order-shape","source_stop_count":29,"solve_stop_count":29,"snap_fallback":true}},{"type":"Feature","id":"shape-Shina97-24002-2","geometry":{"type":"LineString","coordinates":[[139.698402,35.691687],[139.70199,35.693613],[139.70492,35.692821],[139.707087,35.690432],[139.710466,35.688705],[139.71335,35.688066],[139.716555,35.6877],[139.72041,35.687258],[139.720128,35.684589],[139.719481,35.680759],[139.719944,35.679409],[139.72061,35.678076],[139.722286,35.675023],[139.723591,35.673943],[139.724662,35.671337],[139.724322,35.667594],[139.723838,35.662458],[139.72387,35.658126],[139.723234,35.655109],[139.722509,35.650336],[139.723587,35.647548],[139.727442,35.646877],[139.731226,35.647386],[139.735015,35.646781],[139.736126,35.644559],[139.737683,35.64131],[139.734879,35.638785],[139.732953,35.634995],[139.732529,35.633272],[139.732432,35.630268],[139.737148,35.629472]]},"properties":{"route_id":"Shina97","route_title":"品９７ 品川駅高輪口行","pattern_id":"24002","direction_id":"2","stop_count":31,"origin_stop_name":"新宿駅西口","destination_stop_name":"品川駅高輪口","path_type":"odpt-busstop-order-shape","source_stop_count":31,"solve_stop_count":31,"snap_fallback":true}},{"type":"Feature","id":"shape-Shina97-24003-1","geometry":{"type":"LineString","coordinates":[[139.737243,35.629893],[139.738072,35.63445],[139.738363,35.637662],[139.737417,35.641477],[139.735933,35.644574],[139.735061,35.64657],[139.731206,35.647194],[139.727476,35.64659],[139.723527,35.647249],[139.722347,35.649986],[139.723042,35.655175],[139.723531,35.658948],[139.72358,35.6623],[139.724266,35.666688],[139.723583,35.669485],[139.725412,35.672055]]},"properties":{"route_id":"Shina97","route_title":"品９７ 青山一丁目駅前行","pattern_id":"24003","direction_id":"1","stop_count":16,"origin_stop_name":"品川駅高輪口","destination_stop_name":"青山一丁目駅前","path_type":"odpt-busstop-order-shape","source_stop_count":16,"solve_stop_count":16,"snap_fallback":true}},{"type":"Feature","id":"shape-Shina97-24003-2","geometry":{"type":"LineString","coordinates":[[139.725326,35.672985],[139.724662,35.671337],[139.724322,35.667594],[139.723838,35.662458],[139.72387,35.658126],[139.723234,35.655109],[139.722509,35.650336],[139.723587,35.647548],[139.727442,35.646877],[139.731226,35.647386],[139.735015,35.646781],[139.736126,35.644559],[139.737683,35.64131],[139.734879,35.638785],[139.732953,35.634995],[139.732529,35.633272],[139.732432,35.630268],[139.737148,35.629472]]},"properties":{"route_id":"Shina97","route_title":"品９７ 品川駅高輪口行","pattern_id":"24003","direction_id":"2","stop_count":18,"origin_stop_name":"青山一丁目駅前","destination_stop_name":"品川駅高輪口","path_type":"odpt-busstop-order-shape","source_stop_count":18,"solve_stop_count":18,"snap_fallback":true}},{"type":"Feature","id":"shape-Shina97-24005-1","geometry":{"type":"LineString","coordinates":[[139.740859,35.623287],[139.742803,35.620474],[139.744372,35.618297],[139.739353,35.621138],[139.737901,35.624237],[139.737243,35.629893],[139.738072,35.63445],[139.738363,35.637662],[139.737417,35.641477],[139.735933,35.644574],[139.735061,35.64657],[139.731206,35.647194],[139.727476,35.64659],[139.723527,35.647249],[139.722347,35.649986],[139.723042,35.655175],[139.723531,35.658948],[139.72358,35.6623],[139.724266,35.666688],[139.723583,35.669485],[139.723292,35.673926],[139.721992,35.674876],[139.720527,35.677701],[139.719602,35.679475],[139.719321,35.681542],[139.719807,35.68395],[139.719261,35.687674],[139.717323,35.687502],[139.713199,35.687947],[139.71033,35.688547],[139.705868,35.690308],[139.704006,35.691158],[139.700413,35.692699],[139.698402,35.691687]]},"properties":{"route_id":"Shina97","route_title":"品９７ 新宿駅西口行","pattern_id":"24005","direction_id":"1","stop_count":34,"origin_stop_name":"品川車庫前","destination_stop_name":"新宿駅西口","path_type":"odpt-busstop-order-shape","source_stop_count":34,"solve_stop_count":34,"snap_fallback":true}},{"type":"Feature","id":"shape-Kusa63-36601-1","geometry":{"type":"LineString","coordinates":[[139.715999,35.727765],[139.712707,35.730954],[139.715099,35.732642],[139.719175,35.735811],[139.721005,35.737478],[139.722824,35.739103],[139.725958,35.741899],[139.728639,35.743872],[139.73148,35.740827],[139.733435,35.738648],[139.736508,35.735568]]},"properties":{"route_id":"Kusa63","route_title":"草６３ とげぬき地蔵前行","pattern_id":"36601","direction_id":"1","stop_count":11,"origin_stop_name":"東池袋一丁目","destination_stop_name":"とげぬき地蔵前","path_type":"odpt-busstop-order-shape","source_stop_count":11,"solve_stop_count":11,"snap_fallback":true}},{"type":"Feature","id":"shape-Shuku91-24006-1","geometry":{"type":"LineString","coordinates":[[139.652123,35.698046],[139.657531,35.698084],[139.659205,35.697894],[139.66206,35.697521],[139.664105,35.697511],[139.668455,35.697539],[139.671813,35.697638],[139.67475,35.697739],[139.67858,35.697562],[139.681719,35.697214],[139.689228,35.695664],[139.694555,35.693942],[139.698934,35.692197]]},"properties":{"route_id":"Shuku91","route_title":"宿９１ 新宿駅西口行","pattern_id":"24006","direction_id":"1","stop_count":13,"origin_stop_name":"杉並車庫前","destination_stop_name":"新宿駅西口","path_type":"odpt-busstop-order-shape","source_stop_count":13,"solve_stop_count":13,"snap_fallback":true}},{"type":"Feature","id":"shape-Shuku91-24006-2","geometry":{"type":"LineString","coordinates":[[139.698934,35.692197],[139.692215,35.694523],[139.689338,35.695394],[139.68172,35.697042],[139.679505,35.697273],[139.67501,35.697565],[139.671725,35.697453],[139.669335,35.697367],[139.665822,35.697289],[139.663219,35.697326],[139.660197,35.69758],[139.657455,35.697945],[139.653546,35.697875],[139.651828,35.697855]]},"properties":{"route_id":"Shuku91","route_title":"宿９１ 杉並車庫前行","pattern_id":"24006","direction_id":"2","stop_count":14,"origin_stop_name":"新宿駅西口","destination_stop_name":"杉並車庫前","path_type":"odpt-busstop-order-shape","source_stop_count":14,"solve_stop_count":14,"snap_fallback":true}},{"type":"Feature","id":"shape-Shuku91-24011-1","geometry":{"type":"LineString","coordinates":[[139.654236,35.692923],[139.65424,35.696023],[139.657531,35.698084],[139.659205,35.697894],[139.66206,35.697521],[139.664105,35.697511],[139.668455,35.697539],[139.671813,35.697638],[139.67475,35.697739],[139.67858,35.697562],[139.681719,35.697214],[139.689228,35.695664],[139.694555,35.693942],[139.69895,35.692235]]},"properties":{"route_id":"Shuku91","route_title":"宿９１ 新宿駅西口行","pattern_id":"24011","direction_id":"1","stop_count":14,"origin_stop_name":"堀ノ内","destination_stop_name":"新宿駅西口","path_type":"odpt-busstop-order-shape","source_stop_count":14,"solve_stop_count":14,"snap_fallback":true}},{"type":"Feature","id":"shape-Shuku91-24105-1","geometry":{"type":"LineString","coordinates":[[139.652123,35.698046],[139.657531,35.698084],[139.659205,35.697894],[139.66206,35.697521],[139.664105,35.697511],[139.668455,35.697539],[139.671813,35.697638],[139.67475,35.697739],[139.67858,35.697562],[139.681719,35.697214],[139.689228,35.695664],[139.694555,35.693942],[139.698934,35.692197]]},"properties":{"route_id":"Shuku91","route_title":"宿９１ 新宿駅西口行","pattern_id":"24105","direction_id":"1","stop_count":13,"origin_stop_name":"杉並車庫前","destination_stop_name":"新宿駅西口","path_type":"odpt-busstop-order-shape","source_stop_count":13,"solve_stop_count":13,"snap_fallback":true}},{"type":"Feature","id":"shape-Shuku91-24105-2","geometry":{"type":"LineString","coordinates":[[139.698934,35.692197],[139.692215,35.694523],[139.689338,35.695394],[139.68172,35.697042],[139.679505,35.697273],[139.67501,35.697565],[139.671725,35.697453],[139.669335,35.697367],[139.665822,35.697289],[139.663219,35.697326],[139.660197,35.69758],[139.657455,35.697945],[139.653546,35.697875],[139.651828,35.697855]]},"properties":{"route_id":"Shuku91","route_title":"宿９１ 杉並車庫前行","pattern_id":"24105","direction_id":"2","stop_count":14,"origin_stop_name":"新宿駅西口","destination_stop_name":"杉並車庫前","path_type":"odpt-busstop-order-shape","source_stop_count":14,"solve_stop_count":14,"snap_fallback":true}},{"type":"Feature","id":"shape-Shibu66-24201-1","geometry":{"type":"LineString","coordinates":[[139.636422,35.704467],[139.636037,35.701366],[139.636431,35.69918],[139.640133,35.698028],[139.643424,35.697798],[139.648369,35.697927],[139.652123,35.698046],[139.654789,35.697457],[139.654485,35.695467],[139.654799,35.691263],[139.655137,35.689644],[139.656057,35.686882],[139.657077,35.682446],[139.657241,35.679738],[139.659177,35.675592],[139.661208,35.672851],[139.664246,35.673667],[139.667191,35.674554],[139.671503,35.67582],[139.677579,35.677586],[139.681516,35.678991],[139.685805,35.681034],[139.688999,35.681286],[139.688744,35.679109],[139.688037,35.67617],[139.687905,35.674276],[139.687467,35.672365],[139.688039,35.669737],[139.689547,35.667782],[139.693039,35.664797],[139.696789,35.660767],[139.700208,35.659299]]},"properties":{"route_id":"Shibu66","route_title":"渋６６ 渋谷駅前行","pattern_id":"24201","direction_id":"1","stop_count":32,"origin_stop_name":"阿佐ヶ谷駅前","destination_stop_name":"渋谷駅前","path_type":"odpt-busstop-order-shape","source_stop_count":32,"solve_stop_count":32,"snap_fallback":true}},{"type":"Feature","id":"shape-Shibu66-24201-2","geometry":{"type":"LineString","coordinates":[[139.700208,35.659299],[139.699113,35.660591],[139.696636,35.662546],[139.694389,35.664963],[139.691353,35.66756],[139.687662,35.670054],[139.687847,35.672349],[139.687572,35.674492],[139.68767,35.676449],[139.688516,35.679581],[139.688735,35.681564],[139.685944,35.680788],[139.680802,35.678295],[139.676348,35.676928],[139.673654,35.676103],[139.667242,35.674228],[139.664332,35.673384],[139.659771,35.673872],[139.65865,35.676238],[139.657072,35.679347],[139.656688,35.682891],[139.655694,35.686923],[139.65498,35.688879],[139.65436,35.69236],[139.65424,35.696023],[139.653546,35.697875],[139.651243,35.697873],[139.647345,35.697687],[139.64333,35.6976],[139.640236,35.697775],[139.635549,35.700078],[139.636018,35.702041],[139.636422,35.704467]]},"properties":{"route_id":"Shibu66","route_title":"渋６６ 阿佐ヶ谷駅前行","pattern_id":"24201","direction_id":"2","stop_count":33,"origin_stop_name":"渋谷駅前","destination_stop_name":"阿佐ヶ谷駅前","path_type":"odpt-busstop-order-shape","source_stop_count":33,"solve_stop_count":33,"snap_fallback":true}},{"type":"Feature","id":"shape-Shibu66-24202-1","geometry":{"type":"LineString","coordinates":[[139.655694,35.686923],[139.65498,35.688879],[139.65436,35.69236],[139.65424,35.696023],[139.653546,35.697875],[139.651243,35.697873],[139.647345,35.697687],[139.64333,35.6976],[139.640236,35.697775],[139.635549,35.700078],[139.636018,35.702041],[139.636422,35.704467]]},"properties":{"route_id":"Shibu66","route_title":"渋６６ 阿佐ヶ谷駅前行","pattern_id":"24202","direction_id":"1","stop_count":12,"origin_stop_name":"和田堀橋","destination_stop_name":"阿佐ヶ谷駅前","path_type":"odpt-busstop-order-shape","source_stop_count":12,"solve_stop_count":12,"snap_fallback":true}},{"type":"Feature","id":"shape-Shibu66-24203-1","geometry":{"type":"LineString","coordinates":[[139.652123,35.698046],[139.654789,35.697457],[139.654485,35.695467],[139.654799,35.691263],[139.655137,35.689644],[139.656057,35.686882],[139.657077,35.682446],[139.657241,35.679738],[139.659177,35.675592],[139.661208,35.672851],[139.664246,35.673667],[139.667191,35.674554],[139.671503,35.67582],[139.677579,35.677586],[139.681516,35.678991],[139.685805,35.681034],[139.688999,35.681286],[139.688744,35.679109],[139.688037,35.67617],[139.687905,35.674276],[139.687467,35.672365],[139.688039,35.669737],[139.689547,35.667782],[139.693039,35.664797],[139.696789,35.660767],[139.700208,35.659299]]},"properties":{"route_id":"Shibu66","route_title":"渋６６ 渋谷駅前行","pattern_id":"24203","direction_id":"1","stop_count":26,"origin_stop_name":"杉並車庫前","destination_stop_name":"渋谷駅前","path_type":"odpt-busstop-order-shape","source_stop_count":26,"solve_stop_count":26,"snap_fallback":true}},{"type":"Feature","id":"shape-Shibu66-24203-2","geometry":{"type":"LineString","coordinates":[[139.700208,35.659299],[139.699113,35.660591],[139.696636,35.662546],[139.694389,35.664963],[139.691353,35.66756],[139.687662,35.670054],[139.687847,35.672349],[139.687572,35.674492],[139.68767,35.676449],[139.688516,35.679581],[139.688735,35.681564],[139.685944,35.680788],[139.680802,35.678295],[139.676348,35.676928],[139.673654,35.676103],[139.667242,35.674228],[139.664332,35.673384],[139.659771,35.673872],[139.65865,35.676238],[139.657072,35.679347],[139.656688,35.682891],[139.655694,35.686923],[139.65498,35.688879],[139.65436,35.69236],[139.65424,35.696023],[139.653546,35.697875],[139.651828,35.697855]]},"properties":{"route_id":"Shibu66","route_title":"渋６６ 杉並車庫前行","pattern_id":"24203","direction_id":"2","stop_count":27,"origin_stop_name":"渋谷駅前","destination_stop_name":"杉並車庫前","path_type":"odpt-busstop-order-shape","source_stop_count":27,"solve_stop_count":27,"snap_fallback":true}},{"type":"Feature","id":"shape-Shibu66-24204-1","geometry":{"type":"LineString","coordinates":[[139.651243,35.697873],[139.647345,35.697687],[139.64333,35.6976],[139.640236,35.697775],[139.635549,35.700078],[139.636018,35.702041],[139.636422,35.704467]]},"properties":{"route_id":"Shibu66","route_title":"渋６６ 阿佐ヶ谷駅前行","pattern_id":"24204","direction_id":"1","stop_count":7,"origin_stop_name":"杉並車庫前","destination_stop_name":"阿佐ヶ谷駅前","path_type":"odpt-busstop-order-shape","source_stop_count":7,"solve_stop_count":7,"snap_fallback":true}},{"type":"Feature","id":"shape-Shibu66-24204-2","geometry":{"type":"LineString","coordinates":[[139.636422,35.704467],[139.636037,35.701366],[139.636431,35.69918],[139.640133,35.698028],[139.643424,35.697798],[139.648369,35.697927],[139.65166,35.697838]]},"properties":{"route_id":"Shibu66","route_title":"渋６６ 杉並車庫前行","pattern_id":"24204","direction_id":"2","stop_count":7,"origin_stop_name":"阿佐ヶ谷駅前","destination_stop_name":"杉並車庫前","path_type":"odpt-busstop-order-shape","source_stop_count":7,"solve_stop_count":7,"snap_fallback":true}},{"type":"Feature","id":"shape-Shuku91-24302-1","geometry":{"type":"LineString","coordinates":[[139.660389,35.663729],[139.660608,35.665126],[139.661378,35.669425],[139.659771,35.673872],[139.65865,35.676238],[139.657072,35.679347],[139.656688,35.682891],[139.655694,35.686923],[139.65498,35.688879],[139.654236,35.692923],[139.65424,35.696023],[139.657531,35.698084],[139.659205,35.697894],[139.66206,35.697521],[139.664105,35.697511],[139.668455,35.697539],[139.671813,35.697638],[139.67475,35.697739],[139.67858,35.697562],[139.681719,35.697214],[139.689228,35.695664],[139.694555,35.693942],[139.69895,35.692235]]},"properties":{"route_id":"Shuku91","route_title":"宿９１ 新宿駅西口行","pattern_id":"24302","direction_id":"1","stop_count":23,"origin_stop_name":"新代田駅前","destination_stop_name":"新宿駅西口","path_type":"odpt-busstop-order-shape","source_stop_count":23,"solve_stop_count":23,"snap_fallback":true}},{"type":"Feature","id":"shape-Shuku91-24305-1","geometry":{"type":"LineString","coordinates":[[139.652123,35.698046],[139.654789,35.697457],[139.654485,35.695467],[139.654799,35.691263],[139.655137,35.689644],[139.656057,35.686882],[139.657077,35.682446],[139.657241,35.679738],[139.659177,35.675592],[139.661418,35.671217],[139.661558,35.66922],[139.660891,35.665393],[139.660571,35.663565]]},"properties":{"route_id":"Shuku91","route_title":"宿９１ 新代田駅前行","pattern_id":"24305","direction_id":"1","stop_count":13,"origin_stop_name":"杉並車庫前","destination_stop_name":"新代田駅前","path_type":"odpt-busstop-order-shape","source_stop_count":13,"solve_stop_count":13,"snap_fallback":true}},{"type":"Feature","id":"shape-Shuku91-24303-1","geometry":{"type":"LineString","coordinates":[[139.654236,35.692923],[139.65424,35.696023],[139.657531,35.698084],[139.659205,35.697894],[139.66206,35.697521],[139.664105,35.697511],[139.668455,35.697539],[139.671813,35.697638],[139.67475,35.697739],[139.67858,35.697562],[139.681719,35.697214],[139.689228,35.695664],[139.694555,35.693942],[139.69895,35.692235]]},"properties":{"route_id":"Shuku91","route_title":"宿９１ 新宿駅西口行","pattern_id":"24303","direction_id":"1","stop_count":14,"origin_stop_name":"堀ノ内","destination_stop_name":"新宿駅西口","path_type":"odpt-busstop-order-shape","source_stop_count":14,"solve_stop_count":14,"snap_fallback":true}},{"type":"Feature","id":"shape-Shuku91-24303-2","geometry":{"type":"LineString","coordinates":[[139.69895,35.692235],[139.692215,35.694523],[139.689338,35.695394],[139.68172,35.697042],[139.679505,35.697273],[139.67501,35.697565],[139.671725,35.697453],[139.669335,35.697367],[139.665822,35.697289],[139.663219,35.697326],[139.660197,35.69758],[139.657455,35.697945],[139.654789,35.697457],[139.654485,35.695467],[139.65436,35.69236]]},"properties":{"route_id":"Shuku91","route_title":"宿９１ 堀ノ内行","pattern_id":"24303","direction_id":"2","stop_count":15,"origin_stop_name":"新宿駅西口","destination_stop_name":"堀ノ内","path_type":"odpt-busstop-order-shape","source_stop_count":15,"solve_stop_count":15,"snap_fallback":true}},{"type":"Feature","id":"shape-Shuku91-24304-1","geometry":{"type":"LineString","coordinates":[[139.652123,35.698046],[139.657531,35.698084],[139.659205,35.697894],[139.66206,35.697521],[139.664105,35.697511],[139.668455,35.697539],[139.671813,35.697638],[139.67475,35.697739],[139.67858,35.697562],[139.681719,35.697214],[139.689228,35.695664],[139.694555,35.693942],[139.698934,35.692197]]},"properties":{"route_id":"Shuku91","route_title":"宿９１ 新宿駅西口行","pattern_id":"24304","direction_id":"1","stop_count":13,"origin_stop_name":"杉並車庫前","destination_stop_name":"新宿駅西口","path_type":"odpt-busstop-order-shape","source_stop_count":13,"solve_stop_count":13,"snap_fallback":true}},{"type":"Feature","id":"shape-Shuku91-24304-2","geometry":{"type":"LineString","coordinates":[[139.698934,35.692197],[139.692215,35.694523],[139.689338,35.695394],[139.68172,35.697042],[139.679505,35.697273],[139.67501,35.697565],[139.671725,35.697453],[139.669335,35.697367],[139.665822,35.697289],[139.663219,35.697326],[139.660197,35.69758],[139.657455,35.697945],[139.653546,35.697875],[139.651828,35.697855]]},"properties":{"route_id":"Shuku91","route_title":"宿９１ 杉並車庫前行","pattern_id":"24304","direction_id":"2","stop_count":14,"origin_stop_name":"新宿駅西口","destination_stop_name":"杉並車庫前","path_type":"odpt-busstop-order-shape","source_stop_count":14,"solve_stop_count":14,"snap_fallback":true}},{"type":"Feature","id":"shape-Shuku91-24305-2","geometry":{"type":"LineString","coordinates":[[139.660389,35.663729],[139.660608,35.665126],[139.661378,35.669425],[139.659771,35.673872],[139.65865,35.676238],[139.657072,35.679347],[139.656688,35.682891],[139.655694,35.686923],[139.65498,35.688879],[139.65436,35.69236],[139.65424,35.696023],[139.653546,35.697875],[139.651828,35.697855]]},"properties":{"route_id":"Shuku91","route_title":"宿９１ 杉並車庫前行","pattern_id":"24305","direction_id":"2","stop_count":13,"origin_stop_name":"新代田駅前","destination_stop_name":"杉並車庫前","path_type":"odpt-busstop-order-shape","source_stop_count":13,"solve_stop_count":13,"snap_fallback":true}},{"type":"Feature","id":"shape-Ume70-28001-1","geometry":{"type":"LineString","coordinates":[[139.249863,35.790205],[139.250877,35.790174],[139.253267,35.790033],[139.255373,35.789953],[139.25796,35.790169],[139.260963,35.788779],[139.263437,35.789265],[139.2655,35.789773],[139.268276,35.790597],[139.271896,35.79099],[139.275135,35.790136],[139.277679,35.790615],[139.280454,35.791152],[139.28182,35.789928],[139.282819,35.788895],[139.28608,35.788641],[139.289406,35.788455],[139.295758,35.788103],[139.298598,35.787775],[139.302179,35.787412],[139.306618,35.786541],[139.310835,35.785119],[139.315147,35.783888],[139.318113,35.783065],[139.323786,35.781541],[139.329201,35.779576],[139.334722,35.777468],[139.339801,35.775912],[139.342489,35.772287],[139.352922,35.770112],[139.354937,35.768377],[139.35839,35.766865],[139.361978,35.765801],[139.36507,35.763967],[139.368495,35.761648],[139.3717,35.760109],[139.375282,35.759101],[139.377415,35.759251],[139.381137,35.757682],[139.384944,35.756225],[139.387205,35.755474],[139.392103,35.754728],[139.395185,35.75453],[139.400008,35.755337],[139.400794,35.756767],[139.402377,35.757956],[139.408081,35.757127],[139.412488,35.75618],[139.416156,35.755279],[139.418933,35.754346],[139.423738,35.753101],[139.426967,35.752056],[139.426652,35.749319],[139.428197,35.746172],[139.429369,35.744292],[139.430259,35.742911],[139.431176,35.74126],[139.432854,35.738242],[139.433697,35.736947],[139.434951,35.734726],[139.438931,35.732517],[139.442699,35.732008],[139.446518,35.731582],[139.450766,35.731332],[139.456327,35.730888],[139.461502,35.730481],[139.463412,35.730336],[139.467993,35.730227],[139.470677,35.730299],[139.47559,35.730521],[139.478972,35.730613],[139.484574,35.730729],[139.487662,35.731447],[139.487724,35.732843],[139.488158,35.736984]]},"properties":{"route_id":"Ume70","route_title":"梅７０ 小平駅前行","pattern_id":"28001","direction_id":"1","stop_count":75,"origin_stop_name":"青梅車庫","destination_stop_name":"小平駅前","path_type":"odpt-busstop-order-shape","source_stop_count":75,"solve_stop_count":50,"snap_fallback":true}},{"type":"Feature","id":"shape-Ume70-28001-2","geometry":{"type":"LineString","coordinates":[[139.488158,35.736984],[139.487889,35.732227],[139.486185,35.730653],[139.483879,35.730611],[139.478968,35.730505],[139.476886,35.730443],[139.471244,35.730209],[139.468454,35.730133],[139.463791,35.730223],[139.461624,35.730394],[139.456871,35.730793],[139.451867,35.731157],[139.446279,35.731523],[139.442812,35.731906],[139.437333,35.732713],[139.434235,35.733763],[139.433736,35.736666],[139.432353,35.739025],[139.430999,35.741303],[139.430041,35.743023],[139.429352,35.744172],[139.427943,35.746413],[139.426435,35.749696],[139.426873,35.752116],[139.422552,35.753219],[139.417864,35.754606],[139.4166,35.755104],[139.412407,35.756105],[139.408849,35.756854],[139.403921,35.75783],[139.400984,35.756897],[139.399775,35.754862],[139.397116,35.754273],[139.391899,35.754663],[139.387623,35.755222],[139.385093,35.756073],[139.381776,35.757444],[139.377579,35.759075],[139.374411,35.75908],[139.371826,35.759958],[139.36841,35.761554],[139.36503,35.763906],[139.362265,35.765593],[139.356919,35.767362],[139.355075,35.768121],[139.352661,35.770307],[139.342559,35.771976],[139.339667,35.775764],[139.334815,35.777252],[139.329456,35.779316],[139.323621,35.781375],[139.31785,35.78295],[139.314527,35.783842],[139.310824,35.785121],[139.305673,35.786587],[139.302265,35.787242],[139.298598,35.787577],[139.295745,35.787918],[139.289335,35.788257],[139.285819,35.788514],[139.282965,35.788689],[139.281637,35.790004],[139.28068,35.791093],[139.277737,35.790547],[139.275233,35.790029],[139.271968,35.790888],[139.268179,35.79045],[139.265339,35.789637],[139.262788,35.789104],[139.260825,35.788723],[139.257987,35.790169],[139.255514,35.78983],[139.253525,35.789949],[139.250785,35.790115]]},"properties":{"route_id":"Ume70","route_title":"梅７０ 青梅車庫行","pattern_id":"28001","direction_id":"2","stop_count":74,"origin_stop_name":"小平駅前","destination_stop_name":"青梅車庫","path_type":"odpt-busstop-order-shape","source_stop_count":74,"solve_stop_count":50,"snap_fallback":true}},{"type":"Feature","id":"shape-Ume70-28004-1","geometry":{"type":"LineString","coordinates":[[139.249863,35.790205],[139.250877,35.790174],[139.253267,35.790033],[139.255373,35.789953],[139.25796,35.790169],[139.260963,35.788779],[139.263437,35.789265],[139.2655,35.789773],[139.268276,35.790597],[139.271896,35.79099],[139.275135,35.790136],[139.277679,35.790615],[139.280454,35.791152],[139.28182,35.789928],[139.282819,35.788895],[139.28608,35.788641],[139.289406,35.788455],[139.295758,35.788103],[139.298598,35.787775],[139.302179,35.787412],[139.306618,35.786541],[139.310835,35.785119],[139.315147,35.783888],[139.318113,35.783065],[139.323786,35.781541],[139.329201,35.779576],[139.334722,35.777468],[139.339801,35.775912],[139.342489,35.772287],[139.352922,35.770112],[139.354937,35.768377],[139.35839,35.766865],[139.361978,35.765801],[139.36507,35.763967],[139.368495,35.761648],[139.3717,35.760109],[139.375282,35.759101],[139.377415,35.759251],[139.381137,35.757682],[139.384944,35.756225],[139.387205,35.755474],[139.392103,35.754728],[139.395185,35.75453],[139.400008,35.755337],[139.400794,35.756767],[139.402377,35.757956],[139.408081,35.757127],[139.412488,35.75618],[139.416156,35.755279],[139.418933,35.754346],[139.423738,35.753101],[139.426967,35.752056],[139.426652,35.749319],[139.428197,35.746172],[139.429369,35.744292],[139.430259,35.742911],[139.431176,35.74126],[139.432854,35.738242],[139.433697,35.736947],[139.434951,35.734726]]},"properties":{"route_id":"Ume70","route_title":"梅７０ 東大和市駅前行","pattern_id":"28004","direction_id":"1","stop_count":60,"origin_stop_name":"青梅車庫","destination_stop_name":"東大和市駅前","path_type":"odpt-busstop-order-shape","source_stop_count":60,"solve_stop_count":50,"snap_fallback":true}},{"type":"Feature","id":"shape-Ume70-28004-2","geometry":{"type":"LineString","coordinates":[[139.434235,35.733763],[139.433736,35.736666],[139.432353,35.739025],[139.430999,35.741303],[139.430041,35.743023],[139.429352,35.744172],[139.427943,35.746413],[139.426435,35.749696],[139.426873,35.752116],[139.422552,35.753219],[139.417864,35.754606],[139.4166,35.755104],[139.412407,35.756105],[139.408849,35.756854],[139.403921,35.75783],[139.400984,35.756897],[139.399775,35.754862],[139.397116,35.754273],[139.391899,35.754663],[139.387623,35.755222],[139.385093,35.756073],[139.381776,35.757444],[139.377579,35.759075],[139.374411,35.75908],[139.371826,35.759958],[139.36841,35.761554],[139.36503,35.763906],[139.362265,35.765593],[139.356919,35.767362],[139.355075,35.768121],[139.352661,35.770307],[139.342559,35.771976],[139.339667,35.775764],[139.334815,35.777252],[139.329456,35.779316],[139.323621,35.781375],[139.31785,35.78295],[139.314527,35.783842],[139.310824,35.785121],[139.305673,35.786587],[139.302265,35.787242],[139.298598,35.787577],[139.295745,35.787918],[139.289335,35.788257],[139.285819,35.788514],[139.282965,35.788689],[139.281637,35.790004],[139.28068,35.791093],[139.277737,35.790547],[139.275233,35.790029],[139.271968,35.790888],[139.268179,35.79045],[139.265339,35.789637],[139.262788,35.789104],[139.260825,35.788723],[139.257987,35.790169],[139.255514,35.78983],[139.253525,35.789949],[139.250785,35.790115]]},"properties":{"route_id":"Ume70","route_title":"梅７０ 青梅車庫行","pattern_id":"28004","direction_id":"2","stop_count":59,"origin_stop_name":"東大和市駅前","destination_stop_name":"青梅車庫","path_type":"odpt-busstop-order-shape","source_stop_count":59,"solve_stop_count":50,"snap_fallback":true}},{"type":"Feature","id":"shape-Ume70-28005-1","geometry":{"type":"LineString","coordinates":[[139.426652,35.749319],[139.428197,35.746172],[139.429369,35.744292],[139.430259,35.742911],[139.431176,35.74126],[139.432854,35.738242],[139.433697,35.736947],[139.434951,35.734726],[139.438931,35.732517],[139.442699,35.732008],[139.446518,35.731582],[139.450766,35.731332],[139.456327,35.730888],[139.461502,35.730481],[139.463412,35.730336],[139.467993,35.730227],[139.470677,35.730299],[139.47559,35.730521],[139.478972,35.730613],[139.484574,35.730729],[139.487662,35.731447],[139.487724,35.732843],[139.488158,35.736984]]},"properties":{"route_id":"Ume70","route_title":"梅７０ 小平駅前行","pattern_id":"28005","direction_id":"1","stop_count":23,"origin_stop_name":"大和操車所前","destination_stop_name":"小平駅前","path_type":"odpt-busstop-order-shape","source_stop_count":23,"solve_stop_count":23,"snap_fallback":true}},{"type":"Feature","id":"shape-Ume70-28007-2","geometry":{"type":"LineString","coordinates":[[139.426435,35.749696],[139.426873,35.752116],[139.422552,35.753219],[139.417864,35.754606],[139.4166,35.755104],[139.412407,35.756105],[139.408849,35.756854],[139.403921,35.75783],[139.400984,35.756897],[139.399775,35.754862],[139.397116,35.754273],[139.391899,35.754663],[139.387623,35.755222],[139.385093,35.756073],[139.381776,35.757444],[139.377579,35.759075],[139.374411,35.75908],[139.371826,35.759958],[139.36841,35.761554],[139.36503,35.763906],[139.362265,35.765593],[139.356919,35.767362],[139.355075,35.768121],[139.352661,35.770307],[139.342559,35.771976],[139.339667,35.775764],[139.334815,35.777252],[139.329456,35.779316],[139.323621,35.781375],[139.31785,35.78295],[139.314527,35.783842],[139.310824,35.785121],[139.305673,35.786587],[139.302265,35.787242],[139.298598,35.787577],[139.295745,35.787918],[139.289335,35.788257],[139.285819,35.788514],[139.282965,35.788689],[139.281637,35.790004],[139.28068,35.791093],[139.277737,35.790547],[139.275233,35.790029],[139.271968,35.790888],[139.268179,35.79045],[139.265339,35.789637],[139.262788,35.789104],[139.260825,35.788723],[139.257987,35.790169],[139.255514,35.78983],[139.253525,35.789949],[139.250785,35.790115]]},"properties":{"route_id":"Ume70","route_title":"梅７０ 青梅車庫行","pattern_id":"28007","direction_id":"2","stop_count":52,"origin_stop_name":"大和操車所前","destination_stop_name":"青梅車庫","path_type":"odpt-busstop-order-shape","source_stop_count":52,"solve_stop_count":50,"snap_fallback":true}},{"type":"Feature","id":"shape-Ume70-28008-1","geometry":{"type":"LineString","coordinates":[[139.249863,35.790205],[139.250877,35.790174],[139.253267,35.790033],[139.255373,35.789953],[139.25796,35.790169],[139.260963,35.788779],[139.263437,35.789265],[139.2655,35.789773],[139.268276,35.790597],[139.271896,35.79099],[139.275135,35.790136],[139.277679,35.790615],[139.280454,35.791152],[139.28182,35.789928],[139.282819,35.788895],[139.28608,35.788641],[139.289406,35.788455],[139.295758,35.788103],[139.298598,35.787775],[139.302179,35.787412],[139.306618,35.786541],[139.310835,35.785119],[139.315147,35.783888],[139.318113,35.783065],[139.323786,35.781541],[139.329201,35.779576],[139.334722,35.777468],[139.339801,35.775912],[139.342489,35.772287],[139.352922,35.770112],[139.354937,35.768377],[139.35839,35.766865],[139.361978,35.765801],[139.36507,35.763967],[139.368495,35.761648],[139.3717,35.760109],[139.375282,35.759101],[139.377415,35.759251],[139.381137,35.757682],[139.384944,35.756225],[139.387205,35.755474],[139.392103,35.754728],[139.395185,35.75453],[139.400008,35.755337],[139.400794,35.756767],[139.402377,35.757956],[139.408081,35.757127],[139.412488,35.75618],[139.416156,35.755279],[139.418933,35.754346],[139.423738,35.753101],[139.426967,35.752056],[139.426652,35.749319],[139.428197,35.746172],[139.429369,35.744292],[139.430259,35.742911],[139.431176,35.74126],[139.432854,35.738242],[139.433697,35.736947],[139.434951,35.734726],[139.438931,35.732517],[139.442699,35.732008],[139.446518,35.731582],[139.450766,35.731332],[139.456327,35.730888],[139.461502,35.730481],[139.463412,35.730336],[139.467993,35.730227],[139.470677,35.730299],[139.47559,35.730521],[139.478972,35.730613],[139.484574,35.730729],[139.490946,35.730767],[139.494166,35.730858],[139.497808,35.730775],[139.504013,35.730656],[139.508809,35.730563],[139.512914,35.730486],[139.51309,35.726457]]},"properties":{"route_id":"Ume70","route_title":"梅７０ 花小金井駅北口行","pattern_id":"28008","direction_id":"1","stop_count":79,"origin_stop_name":"青梅車庫","destination_stop_name":"花小金井駅北口","path_type":"odpt-busstop-order-shape","source_stop_count":79,"solve_stop_count":50,"snap_fallback":true}},{"type":"Feature","id":"shape-Ume70-28008-2","geometry":{"type":"LineString","coordinates":[[139.513281,35.726752],[139.513508,35.730376],[139.508383,35.730496],[139.504152,35.730581],[139.498056,35.730642],[139.494069,35.730685],[139.489559,35.73071],[139.486185,35.730653],[139.483879,35.730611],[139.478968,35.730505],[139.476886,35.730443],[139.471244,35.730209],[139.468454,35.730133],[139.463791,35.730223],[139.461624,35.730394],[139.456871,35.730793],[139.451867,35.731157],[139.446279,35.731523],[139.442812,35.731906],[139.437333,35.732713],[139.434235,35.733763],[139.433736,35.736666],[139.432353,35.739025],[139.430999,35.741303],[139.430041,35.743023],[139.429352,35.744172],[139.427943,35.746413],[139.426435,35.749696],[139.426873,35.752116],[139.422552,35.753219],[139.417864,35.754606],[139.4166,35.755104],[139.412407,35.756105],[139.408849,35.756854],[139.403921,35.75783],[139.400984,35.756897],[139.399775,35.754862],[139.397116,35.754273],[139.391899,35.754663],[139.387623,35.755222],[139.385093,35.756073],[139.381776,35.757444],[139.377579,35.759075],[139.374411,35.75908],[139.371826,35.759958],[139.36841,35.761554],[139.36503,35.763906],[139.362265,35.765593],[139.356919,35.767362],[139.355075,35.768121],[139.352661,35.770307],[139.342559,35.771976],[139.339667,35.775764],[139.334815,35.777252],[139.329456,35.779316],[139.323621,35.781375],[139.31785,35.78295],[139.314527,35.783842],[139.310824,35.785121],[139.305673,35.786587],[139.302265,35.787242],[139.298598,35.787577],[139.295745,35.787918],[139.289335,35.788257],[139.285819,35.788514],[139.282965,35.788689],[139.281637,35.790004],[139.28068,35.791093],[139.277737,35.790547],[139.275233,35.790029],[139.271968,35.790888],[139.268179,35.79045],[139.265339,35.789637],[139.262788,35.789104],[139.260825,35.788723],[139.257987,35.790169],[139.255514,35.78983],[139.253525,35.789949],[139.250785,35.790115]]},"properties":{"route_id":"Ume70","route_title":"梅７０ 青梅車庫行","pattern_id":"28008","direction_id":"2","stop_count":79,"origin_stop_name":"花小金井駅北口","destination_stop_name":"青梅車庫","path_type":"odpt-busstop-order-shape","source_stop_count":79,"solve_stop_count":50,"snap_fallback":true}},{"type":"Feature","id":"shape-Ume70-28009-1","geometry":{"type":"LineString","coordinates":[[139.249863,35.790205],[139.250877,35.790174],[139.253267,35.790033],[139.255373,35.789953],[139.25796,35.790169],[139.260963,35.788779],[139.263437,35.789265],[139.2655,35.789773],[139.268276,35.790597],[139.271896,35.79099],[139.275135,35.790136],[139.277679,35.790615],[139.280454,35.791152],[139.28182,35.789928],[139.282819,35.788895],[139.28608,35.788641],[139.289406,35.788455],[139.295758,35.788103],[139.298598,35.787775],[139.302179,35.787412],[139.306618,35.786541],[139.310835,35.785119],[139.315147,35.783888],[139.318113,35.783065],[139.323786,35.781541],[139.329201,35.779576],[139.334722,35.777468],[139.339801,35.775912],[139.342489,35.772287],[139.346347,35.771291],[139.352922,35.770112],[139.354937,35.768377],[139.35839,35.766865],[139.361978,35.765801],[139.36507,35.763967],[139.368495,35.761648],[139.3717,35.760109],[139.375282,35.759101],[139.377415,35.759251],[139.381137,35.757682],[139.384944,35.756225],[139.387205,35.755474],[139.392103,35.754728],[139.395185,35.75453],[139.400008,35.755337],[139.400794,35.756767],[139.402377,35.757956],[139.408081,35.757127],[139.412488,35.75618],[139.416156,35.755279],[139.418933,35.754346],[139.423738,35.753101],[139.426967,35.752056],[139.426652,35.749319],[139.428197,35.746172],[139.429369,35.744292],[139.430259,35.742911],[139.431176,35.74126],[139.432854,35.738242],[139.433697,35.736947],[139.434951,35.734726],[139.438931,35.732517],[139.442699,35.732008],[139.446518,35.731582],[139.450766,35.731332],[139.456327,35.730888],[139.461502,35.730481],[139.463412,35.730336],[139.467993,35.730227],[139.470677,35.730299],[139.47559,35.730521],[139.478972,35.730613],[139.484574,35.730729],[139.490946,35.730767],[139.494166,35.730858],[139.497808,35.730775],[139.504013,35.730656],[139.508809,35.730563],[139.512914,35.730486],[139.51309,35.726457]]},"properties":{"route_id":"Ume70","route_title":"梅７０ 花小金井駅北口行","pattern_id":"28009","direction_id":"1","stop_count":80,"origin_stop_name":"青梅車庫","destination_stop_name":"花小金井駅北口","path_type":"odpt-busstop-order-shape","source_stop_count":80,"solve_stop_count":50,"snap_fallback":true}},{"type":"Feature","id":"shape-Ume70-28009-2","geometry":{"type":"LineString","coordinates":[[139.513281,35.726752],[139.513508,35.730376],[139.508383,35.730496],[139.504152,35.730581],[139.498056,35.730642],[139.494069,35.730685],[139.489559,35.73071],[139.486185,35.730653],[139.483879,35.730611],[139.478968,35.730505],[139.476886,35.730443],[139.471244,35.730209],[139.468454,35.730133],[139.463791,35.730223],[139.461624,35.730394],[139.456871,35.730793],[139.451867,35.731157],[139.446279,35.731523],[139.442812,35.731906],[139.437333,35.732713],[139.434235,35.733763],[139.433736,35.736666],[139.432353,35.739025],[139.430999,35.741303],[139.430041,35.743023],[139.429352,35.744172],[139.427943,35.746413],[139.426435,35.749696],[139.426873,35.752116],[139.422552,35.753219],[139.417864,35.754606],[139.4166,35.755104],[139.412407,35.756105],[139.408849,35.756854],[139.403921,35.75783],[139.400984,35.756897],[139.399775,35.754862],[139.397116,35.754273],[139.391899,35.754663],[139.387623,35.755222],[139.385093,35.756073],[139.381776,35.757444],[139.377579,35.759075],[139.374411,35.75908],[139.371826,35.759958],[139.36841,35.761554],[139.36503,35.763906],[139.362265,35.765593],[139.356919,35.767362],[139.355075,35.768121],[139.352661,35.770307],[139.346406,35.771285],[139.342559,35.771976],[139.339667,35.775764],[139.334815,35.777252],[139.329456,35.779316],[139.323621,35.781375],[139.31785,35.78295],[139.314527,35.783842],[139.310824,35.785121],[139.305673,35.786587],[139.302265,35.787242],[139.298598,35.787577],[139.295745,35.787918],[139.289335,35.788257],[139.285819,35.788514],[139.282965,35.788689],[139.281637,35.790004],[139.28068,35.791093],[139.277737,35.790547],[139.275233,35.790029],[139.271968,35.790888],[139.268179,35.79045],[139.265339,35.789637],[139.262788,35.789104],[139.260825,35.788723],[139.257987,35.790169],[139.255514,35.78983],[139.253525,35.789949],[139.250785,35.790115]]},"properties":{"route_id":"Ume70","route_title":"梅７０ 青梅車庫行","pattern_id":"28009","direction_id":"2","stop_count":80,"origin_stop_name":"花小金井駅北口","destination_stop_name":"青梅車庫","path_type":"odpt-busstop-order-shape","source_stop_count":80,"solve_stop_count":50,"snap_fallback":true}},{"type":"Feature","id":"shape-Ume70-28012-1","geometry":{"type":"LineString","coordinates":[[139.426652,35.749319],[139.428197,35.746172],[139.429369,35.744292],[139.430259,35.742911],[139.431176,35.74126],[139.432854,35.738242],[139.433697,35.736947],[139.434951,35.734726],[139.438931,35.732517],[139.442699,35.732008],[139.446518,35.731582],[139.450766,35.731332],[139.456327,35.730888],[139.461502,35.730481],[139.463412,35.730336],[139.467993,35.730227],[139.470677,35.730299],[139.47559,35.730521],[139.478972,35.730613],[139.484574,35.730729],[139.490946,35.730767],[139.494166,35.730858],[139.497808,35.730775],[139.504013,35.730656],[139.508809,35.730563],[139.512914,35.730486],[139.51309,35.726457]]},"properties":{"route_id":"Ume70","route_title":"梅７０ 花小金井駅北口行","pattern_id":"28012","direction_id":"1","stop_count":27,"origin_stop_name":"大和操車所前","destination_stop_name":"花小金井駅北口","path_type":"odpt-busstop-order-shape","source_stop_count":27,"solve_stop_count":27,"snap_fallback":true}},{"type":"Feature","id":"shape-Ume70-28012-2","geometry":{"type":"LineString","coordinates":[[139.513281,35.726752],[139.513508,35.730376],[139.508383,35.730496],[139.504152,35.730581],[139.498056,35.730642],[139.494069,35.730685],[139.489559,35.73071],[139.486185,35.730653],[139.483879,35.730611],[139.478968,35.730505],[139.476886,35.730443],[139.471244,35.730209],[139.468454,35.730133],[139.463791,35.730223],[139.461624,35.730394],[139.456871,35.730793],[139.451867,35.731157],[139.446279,35.731523],[139.442812,35.731906],[139.437333,35.732713],[139.434235,35.733763],[139.433736,35.736666],[139.432353,35.739025],[139.430999,35.741303],[139.430041,35.743023],[139.429352,35.744172],[139.427943,35.746413],[139.426435,35.749696]]},"properties":{"route_id":"Ume70","route_title":"梅７０ 大和操車所前行","pattern_id":"28012","direction_id":"2","stop_count":28,"origin_stop_name":"花小金井駅北口","destination_stop_name":"大和操車所前","path_type":"odpt-busstop-order-shape","source_stop_count":28,"solve_stop_count":28,"snap_fallback":true}},{"type":"Feature","id":"shape-Ume74Kou-28101-3","geometry":{"type":"LineString","coordinates":[[139.243235,35.789827],[139.244939,35.79024],[139.246974,35.790529],[139.250877,35.790174],[139.253267,35.790033],[139.255373,35.789953],[139.25796,35.790169],[139.260963,35.788779],[139.263437,35.789265],[139.2655,35.789773],[139.268276,35.790597],[139.2705,35.789712],[139.272229,35.78965],[139.274549,35.788372],[139.275233,35.790029],[139.271968,35.790888],[139.270658,35.792021],[139.270553,35.793664],[139.267837,35.797547],[139.265437,35.800546],[139.265233,35.802376],[139.265056,35.805168],[139.259402,35.809858],[139.254058,35.813307],[139.245237,35.819059],[139.248322,35.823152],[139.253521,35.823527],[139.256493,35.826388],[139.260656,35.828115],[139.263746,35.829671],[139.268399,35.83173],[139.271075,35.833039],[139.27433,35.835578],[139.278279,35.837536],[139.280571,35.837739],[139.285578,35.837845],[139.292587,35.838236],[139.297198,35.833987],[139.297021,35.832688],[139.29369,35.829301],[139.292216,35.828451],[139.289852,35.826436],[139.286242,35.823204],[139.281539,35.822421],[139.27881,35.822021],[139.27681,35.822235],[139.275648,35.820961],[139.274934,35.818495],[139.270742,35.81582],[139.268269,35.814866],[139.264432,35.813861],[139.25932,35.810304],[139.265135,35.805121],[139.265247,35.802106],[139.26561,35.80041],[139.267941,35.797555],[139.270613,35.79367],[139.27085,35.791681],[139.271896,35.79099],[139.275135,35.790136],[139.274563,35.788318],[139.27228,35.789648],[139.270606,35.7896],[139.268179,35.79045],[139.265339,35.789637],[139.262788,35.789104],[139.260825,35.788723],[139.257987,35.790169],[139.255514,35.78983],[139.253525,35.789949],[139.250785,35.790115],[139.247396,35.790475],[139.245364,35.79019],[139.243155,35.789814]]},"properties":{"route_id":"Ume74Kou","route_title":"梅７４甲 裏宿町行","pattern_id":"28101","direction_id":"3","stop_count":74,"origin_stop_name":"裏宿町","destination_stop_name":"裏宿町","path_type":"odpt-busstop-order-shape","source_stop_count":74,"solve_stop_count":50,"snap_fallback":true}},{"type":"Feature","id":"shape-Ume74Kou-28101-4","geometry":{"type":"LineString","coordinates":[[139.243235,35.789827],[139.244939,35.79024],[139.246974,35.790529],[139.250877,35.790174],[139.253267,35.790033],[139.255373,35.789953],[139.25796,35.790169],[139.260963,35.788779],[139.263437,35.789265],[139.2655,35.789773],[139.268276,35.790597],[139.2705,35.789712],[139.272229,35.78965],[139.274549,35.788372],[139.275233,35.790029],[139.271968,35.790888],[139.270658,35.792021],[139.270553,35.793664],[139.267837,35.797547],[139.265437,35.800546],[139.265233,35.802376],[139.265056,35.805168],[139.259402,35.809858],[139.264616,35.814133],[139.267773,35.814828],[139.270085,35.815643],[139.275271,35.818793],[139.275528,35.820957],[139.276762,35.822368],[139.278988,35.822137],[139.281322,35.82248],[139.285425,35.823084],[139.290019,35.826694],[139.291379,35.828024],[139.293631,35.829366],[139.296955,35.832836],[139.297114,35.833991],[139.29215,35.838228],[139.285578,35.837758],[139.280261,35.837657],[139.278687,35.837526],[139.274609,35.835709],[139.271638,35.833285],[139.268683,35.831727],[139.263746,35.829596],[139.260769,35.828154],[139.256369,35.826227],[139.253464,35.823415],[139.249773,35.823055],[139.245282,35.819004],[139.253717,35.813428],[139.25932,35.810304],[139.265135,35.805121],[139.265247,35.802106],[139.26561,35.80041],[139.267941,35.797555],[139.270613,35.79367],[139.27085,35.791681],[139.271896,35.79099],[139.275135,35.790136],[139.274563,35.788318],[139.27228,35.789648],[139.270606,35.7896],[139.268179,35.79045],[139.265339,35.789637],[139.262788,35.789104],[139.260825,35.788723],[139.257987,35.790169],[139.255514,35.78983],[139.253525,35.789949],[139.250785,35.790115],[139.247396,35.790475],[139.245364,35.79019],[139.243155,35.789814]]},"properties":{"route_id":"Ume74Kou","route_title":"梅７４甲 裏宿町行","pattern_id":"28101","direction_id":"4","stop_count":74,"origin_stop_name":"裏宿町","destination_stop_name":"裏宿町","path_type":"odpt-busstop-order-shape","source_stop_count":74,"solve_stop_count":50,"snap_fallback":true}},{"type":"Feature","id":"shape-Ume74Kou-28102-3","geometry":{"type":"LineString","coordinates":[[139.243235,35.789827],[139.244939,35.79024],[139.246974,35.790529],[139.250877,35.790174],[139.253267,35.790033],[139.255373,35.789953],[139.25796,35.790169],[139.260963,35.788779],[139.263437,35.789265],[139.2655,35.789773],[139.268276,35.790597],[139.2705,35.789712],[139.272229,35.78965],[139.274549,35.788372],[139.275233,35.790029],[139.271968,35.790888],[139.270658,35.792021],[139.270553,35.793664],[139.267837,35.797547],[139.265437,35.800546],[139.265233,35.802376],[139.265056,35.805168],[139.259402,35.809858],[139.254058,35.813307],[139.245237,35.819059],[139.248322,35.823152],[139.253521,35.823527],[139.256493,35.826388],[139.260656,35.828115],[139.263746,35.829671],[139.268399,35.83173],[139.271075,35.833039],[139.27433,35.835578],[139.278279,35.837536],[139.280571,35.837739],[139.285578,35.837845],[139.292587,35.838236],[139.297198,35.833987],[139.297021,35.832688],[139.29369,35.829301],[139.292216,35.828451],[139.289852,35.826436],[139.286242,35.823204],[139.281539,35.822421],[139.27881,35.822021],[139.27681,35.822235],[139.275648,35.820961],[139.274934,35.818495],[139.270742,35.81582],[139.268269,35.814866],[139.264432,35.813861],[139.25932,35.810304],[139.265135,35.805121],[139.265247,35.802106],[139.26561,35.80041],[139.267941,35.797555],[139.270613,35.79367],[139.27085,35.791681],[139.271896,35.79099],[139.275135,35.790136],[139.274563,35.788318],[139.27228,35.789648],[139.270606,35.7896],[139.268179,35.79045],[139.265339,35.789637],[139.262788,35.789104],[139.260825,35.788723],[139.257987,35.790169]]},"properties":{"route_id":"Ume74Kou","route_title":"梅７４甲 青梅駅前行","pattern_id":"28102","direction_id":"3","stop_count":68,"origin_stop_name":"裏宿町","destination_stop_name":"青梅駅前","path_type":"odpt-busstop-order-shape","source_stop_count":68,"solve_stop_count":50,"snap_fallback":true}},{"type":"Feature","id":"shape-Ume74Kou-28102-4","geometry":{"type":"LineString","coordinates":[[139.243235,35.789827],[139.244939,35.79024],[139.246974,35.790529],[139.250877,35.790174],[139.253267,35.790033],[139.255373,35.789953],[139.25796,35.790169],[139.260963,35.788779],[139.263437,35.789265],[139.2655,35.789773],[139.268276,35.790597],[139.2705,35.789712],[139.272229,35.78965],[139.274549,35.788372],[139.275233,35.790029],[139.271968,35.790888],[139.270658,35.792021],[139.270553,35.793664],[139.267837,35.797547],[139.265437,35.800546],[139.265233,35.802376],[139.265056,35.805168],[139.259402,35.809858],[139.264616,35.814133],[139.267773,35.814828],[139.270085,35.815643],[139.275271,35.818793],[139.275528,35.820957],[139.276762,35.822368],[139.278988,35.822137],[139.281322,35.82248],[139.285425,35.823084],[139.290019,35.826694],[139.291379,35.828024],[139.293631,35.829366],[139.296955,35.832836],[139.297114,35.833991],[139.29215,35.838228],[139.285578,35.837758],[139.280261,35.837657],[139.278687,35.837526],[139.274609,35.835709],[139.271638,35.833285],[139.268683,35.831727],[139.263746,35.829596],[139.260769,35.828154],[139.256369,35.826227],[139.253464,35.823415],[139.249773,35.823055],[139.245282,35.819004],[139.253717,35.813428],[139.25932,35.810304],[139.265135,35.805121],[139.265247,35.802106],[139.26561,35.80041],[139.267941,35.797555],[139.270613,35.79367],[139.27085,35.791681],[139.271896,35.79099],[139.275135,35.790136],[139.274563,35.788318],[139.27228,35.789648],[139.270606,35.7896],[139.268179,35.79045],[139.265339,35.789637],[139.262788,35.789104],[139.260825,35.788723],[139.257987,35.790169]]},"properties":{"route_id":"Ume74Kou","route_title":"梅７４甲 青梅駅前行","pattern_id":"28102","direction_id":"4","stop_count":68,"origin_stop_name":"裏宿町","destination_stop_name":"青梅駅前","path_type":"odpt-busstop-order-shape","source_stop_count":68,"solve_stop_count":50,"snap_fallback":true}},{"type":"Feature","id":"shape-Ume74Kou-28103-3","geometry":{"type":"LineString","coordinates":[[139.243235,35.789827],[139.244939,35.79024],[139.246974,35.790529],[139.250877,35.790174],[139.253267,35.790033],[139.255373,35.789953],[139.25796,35.790169],[139.260963,35.788779],[139.263437,35.789265],[139.2655,35.789773],[139.268276,35.790597],[139.2705,35.789712],[139.272229,35.78965],[139.274549,35.788372],[139.275233,35.790029],[139.271968,35.790888],[139.270658,35.792021],[139.270553,35.793664],[139.267837,35.797547],[139.265437,35.800546],[139.265233,35.802376],[139.265056,35.805168],[139.259402,35.809858],[139.254058,35.813307],[139.245237,35.819059],[139.248322,35.823152],[139.253521,35.823527],[139.256493,35.826388],[139.260656,35.828115],[139.263746,35.829671],[139.268399,35.83173],[139.271075,35.833039],[139.27433,35.835578],[139.278279,35.837536],[139.280571,35.837739],[139.285578,35.837845],[139.292587,35.838236],[139.297198,35.833987],[139.297021,35.832688],[139.29369,35.829301],[139.292216,35.828451],[139.289852,35.826436],[139.286242,35.823204],[139.281539,35.822421],[139.27881,35.822021],[139.27681,35.822235],[139.275648,35.820961],[139.274934,35.818495],[139.270742,35.81582],[139.268269,35.814866],[139.264432,35.813861],[139.25932,35.810304],[139.265135,35.805121],[139.265247,35.802106],[139.26561,35.80041],[139.267941,35.797555],[139.270613,35.79367],[139.27085,35.791681],[139.271896,35.79099],[139.275135,35.790136],[139.274563,35.788318],[139.27228,35.789648],[139.270606,35.7896],[139.268179,35.79045],[139.265339,35.789637],[139.262788,35.789104],[139.260825,35.788723],[139.257987,35.790169],[139.255514,35.78983],[139.253525,35.789949],[139.250785,35.790115]]},"properties":{"route_id":"Ume74Kou","route_title":"梅７４甲 青梅車庫行","pattern_id":"28103","direction_id":"3","stop_count":71,"origin_stop_name":"裏宿町","destination_stop_name":"青梅車庫","path_type":"odpt-busstop-order-shape","source_stop_count":71,"solve_stop_count":50,"snap_fallback":true}},{"type":"Feature","id":"shape-Ume74Kou-28103-4","geometry":{"type":"LineString","coordinates":[[139.243235,35.789827],[139.244939,35.79024],[139.246974,35.790529],[139.250877,35.790174],[139.253267,35.790033],[139.255373,35.789953],[139.25796,35.790169],[139.260963,35.788779],[139.263437,35.789265],[139.2655,35.789773],[139.268276,35.790597],[139.2705,35.789712],[139.272229,35.78965],[139.274549,35.788372],[139.275233,35.790029],[139.271968,35.790888],[139.270658,35.792021],[139.270553,35.793664],[139.267837,35.797547],[139.265437,35.800546],[139.265233,35.802376],[139.265056,35.805168],[139.259402,35.809858],[139.264616,35.814133],[139.267773,35.814828],[139.270085,35.815643],[139.275271,35.818793],[139.275528,35.820957],[139.276762,35.822368],[139.278988,35.822137],[139.281322,35.82248],[139.285425,35.823084],[139.290019,35.826694],[139.291379,35.828024],[139.293631,35.829366],[139.296955,35.832836],[139.297114,35.833991],[139.29215,35.838228],[139.285578,35.837758],[139.280261,35.837657],[139.278687,35.837526],[139.274609,35.835709],[139.271638,35.833285],[139.268683,35.831727],[139.263746,35.829596],[139.260769,35.828154],[139.256369,35.826227],[139.253464,35.823415],[139.249773,35.823055],[139.245282,35.819004],[139.253717,35.813428],[139.25932,35.810304],[139.265135,35.805121],[139.265247,35.802106],[139.26561,35.80041],[139.267941,35.797555],[139.270613,35.79367],[139.27085,35.791681],[139.271896,35.79099],[139.275135,35.790136],[139.274563,35.788318],[139.27228,35.789648],[139.270606,35.7896],[139.268179,35.79045],[139.265339,35.789637],[139.262788,35.789104],[139.260825,35.788723],[139.257987,35.790169],[139.255514,35.78983],[139.253525,35.789949],[139.250785,35.790115]]},"properties":{"route_id":"Ume74Kou","route_title":"梅７４甲 青梅車庫行","pattern_id":"28103","direction_id":"4","stop_count":71,"origin_stop_name":"裏宿町","destination_stop_name":"青梅車庫","path_type":"odpt-busstop-order-shape","source_stop_count":71,"solve_stop_count":50,"snap_fallback":true}},{"type":"Feature","id":"shape-Ume74Kou-28104-3","geometry":{"type":"LineString","coordinates":[[139.25796,35.790169],[139.260963,35.788779],[139.263437,35.789265],[139.2655,35.789773],[139.268276,35.790597],[139.2705,35.789712],[139.272229,35.78965],[139.274549,35.788372],[139.275233,35.790029],[139.271968,35.790888],[139.270658,35.792021],[139.270553,35.793664],[139.267837,35.797547],[139.265437,35.800546],[139.265233,35.802376],[139.265056,35.805168],[139.259402,35.809858],[139.254058,35.813307],[139.245237,35.819059],[139.248322,35.823152],[139.253521,35.823527],[139.256493,35.826388],[139.260656,35.828115],[139.263746,35.829671],[139.268399,35.83173],[139.271075,35.833039],[139.27433,35.835578],[139.278279,35.837536],[139.280571,35.837739],[139.285578,35.837845],[139.292587,35.838236],[139.297198,35.833987],[139.297021,35.832688],[139.29369,35.829301],[139.292216,35.828451],[139.289852,35.826436],[139.286242,35.823204],[139.281539,35.822421],[139.27881,35.822021],[139.27681,35.822235],[139.275648,35.820961],[139.274934,35.818495],[139.270742,35.81582],[139.268269,35.814866],[139.264432,35.813861],[139.25932,35.810304],[139.265135,35.805121],[139.265247,35.802106],[139.26561,35.80041],[139.267941,35.797555],[139.270613,35.79367],[139.27085,35.791681],[139.271896,35.79099],[139.275135,35.790136],[139.274563,35.788318],[139.27228,35.789648],[139.270606,35.7896],[139.268179,35.79045],[139.265339,35.789637],[139.262788,35.789104],[139.260825,35.788723],[139.257987,35.790169],[139.255514,35.78983],[139.253525,35.789949],[139.250785,35.790115],[139.247396,35.790475],[139.245364,35.79019],[139.243155,35.789814]]},"properties":{"route_id":"Ume74Kou","route_title":"梅７４甲 裏宿町行","pattern_id":"28104","direction_id":"3","stop_count":68,"origin_stop_name":"青梅駅前","destination_stop_name":"裏宿町","path_type":"odpt-busstop-order-shape","source_stop_count":68,"solve_stop_count":50,"snap_fallback":true}},{"type":"Feature","id":"shape-Ume74Kou-28106-3","geometry":{"type":"LineString","coordinates":[[139.249865,35.790205],[139.250877,35.790174],[139.253267,35.790033],[139.255373,35.789953],[139.25796,35.790169],[139.260963,35.788779],[139.263437,35.789265],[139.2655,35.789773],[139.268276,35.790597],[139.2705,35.789712],[139.272229,35.78965],[139.274549,35.788372],[139.275233,35.790029],[139.271968,35.790888],[139.270658,35.792021],[139.270553,35.793664],[139.267837,35.797547],[139.265437,35.800546],[139.265233,35.802376],[139.265056,35.805168],[139.259402,35.809858],[139.254058,35.813307],[139.245237,35.819059],[139.248322,35.823152],[139.253521,35.823527],[139.256493,35.826388],[139.260656,35.828115],[139.263746,35.829671],[139.268399,35.83173],[139.271075,35.833039],[139.27433,35.835578],[139.278279,35.837536],[139.280571,35.837739],[139.285578,35.837845],[139.292587,35.838236],[139.297198,35.833987],[139.297021,35.832688],[139.29369,35.829301],[139.292216,35.828451],[139.289852,35.826436],[139.286242,35.823204],[139.281539,35.822421],[139.27881,35.822021],[139.27681,35.822235],[139.275648,35.820961],[139.274934,35.818495],[139.270742,35.81582],[139.268269,35.814866],[139.264432,35.813861],[139.25932,35.810304],[139.265135,35.805121],[139.265247,35.802106],[139.26561,35.80041],[139.267941,35.797555],[139.270613,35.79367],[139.27085,35.791681],[139.271896,35.79099],[139.275135,35.790136],[139.274563,35.788318],[139.27228,35.789648],[139.270606,35.7896],[139.268179,35.79045],[139.265339,35.789637],[139.262788,35.789104],[139.260825,35.788723],[139.257987,35.790169],[139.255514,35.78983],[139.253525,35.789949],[139.250785,35.790115],[139.247396,35.790475],[139.245364,35.79019],[139.243155,35.789814]]},"properties":{"route_id":"Ume74Kou","route_title":"梅７４甲 裏宿町行","pattern_id":"28106","direction_id":"3","stop_count":72,"origin_stop_name":"青梅車庫","destination_stop_name":"裏宿町","path_type":"odpt-busstop-order-shape","source_stop_count":72,"solve_stop_count":50,"snap_fallback":true}},{"type":"Feature","id":"shape-Ume74Kou-28106-4","geometry":{"type":"LineString","coordinates":[[139.249865,35.790205],[139.250877,35.790174],[139.253267,35.790033],[139.255373,35.789953],[139.25796,35.790169],[139.260963,35.788779],[139.263437,35.789265],[139.2655,35.789773],[139.268276,35.790597],[139.2705,35.789712],[139.272229,35.78965],[139.274549,35.788372],[139.275233,35.790029],[139.271968,35.790888],[139.270658,35.792021],[139.270553,35.793664],[139.267837,35.797547],[139.265437,35.800546],[139.265233,35.802376],[139.265056,35.805168],[139.259402,35.809858],[139.264616,35.814133],[139.267773,35.814828],[139.270085,35.815643],[139.275271,35.818793],[139.275528,35.820957],[139.276762,35.822368],[139.278988,35.822137],[139.281322,35.82248],[139.285425,35.823084],[139.290019,35.826694],[139.291379,35.828024],[139.293631,35.829366],[139.296955,35.832836],[139.297114,35.833991],[139.29215,35.838228],[139.285578,35.837758],[139.280261,35.837657],[139.278687,35.837526],[139.274609,35.835709],[139.271638,35.833285],[139.268683,35.831727],[139.263746,35.829596],[139.260769,35.828154],[139.256369,35.826227],[139.253464,35.823415],[139.249773,35.823055],[139.245282,35.819004],[139.253717,35.813428],[139.25932,35.810304],[139.265135,35.805121],[139.265247,35.802106],[139.26561,35.80041],[139.267941,35.797555],[139.270613,35.79367],[139.27085,35.791681],[139.271896,35.79099],[139.275135,35.790136],[139.274563,35.788318],[139.27228,35.789648],[139.270606,35.7896],[139.268179,35.79045],[139.265339,35.789637],[139.262788,35.789104],[139.260825,35.788723],[139.257987,35.790169],[139.255514,35.78983],[139.253525,35.789949],[139.250785,35.790115],[139.247396,35.790475],[139.245364,35.79019],[139.243155,35.789814]]},"properties":{"route_id":"Ume74Kou","route_title":"梅７４甲 裏宿町行","pattern_id":"28106","direction_id":"4","stop_count":72,"origin_stop_name":"青梅車庫","destination_stop_name":"裏宿町","path_type":"odpt-busstop-order-shape","source_stop_count":72,"solve_stop_count":50,"snap_fallback":true}},{"type":"Feature","id":"shape-Ume74Kou-28107-3","geometry":{"type":"LineString","coordinates":[[139.249865,35.790205],[139.250877,35.790174],[139.253267,35.790033],[139.255373,35.789953],[139.25796,35.790169],[139.260963,35.788779],[139.263437,35.789265],[139.2655,35.789773],[139.268276,35.790597],[139.2705,35.789712],[139.272229,35.78965],[139.274549,35.788372],[139.275233,35.790029],[139.271968,35.790888],[139.270658,35.792021],[139.270553,35.793664],[139.267837,35.797547],[139.265437,35.800546],[139.265233,35.802376],[139.265056,35.805168],[139.259402,35.809858],[139.254058,35.813307],[139.245237,35.819059],[139.248322,35.823152],[139.253521,35.823527],[139.256493,35.826388],[139.260656,35.828115],[139.263746,35.829671],[139.268399,35.83173],[139.271075,35.833039],[139.27433,35.835578],[139.278279,35.837536],[139.280571,35.837739],[139.285578,35.837845],[139.292587,35.838236],[139.297198,35.833987],[139.297021,35.832688],[139.29369,35.829301],[139.292216,35.828451],[139.289852,35.826436],[139.286242,35.823204],[139.281539,35.822421],[139.27881,35.822021],[139.27681,35.822235],[139.275648,35.820961],[139.274934,35.818495],[139.270742,35.81582],[139.268269,35.814866],[139.264432,35.813861],[139.25932,35.810304],[139.265135,35.805121],[139.265247,35.802106],[139.26561,35.80041],[139.267941,35.797555],[139.270613,35.79367],[139.27085,35.791681],[139.271896,35.79099],[139.275135,35.790136],[139.274563,35.788318],[139.27228,35.789648],[139.270606,35.7896],[139.268179,35.79045],[139.265339,35.789637],[139.262788,35.789104],[139.260825,35.788723],[139.257987,35.790169]]},"properties":{"route_id":"Ume74Kou","route_title":"梅７４甲 青梅駅前行","pattern_id":"28107","direction_id":"3","stop_count":66,"origin_stop_name":"青梅車庫","destination_stop_name":"青梅駅前","path_type":"odpt-busstop-order-shape","source_stop_count":66,"solve_stop_count":50,"snap_fallback":true}},{"type":"Feature","id":"shape-Ume74Kou-28107-4","geometry":{"type":"LineString","coordinates":[[139.249865,35.790205],[139.250877,35.790174],[139.253267,35.790033],[139.255373,35.789953],[139.25796,35.790169],[139.260963,35.788779],[139.263437,35.789265],[139.2655,35.789773],[139.268276,35.790597],[139.2705,35.789712],[139.272229,35.78965],[139.274549,35.788372],[139.275233,35.790029],[139.271968,35.790888],[139.270658,35.792021],[139.270553,35.793664],[139.267837,35.797547],[139.265437,35.800546],[139.265233,35.802376],[139.265056,35.805168],[139.259402,35.809858],[139.264616,35.814133],[139.267773,35.814828],[139.270085,35.815643],[139.275271,35.818793],[139.275528,35.820957],[139.276762,35.822368],[139.278988,35.822137],[139.281322,35.82248],[139.285425,35.823084],[139.290019,35.826694],[139.291379,35.828024],[139.293631,35.829366],[139.296955,35.832836],[139.297114,35.833991],[139.29215,35.838228],[139.285578,35.837758],[139.280261,35.837657],[139.278687,35.837526],[139.274609,35.835709],[139.271638,35.833285],[139.268683,35.831727],[139.263746,35.829596],[139.260769,35.828154],[139.256369,35.826227],[139.253464,35.823415],[139.249773,35.823055],[139.245282,35.819004],[139.253717,35.813428],[139.25932,35.810304],[139.265135,35.805121],[139.265247,35.802106],[139.26561,35.80041],[139.267941,35.797555],[139.270613,35.79367],[139.27085,35.791681],[139.271896,35.79099],[139.275135,35.790136],[139.274563,35.788318],[139.27228,35.789648],[139.270606,35.7896],[139.268179,35.79045],[139.265339,35.789637],[139.262788,35.789104],[139.260825,35.788723],[139.257987,35.790169]]},"properties":{"route_id":"Ume74Kou","route_title":"梅７４甲 青梅駅前行","pattern_id":"28107","direction_id":"4","stop_count":66,"origin_stop_name":"青梅車庫","destination_stop_name":"青梅駅前","path_type":"odpt-busstop-order-shape","source_stop_count":66,"solve_stop_count":50,"snap_fallback":true}},{"type":"Feature","id":"shape-Ume74Kou-28108-3","geometry":{"type":"LineString","coordinates":[[139.249865,35.790205],[139.250877,35.790174],[139.253267,35.790033],[139.255373,35.789953],[139.25796,35.790169],[139.260963,35.788779],[139.263437,35.789265],[139.2655,35.789773],[139.268276,35.790597],[139.2705,35.789712],[139.272229,35.78965],[139.274549,35.788372],[139.275233,35.790029],[139.271968,35.790888],[139.270658,35.792021],[139.270553,35.793664],[139.267837,35.797547],[139.265437,35.800546],[139.265233,35.802376],[139.265056,35.805168],[139.259402,35.809858],[139.254058,35.813307],[139.245237,35.819059],[139.248322,35.823152],[139.253521,35.823527],[139.256493,35.826388],[139.260656,35.828115],[139.263746,35.829671],[139.268399,35.83173],[139.271075,35.833039],[139.27433,35.835578],[139.278279,35.837536],[139.280571,35.837739],[139.285578,35.837845],[139.292587,35.838236],[139.297198,35.833987],[139.297021,35.832688],[139.29369,35.829301],[139.292216,35.828451],[139.289852,35.826436],[139.286242,35.823204],[139.281539,35.822421],[139.27881,35.822021],[139.27681,35.822235],[139.275648,35.820961],[139.274934,35.818495],[139.270742,35.81582],[139.268269,35.814866],[139.264432,35.813861],[139.25932,35.810304],[139.265135,35.805121],[139.265247,35.802106],[139.26561,35.80041],[139.267941,35.797555],[139.270613,35.79367],[139.27085,35.791681],[139.271896,35.79099],[139.275135,35.790136],[139.274563,35.788318],[139.27228,35.789648],[139.270606,35.7896],[139.268179,35.79045],[139.265339,35.789637],[139.262788,35.789104],[139.260825,35.788723],[139.257987,35.790169],[139.255514,35.78983],[139.253525,35.789949],[139.250785,35.790115]]},"properties":{"route_id":"Ume74Kou","route_title":"梅７４甲 青梅車庫行","pattern_id":"28108","direction_id":"3","stop_count":69,"origin_stop_name":"青梅車庫","destination_stop_name":"青梅車庫","path_type":"odpt-busstop-order-shape","source_stop_count":69,"solve_stop_count":50,"snap_fallback":true}},{"type":"Feature","id":"shape-Ume74Kou-28108-4","geometry":{"type":"LineString","coordinates":[[139.249865,35.790205],[139.250877,35.790174],[139.253267,35.790033],[139.255373,35.789953],[139.25796,35.790169],[139.260963,35.788779],[139.263437,35.789265],[139.2655,35.789773],[139.268276,35.790597],[139.2705,35.789712],[139.272229,35.78965],[139.274549,35.788372],[139.275233,35.790029],[139.271968,35.790888],[139.270658,35.792021],[139.270553,35.793664],[139.267837,35.797547],[139.265437,35.800546],[139.265233,35.802376],[139.265056,35.805168],[139.259402,35.809858],[139.264616,35.814133],[139.267773,35.814828],[139.270085,35.815643],[139.275271,35.818793],[139.275528,35.820957],[139.276762,35.822368],[139.278988,35.822137],[139.281322,35.82248],[139.285425,35.823084],[139.290019,35.826694],[139.291379,35.828024],[139.293631,35.829366],[139.296955,35.832836],[139.297114,35.833991],[139.29215,35.838228],[139.285578,35.837758],[139.280261,35.837657],[139.278687,35.837526],[139.274609,35.835709],[139.271638,35.833285],[139.268683,35.831727],[139.263746,35.829596],[139.260769,35.828154],[139.256369,35.826227],[139.253464,35.823415],[139.249773,35.823055],[139.245282,35.819004],[139.253717,35.813428],[139.25932,35.810304],[139.265135,35.805121],[139.265247,35.802106],[139.26561,35.80041],[139.267941,35.797555],[139.270613,35.79367],[139.27085,35.791681],[139.271896,35.79099],[139.275135,35.790136],[139.274563,35.788318],[139.27228,35.789648],[139.270606,35.7896],[139.268179,35.79045],[139.265339,35.789637],[139.262788,35.789104],[139.260825,35.788723],[139.257987,35.790169],[139.255514,35.78983],[139.253525,35.789949],[139.250785,35.790115]]},"properties":{"route_id":"Ume74Kou","route_title":"梅７４甲 青梅車庫行","pattern_id":"28108","direction_id":"4","stop_count":69,"origin_stop_name":"青梅車庫","destination_stop_name":"青梅車庫","path_type":"odpt-busstop-order-shape","source_stop_count":69,"solve_stop_count":50,"snap_fallback":true}},{"type":"Feature","id":"shape-Ume74Kou-28109-3","geometry":{"type":"LineString","coordinates":[[139.259402,35.809858],[139.254058,35.813307],[139.245237,35.819059],[139.248322,35.823152],[139.253521,35.823527],[139.256493,35.826388],[139.260656,35.828115],[139.263746,35.829671],[139.268399,35.83173],[139.271075,35.833039],[139.27433,35.835578],[139.278279,35.837536],[139.280571,35.837739],[139.285578,35.837845],[139.292587,35.838236],[139.297198,35.833987],[139.297021,35.832688],[139.29369,35.829301],[139.292216,35.828451],[139.289852,35.826436],[139.286242,35.823204],[139.281539,35.822421],[139.27881,35.822021],[139.27681,35.822235],[139.275648,35.820961],[139.274934,35.818495],[139.270742,35.81582],[139.268269,35.814866],[139.264432,35.813861],[139.25932,35.810304],[139.265135,35.805121],[139.265247,35.802106],[139.26561,35.80041],[139.267941,35.797555],[139.270613,35.79367],[139.27085,35.791681],[139.271896,35.79099],[139.275135,35.790136],[139.274563,35.788318],[139.27228,35.789648],[139.270606,35.7896],[139.268179,35.79045],[139.265339,35.789637],[139.262788,35.789104],[139.260825,35.788723],[139.257987,35.790169],[139.255514,35.78983],[139.253525,35.789949],[139.250785,35.790115]]},"properties":{"route_id":"Ume74Kou","route_title":"梅７４甲 青梅車庫行","pattern_id":"28109","direction_id":"3","stop_count":49,"origin_stop_name":"柳川","destination_stop_name":"青梅車庫","path_type":"odpt-busstop-order-shape","source_stop_count":49,"solve_stop_count":49,"snap_fallback":true}},{"type":"Feature","id":"shape-Ume74Kou-28110-1","geometry":{"type":"LineString","coordinates":[[139.243235,35.789827],[139.244939,35.79024],[139.246974,35.790529],[139.250877,35.790174],[139.253267,35.790033],[139.255373,35.789953],[139.25796,35.790169],[139.260963,35.788779],[139.263437,35.789265],[139.2655,35.789773],[139.268276,35.790597],[139.2705,35.789712],[139.272229,35.78965],[139.274549,35.788372],[139.275233,35.790029],[139.271968,35.790888],[139.270658,35.792021],[139.270553,35.793664],[139.267837,35.797547],[139.265437,35.800546],[139.265233,35.802376],[139.265056,35.805168],[139.259402,35.809858],[139.264616,35.814133],[139.267773,35.814828],[139.270085,35.815643],[139.275271,35.818793],[139.275528,35.820957],[139.276762,35.822368],[139.278988,35.822137],[139.281322,35.82248],[139.285425,35.823084],[139.290019,35.826694],[139.291379,35.828024],[139.293631,35.829366],[139.296955,35.832836]]},"properties":{"route_id":"Ume74Kou","route_title":"梅７４甲 岩井堂行","pattern_id":"28110","direction_id":"1","stop_count":36,"origin_stop_name":"裏宿町","destination_stop_name":"岩井堂","path_type":"odpt-busstop-order-shape","source_stop_count":36,"solve_stop_count":36,"snap_fallback":true}},{"type":"Feature","id":"shape-Ume74Kou-28110-2","geometry":{"type":"LineString","coordinates":[[139.297021,35.832688],[139.29369,35.829301],[139.292216,35.828451],[139.289852,35.826436],[139.286242,35.823204],[139.281539,35.822421],[139.27881,35.822021],[139.27681,35.822235],[139.275648,35.820961],[139.274934,35.818495],[139.270742,35.81582],[139.268269,35.814866],[139.264432,35.813861],[139.25932,35.810304],[139.265135,35.805121],[139.265247,35.802106],[139.26561,35.80041],[139.267941,35.797555],[139.270613,35.79367],[139.27085,35.791681],[139.271896,35.79099],[139.275135,35.790136],[139.274563,35.788318],[139.27228,35.789648],[139.270606,35.7896],[139.268179,35.79045],[139.265339,35.789637],[139.262788,35.789104],[139.260825,35.788723],[139.257987,35.790169],[139.255514,35.78983],[139.253525,35.789949],[139.250785,35.790115],[139.247396,35.790475],[139.245364,35.79019],[139.243155,35.789814]]},"properties":{"route_id":"Ume74Kou","route_title":"梅７４甲 裏宿町行","pattern_id":"28110","direction_id":"2","stop_count":36,"origin_stop_name":"岩井堂","destination_stop_name":"裏宿町","path_type":"odpt-busstop-order-shape","source_stop_count":36,"solve_stop_count":36,"snap_fallback":true}},{"type":"Feature","id":"shape-Ume74Kou-28111-2","geometry":{"type":"LineString","coordinates":[[139.297021,35.832688],[139.29369,35.829301],[139.292216,35.828451],[139.289852,35.826436],[139.286242,35.823204],[139.281539,35.822421],[139.27881,35.822021],[139.27681,35.822235],[139.275648,35.820961],[139.274934,35.818495],[139.270742,35.81582],[139.268269,35.814866],[139.264432,35.813861],[139.25932,35.810304],[139.265135,35.805121],[139.265247,35.802106],[139.26561,35.80041],[139.267941,35.797555],[139.270613,35.79367],[139.27085,35.791681],[139.271896,35.79099],[139.275135,35.790136],[139.274563,35.788318],[139.27228,35.789648],[139.270606,35.7896],[139.268179,35.79045],[139.265339,35.789637],[139.262788,35.789104],[139.260825,35.788723],[139.257987,35.790169]]},"properties":{"route_id":"Ume74Kou","route_title":"梅７４甲 青梅駅前行","pattern_id":"28111","direction_id":"2","stop_count":30,"origin_stop_name":"岩井堂","destination_stop_name":"青梅駅前","path_type":"odpt-busstop-order-shape","source_stop_count":30,"solve_stop_count":30,"snap_fallback":true}},{"type":"Feature","id":"shape-Ume74Otsu-28201-3","geometry":{"type":"LineString","coordinates":[[139.285057,35.784587],[139.286601,35.787682],[139.286499,35.790693],[139.28068,35.791093],[139.277737,35.790547],[139.275233,35.790029],[139.271968,35.790888],[139.270658,35.792021],[139.270553,35.793664],[139.267837,35.797547],[139.265437,35.800546],[139.265233,35.802376],[139.265056,35.805168],[139.259402,35.809858],[139.254058,35.813307],[139.245237,35.819059],[139.248322,35.823152],[139.253521,35.823527],[139.256493,35.826388],[139.260656,35.828115],[139.263746,35.829671],[139.268399,35.83173],[139.271075,35.833039],[139.27433,35.835578],[139.278279,35.837536],[139.280571,35.837739],[139.285578,35.837845],[139.292587,35.838236],[139.297198,35.833987],[139.297021,35.832688],[139.29369,35.829301],[139.292216,35.828451],[139.289852,35.826436],[139.286242,35.823204],[139.281539,35.822421],[139.27881,35.822021],[139.27681,35.822235],[139.275648,35.820961],[139.274934,35.818495],[139.270742,35.81582],[139.268269,35.814866],[139.264432,35.813861],[139.25932,35.810304],[139.265135,35.805121],[139.265247,35.802106],[139.26561,35.80041],[139.267941,35.797555],[139.270613,35.79367],[139.27085,35.791681],[139.271896,35.79099],[139.275135,35.790136],[139.277679,35.790615],[139.280454,35.791152],[139.286586,35.790784],[139.286843,35.788047]]},"properties":{"route_id":"Ume74Otsu","route_title":"梅７４乙 河辺駅北口行","pattern_id":"28201","direction_id":"3","stop_count":55,"origin_stop_name":"河辺駅北口","destination_stop_name":"河辺駅入口","path_type":"odpt-busstop-order-shape","source_stop_count":55,"solve_stop_count":50,"snap_fallback":true}},{"type":"Feature","id":"shape-Ume74Otsu-28201-4","geometry":{"type":"LineString","coordinates":[[139.285057,35.784587],[139.286601,35.787682],[139.286499,35.790693],[139.28068,35.791093],[139.277737,35.790547],[139.275233,35.790029],[139.271968,35.790888],[139.270658,35.792021],[139.270553,35.793664],[139.267837,35.797547],[139.265437,35.800546],[139.265233,35.802376],[139.265056,35.805168],[139.259402,35.809858],[139.264616,35.814133],[139.267773,35.814828],[139.270085,35.815643],[139.275271,35.818793],[139.275528,35.820957],[139.276762,35.822368],[139.278988,35.822137],[139.281322,35.82248],[139.285425,35.823084],[139.290019,35.826694],[139.291379,35.828024],[139.293631,35.829366],[139.296955,35.832836],[139.297114,35.833991],[139.29215,35.838228],[139.285578,35.837758],[139.280261,35.837657],[139.278687,35.837526],[139.274609,35.835709],[139.271638,35.833285],[139.268683,35.831727],[139.263746,35.829596],[139.260769,35.828154],[139.256369,35.826227],[139.253464,35.823415],[139.249773,35.823055],[139.245282,35.819004],[139.253717,35.813428],[139.25932,35.810304],[139.265135,35.805121],[139.265247,35.802106],[139.26561,35.80041],[139.267941,35.797555],[139.270613,35.79367],[139.27085,35.791681],[139.271896,35.79099],[139.275135,35.790136],[139.277679,35.790615],[139.280454,35.791152],[139.286586,35.790784],[139.286843,35.788047]]},"properties":{"route_id":"Ume74Otsu","route_title":"梅７４乙 河辺駅北口行","pattern_id":"28201","direction_id":"4","stop_count":55,"origin_stop_name":"河辺駅北口","destination_stop_name":"河辺駅入口","path_type":"odpt-busstop-order-shape","source_stop_count":55,"solve_stop_count":50,"snap_fallback":true}},{"type":"Feature","id":"shape-Ume74Otsu-28203-4","geometry":{"type":"LineString","coordinates":[[139.285057,35.784587],[139.286601,35.787682],[139.286499,35.790693],[139.28068,35.791093],[139.277737,35.790547],[139.275233,35.790029],[139.271968,35.790888],[139.270658,35.792021],[139.270553,35.793664],[139.267837,35.797547],[139.265437,35.800546],[139.265233,35.802376],[139.265056,35.805168],[139.259402,35.809858],[139.264616,35.814133],[139.267773,35.814828],[139.270085,35.815643],[139.275271,35.818793],[139.275528,35.820957],[139.276762,35.822368],[139.278988,35.822137],[139.281322,35.82248],[139.285425,35.823084],[139.290019,35.826694],[139.291379,35.828024],[139.293631,35.829366],[139.296955,35.832836],[139.297114,35.833991],[139.29215,35.838228],[139.285578,35.837758],[139.280261,35.837657],[139.278687,35.837526],[139.274609,35.835709],[139.271638,35.833285],[139.268683,35.831727],[139.263746,35.829596],[139.260769,35.828154],[139.256369,35.826227],[139.253464,35.823415],[139.249773,35.823055],[139.245282,35.819004],[139.253717,35.813428],[139.25932,35.810304],[139.265135,35.805121],[139.265247,35.802106],[139.26561,35.80041],[139.267941,35.797555],[139.270613,35.79367],[139.27085,35.791681],[139.271896,35.79099],[139.275135,35.790136],[139.274563,35.788318],[139.27228,35.789648],[139.270606,35.7896],[139.268179,35.79045],[139.265339,35.789637],[139.262788,35.789104],[139.260825,35.788723],[139.257987,35.790169],[139.255514,35.78983],[139.253525,35.789949],[139.250785,35.790115],[139.247396,35.790475],[139.245364,35.79019],[139.243155,35.789814]]},"properties":{"route_id":"Ume74Otsu","route_title":"梅７４乙 裏宿町行","pattern_id":"28203","direction_id":"4","stop_count":65,"origin_stop_name":"河辺駅北口","destination_stop_name":"裏宿町","path_type":"odpt-busstop-order-shape","source_stop_count":65,"solve_stop_count":50,"snap_fallback":true}},{"type":"Feature","id":"shape-Ume74Otsu-28205-3","geometry":{"type":"LineString","coordinates":[[139.25796,35.790169],[139.260963,35.788779],[139.263437,35.789265],[139.2655,35.789773],[139.268276,35.790597],[139.2705,35.789712],[139.272229,35.78965],[139.274549,35.788372],[139.275233,35.790029],[139.271968,35.790888],[139.270658,35.792021],[139.270553,35.793664],[139.267837,35.797547],[139.265437,35.800546],[139.265233,35.802376],[139.265056,35.805168],[139.259402,35.809858],[139.254058,35.813307],[139.245237,35.819059],[139.248322,35.823152],[139.253521,35.823527],[139.256493,35.826388],[139.260656,35.828115],[139.263746,35.829671],[139.268399,35.83173],[139.271075,35.833039],[139.27433,35.835578],[139.278279,35.837536],[139.280571,35.837739],[139.285578,35.837845],[139.292587,35.838236],[139.297198,35.833987],[139.297021,35.832688],[139.29369,35.829301],[139.292216,35.828451],[139.289852,35.826436],[139.286242,35.823204],[139.281539,35.822421],[139.27881,35.822021],[139.27681,35.822235],[139.275648,35.820961],[139.274934,35.818495],[139.270742,35.81582],[139.268269,35.814866],[139.264432,35.813861],[139.25932,35.810304],[139.265135,35.805121],[139.265247,35.802106],[139.26561,35.80041],[139.267941,35.797555],[139.270613,35.79367],[139.27085,35.791681],[139.271896,35.79099],[139.275135,35.790136],[139.277679,35.790615],[139.280454,35.791152],[139.286586,35.790784],[139.286843,35.788047],[139.285057,35.784587]]},"properties":{"route_id":"Ume74Otsu","route_title":"梅７４乙 河辺駅北口行","pattern_id":"28205","direction_id":"3","stop_count":59,"origin_stop_name":"青梅駅前","destination_stop_name":"河辺駅北口","path_type":"odpt-busstop-order-shape","source_stop_count":59,"solve_stop_count":50,"snap_fallback":true}},{"type":"Feature","id":"shape-Ume74Otsu-28205-4","geometry":{"type":"LineString","coordinates":[[139.25796,35.790169],[139.260963,35.788779],[139.263437,35.789265],[139.2655,35.789773],[139.268276,35.790597],[139.2705,35.789712],[139.272229,35.78965],[139.274549,35.788372],[139.275233,35.790029],[139.271968,35.790888],[139.270658,35.792021],[139.270553,35.793664],[139.267837,35.797547],[139.265437,35.800546],[139.265233,35.802376],[139.265056,35.805168],[139.259402,35.809858],[139.264616,35.814133],[139.267773,35.814828],[139.270085,35.815643],[139.275271,35.818793],[139.275528,35.820957],[139.276762,35.822368],[139.278988,35.822137],[139.281322,35.82248],[139.285425,35.823084],[139.290019,35.826694],[139.291379,35.828024],[139.293631,35.829366],[139.296955,35.832836],[139.297114,35.833991],[139.29215,35.838228],[139.285578,35.837758],[139.280261,35.837657],[139.278687,35.837526],[139.274609,35.835709],[139.271638,35.833285],[139.268683,35.831727],[139.263746,35.829596],[139.260769,35.828154],[139.256369,35.826227],[139.253464,35.823415],[139.249773,35.823055],[139.245282,35.819004],[139.253717,35.813428],[139.25932,35.810304],[139.265135,35.805121],[139.265247,35.802106],[139.26561,35.80041],[139.267941,35.797555],[139.270613,35.79367],[139.27085,35.791681],[139.271896,35.79099],[139.275135,35.790136],[139.277679,35.790615],[139.280454,35.791152],[139.286586,35.790784],[139.286843,35.788047],[139.285057,35.784587]]},"properties":{"route_id":"Ume74Otsu","route_title":"梅７４乙 河辺駅北口行","pattern_id":"28205","direction_id":"4","stop_count":59,"origin_stop_name":"青梅駅前","destination_stop_name":"河辺駅北口","path_type":"odpt-busstop-order-shape","source_stop_count":59,"solve_stop_count":50,"snap_fallback":true}},{"type":"Feature","id":"shape-Ume74Otsu-28206-4","geometry":{"type":"LineString","coordinates":[[139.249865,35.790205],[139.250877,35.790174],[139.253267,35.790033],[139.255373,35.789953],[139.25796,35.790169],[139.260963,35.788779],[139.263437,35.789265],[139.2655,35.789773],[139.268276,35.790597],[139.2705,35.789712],[139.272229,35.78965],[139.274549,35.788372],[139.275233,35.790029],[139.271968,35.790888],[139.270658,35.792021],[139.270553,35.793664],[139.267837,35.797547],[139.265437,35.800546],[139.265233,35.802376],[139.265056,35.805168],[139.259402,35.809858],[139.264616,35.814133],[139.267773,35.814828],[139.270085,35.815643],[139.275271,35.818793],[139.275528,35.820957],[139.276762,35.822368],[139.278988,35.822137],[139.281322,35.82248],[139.285425,35.823084],[139.290019,35.826694],[139.291379,35.828024],[139.293631,35.829366],[139.296955,35.832836],[139.297114,35.833991],[139.29215,35.838228],[139.285578,35.837758],[139.280261,35.837657],[139.278687,35.837526],[139.274609,35.835709],[139.271638,35.833285],[139.268683,35.831727],[139.263746,35.829596],[139.260769,35.828154],[139.256369,35.826227],[139.253464,35.823415],[139.249773,35.823055],[139.245282,35.819004],[139.253717,35.813428],[139.25932,35.810304],[139.265135,35.805121],[139.265247,35.802106],[139.26561,35.80041],[139.267941,35.797555],[139.270613,35.79367],[139.27085,35.791681],[139.271896,35.79099],[139.275135,35.790136],[139.277679,35.790615],[139.280454,35.791152],[139.286586,35.790784],[139.286843,35.788047],[139.285057,35.784587]]},"properties":{"route_id":"Ume74Otsu","route_title":"梅７４乙 河辺駅北口行","pattern_id":"28206","direction_id":"4","stop_count":63,"origin_stop_name":"青梅車庫","destination_stop_name":"河辺駅北口","path_type":"odpt-busstop-order-shape","source_stop_count":63,"solve_stop_count":50,"snap_fallback":true}},{"type":"Feature","id":"shape-To02Otsu-32204-1","geometry":{"type":"LineString","coordinates":[[139.733872,35.71951],[139.732325,35.720745],[139.727826,35.720257],[139.723929,35.720268],[139.722762,35.72276],[139.719645,35.72546],[139.715999,35.727765],[139.713109,35.729523]]},"properties":{"route_id":"To02Otsu","route_title":"都０２乙 池袋駅東口行","pattern_id":"32204","direction_id":"1","stop_count":8,"origin_stop_name":"大塚二丁目","destination_stop_name":"池袋駅東口","path_type":"odpt-busstop-order-shape","source_stop_count":8,"solve_stop_count":8,"snap_fallback":true}},{"type":"Feature","id":"shape-Ume77Kou-28605-1","geometry":{"type":"LineString","coordinates":[[139.249865,35.790205],[139.250877,35.790174],[139.253267,35.790033],[139.255373,35.789953],[139.25796,35.790169]]},"properties":{"route_id":"Ume77Kou","route_title":"梅７７甲 青梅駅前行","pattern_id":"28605","direction_id":"1","stop_count":5,"origin_stop_name":"青梅車庫","destination_stop_name":"青梅駅前","path_type":"odpt-busstop-order-shape","source_stop_count":5,"solve_stop_count":5,"snap_fallback":true}},{"type":"Feature","id":"shape-Ume77Kou-28605-2","geometry":{"type":"LineString","coordinates":[[139.257987,35.790169],[139.255514,35.78983],[139.253525,35.789949],[139.250785,35.790115]]},"properties":{"route_id":"Ume77Kou","route_title":"梅７７甲 青梅車庫行","pattern_id":"28605","direction_id":"2","stop_count":4,"origin_stop_name":"青梅駅前","destination_stop_name":"青梅車庫","path_type":"odpt-busstop-order-shape","source_stop_count":4,"solve_stop_count":4,"snap_fallback":true}},{"type":"Feature","id":"shape-Ume77Kou-28606-3","geometry":{"type":"LineString","coordinates":[[139.285057,35.784587],[139.286601,35.787682],[139.286499,35.790693],[139.28068,35.791093],[139.277737,35.790547],[139.274385,35.792632],[139.276523,35.794487],[139.277836,35.796029],[139.278866,35.79714],[139.281194,35.798379],[139.283251,35.798825],[139.285887,35.799539],[139.287891,35.799235],[139.289256,35.796871],[139.291131,35.79529],[139.291309,35.793875],[139.287173,35.79258],[139.286586,35.790784],[139.286843,35.788047]]},"properties":{"route_id":"Ume77Kou","route_title":"梅７７甲 河辺駅北口行","pattern_id":"28606","direction_id":"3","stop_count":19,"origin_stop_name":"河辺駅北口","destination_stop_name":"河辺駅入口","path_type":"odpt-busstop-order-shape","source_stop_count":19,"solve_stop_count":19,"snap_fallback":true}},{"type":"Feature","id":"shape-Ume77Otsu-28701-3","geometry":{"type":"LineString","coordinates":[[139.25796,35.790169],[139.260963,35.788779],[139.265168,35.785451],[139.262776,35.78253],[139.258414,35.782383],[139.255249,35.78255],[139.24992,35.783384],[139.249676,35.785713],[139.251875,35.78622],[139.254224,35.787518],[139.255373,35.789953]]},"properties":{"route_id":"Ume77Otsu","route_title":"梅７７乙 青梅駅前行","pattern_id":"28701","direction_id":"3","stop_count":11,"origin_stop_name":"青梅駅前","destination_stop_name":"仲町","path_type":"odpt-busstop-order-shape","source_stop_count":11,"solve_stop_count":11,"snap_fallback":true}},{"type":"Feature","id":"shape-Ume77Otsu-28701-4","geometry":{"type":"LineString","coordinates":[[139.25796,35.790169],[139.255514,35.78983],[139.25442,35.787582],[139.252701,35.786385],[139.24981,35.785639],[139.25047,35.783297],[139.254993,35.78262],[139.258644,35.78245],[139.262861,35.782632],[139.264994,35.78552],[139.260825,35.788723]]},"properties":{"route_id":"Ume77Otsu","route_title":"梅７７乙 青梅駅前行","pattern_id":"28701","direction_id":"4","stop_count":11,"origin_stop_name":"青梅駅前","destination_stop_name":"住吉神社前","path_type":"odpt-busstop-order-shape","source_stop_count":11,"solve_stop_count":11,"snap_fallback":true}},{"type":"Feature","id":"shape-Ume77Hei-28801-1","geometry":{"type":"LineString","coordinates":[[139.25796,35.790169],[139.255514,35.78983],[139.25442,35.787582],[139.252701,35.786385],[139.24981,35.785639],[139.25047,35.783297],[139.254993,35.78262],[139.258644,35.78245],[139.262861,35.782632],[139.264994,35.78552],[139.265367,35.786553],[139.272189,35.786406],[139.275228,35.787533],[139.272229,35.78965]]},"properties":{"route_id":"Ume77Hei","route_title":"梅７７丙 東青梅駅前行","pattern_id":"28801","direction_id":"1","stop_count":14,"origin_stop_name":"青梅駅前","destination_stop_name":"東青梅駅前","path_type":"odpt-busstop-order-shape","source_stop_count":14,"solve_stop_count":14,"snap_fallback":true}},{"type":"Feature","id":"shape-Ume77Hei-28801-2","geometry":{"type":"LineString","coordinates":[[139.272229,35.78965],[139.275299,35.787642],[139.272452,35.786215],[139.265376,35.786376],[139.265168,35.785451],[139.262776,35.78253],[139.258414,35.782383],[139.255249,35.78255],[139.24992,35.783384],[139.249676,35.785713],[139.251875,35.78622],[139.254224,35.787518],[139.255373,35.789953],[139.25796,35.790169]]},"properties":{"route_id":"Ume77Hei","route_title":"梅７７丙 青梅駅前行","pattern_id":"28801","direction_id":"2","stop_count":14,"origin_stop_name":"東青梅駅前","destination_stop_name":"青梅駅前","path_type":"odpt-busstop-order-shape","source_stop_count":14,"solve_stop_count":14,"snap_fallback":true}},{"type":"Feature","id":"shape-Ume77Tei-28901-1","geometry":{"type":"LineString","coordinates":[[139.25796,35.790169],[139.260963,35.788779],[139.263437,35.789265],[139.2655,35.789773],[139.268276,35.790597],[139.2705,35.789712],[139.272229,35.78965],[139.275299,35.787642],[139.279358,35.785628],[139.282668,35.782373],[139.284424,35.784063]]},"properties":{"route_id":"Ume77Tei","route_title":"梅７７丁 河辺駅南口行","pattern_id":"28901","direction_id":"1","stop_count":11,"origin_stop_name":"青梅駅前","destination_stop_name":"河辺駅南口","path_type":"odpt-busstop-order-shape","source_stop_count":11,"solve_stop_count":11,"snap_fallback":true}},{"type":"Feature","id":"shape-Ume77Tei-28901-2","geometry":{"type":"LineString","coordinates":[[139.284424,35.784063],[139.281988,35.78267],[139.279485,35.785392],[139.275228,35.787533],[139.27228,35.789648],[139.270606,35.7896],[139.268179,35.79045],[139.265339,35.789637],[139.262788,35.789104],[139.260825,35.788723],[139.25796,35.790169]]},"properties":{"route_id":"Ume77Tei","route_title":"梅７７丁 青梅駅前行","pattern_id":"28901","direction_id":"2","stop_count":11,"origin_stop_name":"河辺駅南口","destination_stop_name":"青梅駅前","path_type":"odpt-busstop-order-shape","source_stop_count":11,"solve_stop_count":11,"snap_fallback":true}},{"type":"Feature","id":"shape-Ume01-29101-3","geometry":{"type":"LineString","coordinates":[[139.257987,35.790169],[139.255514,35.78983],[139.25442,35.787582],[139.252701,35.786385],[139.24981,35.785639],[139.247728,35.783909],[139.246114,35.783932],[139.242953,35.783123],[139.240321,35.781929],[139.237389,35.78007],[139.233623,35.779127],[139.22959,35.779904],[139.227186,35.781396],[139.225244,35.78484],[139.223233,35.787218],[139.220744,35.79006],[139.218526,35.791966],[139.214271,35.794765],[139.213583,35.796631],[139.211987,35.799289],[139.209449,35.802299],[139.206159,35.805398],[139.193089,35.8046],[139.186337,35.804944],[139.1836,35.801287],[139.183644,35.799735],[139.193758,35.802962],[139.19701,35.803113],[139.207156,35.803516],[139.209182,35.802612],[139.211769,35.7997],[139.213669,35.796886],[139.215159,35.794079],[139.217672,35.792498],[139.220597,35.790366],[139.223114,35.787625],[139.225546,35.78465],[139.227081,35.781701],[139.229746,35.779933],[139.233712,35.779224],[139.2375,35.780275],[139.240378,35.782084],[139.242809,35.783191],[139.245154,35.783858],[139.248108,35.784018],[139.249676,35.785713],[139.251875,35.78622],[139.254224,35.787518],[139.255373,35.789953],[139.25796,35.790169]]},"properties":{"route_id":"Ume01","route_title":"梅０１ 青梅駅前行","pattern_id":"29101","direction_id":"3","stop_count":50,"origin_stop_name":"青梅駅前","destination_stop_name":"青梅駅前","path_type":"odpt-busstop-order-shape","source_stop_count":50,"solve_stop_count":50,"snap_fallback":true}},{"type":"Feature","id":"shape-To02Otsu-32201-1","geometry":{"type":"LineString","coordinates":[[139.713206,35.729777],[139.715744,35.728162],[139.719756,35.725644],[139.72322,35.722743],[139.72606,35.719913],[139.728895,35.720844],[139.732648,35.720729],[139.734257,35.719513],[139.735597,35.71873],[139.737208,35.71765],[139.739003,35.7164],[139.740805,35.714253],[139.743551,35.712408],[139.745866,35.710855],[139.748912,35.709197],[139.752475,35.708579],[139.754008,35.707748],[139.754356,35.706545],[139.755307,35.703449],[139.755578,35.701226],[139.756483,35.699286],[139.75774,35.697005],[139.758434,35.694954],[139.758972,35.692427]]},"properties":{"route_id":"To02Otsu","route_title":"都０２乙 一ツ橋行","pattern_id":"32201","direction_id":"1","stop_count":24,"origin_stop_name":"池袋駅東口","destination_stop_name":"一ツ橋","path_type":"odpt-busstop-order-shape","source_stop_count":24,"solve_stop_count":24,"snap_fallback":true}},{"type":"Feature","id":"shape-T02-32304-1","geometry":{"type":"LineString","coordinates":[[139.729151,35.73095],[139.729887,35.726558],[139.730814,35.724178],[139.732648,35.720729],[139.734257,35.719513],[139.735597,35.71873],[139.737208,35.71765],[139.739003,35.7164],[139.740805,35.714253],[139.743551,35.712408],[139.745866,35.710855],[139.748912,35.709197],[139.751933,35.70776],[139.754084,35.706234]]},"properties":{"route_id":"T02","route_title":"都０２ 東京ドームシティ行","pattern_id":"32304","direction_id":"1","stop_count":14,"origin_stop_name":"大塚駅前","destination_stop_name":"東京ドームシティ","path_type":"odpt-busstop-order-shape","source_stop_count":14,"solve_stop_count":14,"snap_fallback":true}},{"type":"Feature","id":"shape-T02-32304-2","geometry":{"type":"LineString","coordinates":[[139.754084,35.706234],[139.752526,35.708366],[139.748601,35.709163],[139.745491,35.710769],[139.743597,35.712095],[139.740299,35.714401],[139.738718,35.716333],[139.737215,35.717361],[139.735717,35.718305],[139.733872,35.71951],[139.732325,35.720745],[139.730883,35.723551],[139.72972,35.726566],[139.729023,35.73037]]},"properties":{"route_id":"T02","route_title":"都０２ 大塚駅前行","pattern_id":"32304","direction_id":"2","stop_count":14,"origin_stop_name":"東京ドームシティ","destination_stop_name":"大塚駅前","path_type":"odpt-busstop-order-shape","source_stop_count":14,"solve_stop_count":14,"snap_fallback":true}},{"type":"Feature","id":"shape-T02-32312-1","geometry":{"type":"LineString","coordinates":[[139.733872,35.71951],[139.732325,35.720745],[139.730883,35.723551],[139.72972,35.726566],[139.729023,35.73037]]},"properties":{"route_id":"T02","route_title":"都０２ 大塚駅前行","pattern_id":"32312","direction_id":"1","stop_count":5,"origin_stop_name":"大塚二丁目","destination_stop_name":"大塚駅前","path_type":"odpt-busstop-order-shape","source_stop_count":5,"solve_stop_count":5,"snap_fallback":true}},{"type":"Feature","id":"shape-T02-32312-2","geometry":{"type":"LineString","coordinates":[[139.729151,35.73095],[139.729887,35.726558],[139.730814,35.724178],[139.732648,35.720729],[139.734257,35.719513]]},"properties":{"route_id":"T02","route_title":"都０２ 大塚二丁目行","pattern_id":"32312","direction_id":"2","stop_count":5,"origin_stop_name":"大塚駅前","destination_stop_name":"大塚二丁目","path_type":"odpt-busstop-order-shape","source_stop_count":5,"solve_stop_count":5,"snap_fallback":true}},{"type":"Feature","id":"shape-T02-32314-1","geometry":{"type":"LineString","coordinates":[[139.729151,35.73095],[139.729887,35.726558],[139.730814,35.724178],[139.732648,35.720729],[139.734257,35.719513],[139.735597,35.71873],[139.737208,35.71765],[139.739003,35.7164],[139.740805,35.714253],[139.743551,35.712408],[139.745866,35.710855],[139.748912,35.709197],[139.752475,35.708579]]},"properties":{"route_id":"T02","route_title":"都０２ 春日駅前行","pattern_id":"32314","direction_id":"1","stop_count":13,"origin_stop_name":"大塚駅前","destination_stop_name":"春日駅前","path_type":"odpt-busstop-order-shape","source_stop_count":13,"solve_stop_count":13,"snap_fallback":true}},{"type":"Feature","id":"shape-T02-32314-2","geometry":{"type":"LineString","coordinates":[[139.752526,35.708366],[139.748601,35.709163],[139.745491,35.710769],[139.743597,35.712095],[139.740299,35.714401],[139.738718,35.716333],[139.737215,35.717361],[139.735717,35.718305],[139.733872,35.71951],[139.732325,35.720745],[139.730883,35.723551],[139.72972,35.726566],[139.729023,35.73037]]},"properties":{"route_id":"T02","route_title":"都０２ 大塚駅前行","pattern_id":"32314","direction_id":"2","stop_count":13,"origin_stop_name":"春日駅前","destination_stop_name":"大塚駅前","path_type":"odpt-busstop-order-shape","source_stop_count":13,"solve_stop_count":13,"snap_fallback":true}},{"type":"Feature","id":"shape-Ue60-32406-2","geometry":{"type":"LineString","coordinates":[[139.752762,35.708359],[139.751218,35.712456],[139.749018,35.714283],[139.745029,35.71702],[139.741735,35.719216],[139.740365,35.720514],[139.737457,35.723166],[139.734886,35.726032],[139.732856,35.727849],[139.729462,35.730768],[139.72931,35.726091],[139.725391,35.728676],[139.722012,35.73061],[139.720208,35.731609],[139.715533,35.73267],[139.713363,35.731527]]},"properties":{"route_id":"Ue60","route_title":"上６０ 池袋駅東口行","pattern_id":"32406","direction_id":"2","stop_count":16,"origin_stop_name":"春日駅前","destination_stop_name":"池袋駅東口","path_type":"odpt-busstop-order-shape","source_stop_count":16,"solve_stop_count":16,"snap_fallback":true}},{"type":"Feature","id":"shape-Ue26-32504-1","geometry":{"type":"LineString","coordinates":[[139.825508,35.69804],[139.820349,35.701353],[139.817424,35.701236],[139.814537,35.701775],[139.81436,35.703867],[139.814109,35.7064],[139.813713,35.708356],[139.808402,35.710062],[139.806163,35.712543],[139.800477,35.715276],[139.796968,35.716116],[139.794623,35.716725],[139.791917,35.717364],[139.789864,35.717923],[139.786115,35.719053],[139.78316,35.71998],[139.780873,35.720849],[139.774398,35.722632],[139.771049,35.721114],[139.765608,35.717565],[139.767519,35.715209],[139.768675,35.712203],[139.77191,35.709784]]},"properties":{"route_id":"Ue26","route_title":"上２６ 上野公園行","pattern_id":"32504","direction_id":"1","stop_count":23,"origin_stop_name":"亀戸駅前","destination_stop_name":"上野公園","path_type":"odpt-busstop-order-shape","source_stop_count":23,"solve_stop_count":23,"snap_fallback":true}},{"type":"Feature","id":"shape-Ue26-32504-2","geometry":{"type":"LineString","coordinates":[[139.77191,35.709784],[139.772281,35.707992],[139.76847,35.712178],[139.767435,35.714984],[139.765682,35.718295],[139.77066,35.721028],[139.77421,35.722623],[139.781174,35.721047],[139.783058,35.720203],[139.786509,35.71912],[139.789714,35.718097],[139.791839,35.71757],[139.794627,35.716897],[139.797738,35.716095],[139.800883,35.715346],[139.806424,35.712562],[139.808586,35.710247],[139.812689,35.709123],[139.814338,35.706241],[139.814487,35.704777],[139.814759,35.701693],[139.818043,35.701408],[139.821124,35.701575],[139.825987,35.697914]]},"properties":{"route_id":"Ue26","route_title":"上２６ 亀戸駅前行","pattern_id":"32504","direction_id":"2","stop_count":24,"origin_stop_name":"上野公園","destination_stop_name":"亀戸駅前","path_type":"odpt-busstop-order-shape","source_stop_count":24,"solve_stop_count":24,"snap_fallback":true}},{"type":"Feature","id":"shape-Kusa63-36001-1","geometry":{"type":"LineString","coordinates":[[139.712739,35.731063],[139.715099,35.732642],[139.719175,35.735811],[139.721005,35.737478],[139.722824,35.739103],[139.725958,35.741899],[139.728639,35.743872],[139.73148,35.740827],[139.733435,35.738648],[139.736508,35.735568],[139.738132,35.734058],[139.74041,35.732158],[139.741784,35.730873],[139.743497,35.729239],[139.746703,35.726848],[139.74822,35.725883],[139.750218,35.724772],[139.753486,35.722922],[139.757072,35.724569],[139.759111,35.724899],[139.763033,35.725111],[139.763566,35.727601],[139.762879,35.730271],[139.766089,35.732083],[139.769129,35.733419],[139.773084,35.735059],[139.777712,35.736957],[139.781653,35.735666],[139.783764,35.735052],[139.787252,35.733276],[139.790401,35.731037],[139.791279,35.7293],[139.791064,35.725222],[139.791678,35.720722],[139.792842,35.717751],[139.792593,35.714128],[139.792272,35.712192],[139.791733,35.710221]]},"properties":{"route_id":"Kusa63","route_title":"草６３ 浅草寿町行","pattern_id":"36001","direction_id":"1","stop_count":38,"origin_stop_name":"池袋駅東口","destination_stop_name":"浅草寿町","path_type":"odpt-busstop-order-shape","source_stop_count":38,"solve_stop_count":38,"snap_fallback":true}},{"type":"Feature","id":"shape-Kusa63-36002-2","geometry":{"type":"LineString","coordinates":[[139.793637,35.709304],[139.795197,35.710941],[139.791945,35.711918],[139.792201,35.713415],[139.792478,35.716373],[139.791598,35.720329],[139.790886,35.724205],[139.791064,35.729425],[139.789555,35.731253],[139.787072,35.733193],[139.784066,35.734815],[139.780839,35.735735],[139.775938,35.736431],[139.773573,35.735157],[139.769213,35.73331],[139.766264,35.731953],[139.762899,35.730068],[139.763611,35.72808],[139.763241,35.725219],[139.760222,35.724955],[139.757547,35.724636],[139.753454,35.722792],[139.751044,35.724167],[139.748389,35.725638],[139.746634,35.726722],[139.743181,35.7291],[139.741254,35.730893],[139.739367,35.732617],[139.737827,35.733885],[139.736605,35.735065],[139.733768,35.738006],[139.731233,35.740652],[139.72765,35.743763],[139.726107,35.74181],[139.723224,35.73923],[139.721866,35.738053],[139.720017,35.736311],[139.715533,35.73267],[139.71307,35.730957]]},"properties":{"route_id":"Kusa63","route_title":"草６３ 池袋駅東口行","pattern_id":"36002","direction_id":"2","stop_count":39,"origin_stop_name":"雷門一丁目","destination_stop_name":"池袋駅東口","path_type":"odpt-busstop-order-shape","source_stop_count":39,"solve_stop_count":39,"snap_fallback":true}},{"type":"Feature","id":"shape-Kusa63-36003-1","geometry":{"type":"LineString","coordinates":[[139.738132,35.734058],[139.74041,35.732158],[139.741784,35.730873],[139.743497,35.729239],[139.746703,35.726848],[139.74822,35.725883],[139.750218,35.724772],[139.753486,35.722922],[139.757072,35.724569],[139.759111,35.724899],[139.763033,35.725111],[139.763566,35.727601],[139.762879,35.730271],[139.766089,35.732083],[139.769129,35.733419],[139.773084,35.735059],[139.777712,35.736957],[139.781653,35.735666],[139.783764,35.735052],[139.787252,35.733276],[139.790401,35.731037],[139.791279,35.7293],[139.791064,35.725222],[139.791678,35.720722],[139.792842,35.717751],[139.792593,35.714128],[139.792272,35.712192],[139.791733,35.710221]]},"properties":{"route_id":"Kusa63","route_title":"草６３ 浅草寿町行","pattern_id":"36003","direction_id":"1","stop_count":28,"origin_stop_name":"巣鴨駅前","destination_stop_name":"浅草寿町","path_type":"odpt-busstop-order-shape","source_stop_count":28,"solve_stop_count":28,"snap_fallback":true}},{"type":"Feature","id":"shape-Kusa63-36004-2","geometry":{"type":"LineString","coordinates":[[139.793637,35.709304],[139.795197,35.710941],[139.791945,35.711918],[139.792201,35.713415],[139.792478,35.716373],[139.791598,35.720329],[139.790886,35.724205],[139.791064,35.729425],[139.789555,35.731253],[139.787072,35.733193],[139.784066,35.734815],[139.780839,35.735735],[139.775938,35.736431],[139.773573,35.735157],[139.769213,35.73331],[139.766264,35.731953],[139.762899,35.730068],[139.763611,35.72808],[139.763241,35.725219],[139.760222,35.724955],[139.757547,35.724636],[139.753454,35.722792],[139.751044,35.724167],[139.748389,35.725638],[139.746634,35.726722],[139.743181,35.7291],[139.741254,35.730893],[139.739367,35.732617],[139.737827,35.733885]]},"properties":{"route_id":"Kusa63","route_title":"草６３ 巣鴨駅前行","pattern_id":"36004","direction_id":"2","stop_count":29,"origin_stop_name":"雷門一丁目","destination_stop_name":"巣鴨駅前","path_type":"odpt-busstop-order-shape","source_stop_count":29,"solve_stop_count":29,"snap_fallback":true}},{"type":"Feature","id":"shape-Kusa63-36005-1","geometry":{"type":"LineString","coordinates":[[139.712707,35.730954],[139.715099,35.732642],[139.719175,35.735811],[139.721005,35.737478],[139.722824,35.739103],[139.725958,35.741899],[139.728639,35.743872],[139.73148,35.740827],[139.733435,35.738648],[139.736508,35.735568]]},"properties":{"route_id":"Kusa63","route_title":"草６３ とげぬき地蔵前行","pattern_id":"36005","direction_id":"1","stop_count":10,"origin_stop_name":"池袋駅東口","destination_stop_name":"とげぬき地蔵前","path_type":"odpt-busstop-order-shape","source_stop_count":10,"solve_stop_count":10,"snap_fallback":true}},{"type":"Feature","id":"shape-Kusa63-36005-2","geometry":{"type":"LineString","coordinates":[[139.736605,35.735065],[139.733768,35.738006],[139.731233,35.740652],[139.72765,35.743763],[139.726107,35.74181],[139.723224,35.73923],[139.721866,35.738053],[139.720017,35.736311],[139.715533,35.73267],[139.71307,35.730957]]},"properties":{"route_id":"Kusa63","route_title":"草６３ 池袋駅東口行","pattern_id":"36005","direction_id":"2","stop_count":10,"origin_stop_name":"とげぬき地蔵前","destination_stop_name":"池袋駅東口","path_type":"odpt-busstop-order-shape","source_stop_count":10,"solve_stop_count":10,"snap_fallback":true}},{"type":"Feature","id":"shape-Kusa63-36008-2","geometry":{"type":"LineString","coordinates":[[139.763611,35.72808],[139.763241,35.725219],[139.760222,35.724955],[139.757547,35.724636],[139.753454,35.722792],[139.751044,35.724167],[139.748389,35.725638],[139.746634,35.726722],[139.743181,35.7291],[139.741254,35.730893],[139.739367,35.732617],[139.737827,35.733885],[139.736605,35.735065],[139.733768,35.738006],[139.731233,35.740652],[139.72765,35.743763],[139.726107,35.74181],[139.723224,35.73923],[139.721866,35.738053],[139.720017,35.736311],[139.715533,35.73267],[139.71307,35.730957]]},"properties":{"route_id":"Kusa63","route_title":"草６３ 池袋駅東口行","pattern_id":"36008","direction_id":"2","stop_count":22,"origin_stop_name":"千駄木三丁目","destination_stop_name":"池袋駅東口","path_type":"odpt-busstop-order-shape","source_stop_count":22,"solve_stop_count":22,"snap_fallback":true}},{"type":"Feature","id":"shape-Sato48-36101-1","geometry":{"type":"LineString","coordinates":[[139.771154,35.729028],[139.770057,35.731027],[139.768551,35.732277],[139.768301,35.736671],[139.768593,35.739659],[139.768823,35.74215],[139.769198,35.745359],[139.769523,35.748292],[139.769539,35.749786],[139.770058,35.754916],[139.770619,35.763796],[139.770647,35.766606],[139.770427,35.769723],[139.770183,35.773889],[139.770075,35.777615],[139.770005,35.779766],[139.769905,35.782349],[139.769888,35.785381],[139.769888,35.787796],[139.769946,35.792291],[139.769983,35.795079],[139.76643,35.795903],[139.765618,35.798742],[139.768978,35.801963],[139.769956,35.804038],[139.769945,35.808484],[139.770286,35.812668],[139.770101,35.814237]]},"properties":{"route_id":"Sato48","route_title":"里４８ 見沼代親水公園駅前行","pattern_id":"36101","direction_id":"1","stop_count":28,"origin_stop_name":"日暮里駅前","destination_stop_name":"見沼代親水公園駅前","path_type":"odpt-busstop-order-shape","source_stop_count":28,"solve_stop_count":28,"snap_fallback":true}},{"type":"Feature","id":"shape-Sato48-36101-2","geometry":{"type":"LineString","coordinates":[[139.770276,35.81428],[139.770469,35.81249],[139.770193,35.808121],[139.770307,35.803721],[139.768768,35.801783],[139.765757,35.798158],[139.76609,35.796106],[139.770251,35.795223],[139.770249,35.79217],[139.770124,35.786848],[139.770144,35.784615],[139.770199,35.782546],[139.770258,35.779991],[139.770314,35.777545],[139.770866,35.774139],[139.770563,35.772411],[139.770786,35.769467],[139.770925,35.766578],[139.770981,35.762939],[139.770313,35.755067],[139.769906,35.74999],[139.769838,35.748387],[139.769678,35.746484],[139.769465,35.745353],[139.769147,35.743067],[139.768743,35.738679],[139.768544,35.736809],[139.768567,35.732542],[139.770449,35.730977],[139.77186,35.729179]]},"properties":{"route_id":"Sato48","route_title":"里４８ 日暮里駅前行","pattern_id":"36101","direction_id":"2","stop_count":30,"origin_stop_name":"見沼代親水公園駅前","destination_stop_name":"日暮里駅前","path_type":"odpt-busstop-order-shape","source_stop_count":30,"solve_stop_count":30,"snap_fallback":true}},{"type":"Feature","id":"shape-Sato48-36103-1","geometry":{"type":"LineString","coordinates":[[139.771154,35.729028],[139.770057,35.731027],[139.768551,35.732277],[139.768301,35.736671],[139.768593,35.739659],[139.768823,35.74215],[139.769198,35.745359],[139.769523,35.748292],[139.769539,35.749786],[139.770058,35.754916],[139.770619,35.763796],[139.770647,35.766606],[139.770427,35.769723],[139.770183,35.773889],[139.770075,35.777615],[139.770005,35.779766],[139.769905,35.782349]]},"properties":{"route_id":"Sato48","route_title":"里４８ 江北六丁目団地前行","pattern_id":"36103","direction_id":"1","stop_count":17,"origin_stop_name":"日暮里駅前","destination_stop_name":"江北六丁目団地前","path_type":"odpt-busstop-order-shape","source_stop_count":17,"solve_stop_count":17,"snap_fallback":true}},{"type":"Feature","id":"shape-Sato48-36103-2","geometry":{"type":"LineString","coordinates":[[139.770199,35.782546],[139.770258,35.779991],[139.770314,35.777545],[139.770866,35.774139],[139.770563,35.772411],[139.770786,35.769467],[139.770925,35.766578],[139.770981,35.762939],[139.770313,35.755067],[139.769906,35.74999],[139.769838,35.748387],[139.769678,35.746484],[139.769465,35.745353],[139.769147,35.743067],[139.768743,35.738679],[139.768544,35.736809],[139.768567,35.732542],[139.770449,35.730977],[139.77186,35.729179]]},"properties":{"route_id":"Sato48","route_title":"里４８ 日暮里駅前行","pattern_id":"36103","direction_id":"2","stop_count":19,"origin_stop_name":"江北六丁目団地前","destination_stop_name":"日暮里駅前","path_type":"odpt-busstop-order-shape","source_stop_count":19,"solve_stop_count":19,"snap_fallback":true}},{"type":"Feature","id":"shape-Cha51-36301-1","geometry":{"type":"LineString","coordinates":[[139.74715,35.73585],[139.748931,35.732906],[139.751803,35.729254],[139.753047,35.726985],[139.754113,35.723411],[139.755761,35.721005],[139.757462,35.71897],[139.758503,35.716531],[139.759675,35.712214],[139.760248,35.709988],[139.76083,35.706602],[139.761169,35.705104],[139.764738,35.702442],[139.766703,35.70121],[139.767664,35.699309],[139.764524,35.700332]]},"properties":{"route_id":"Cha51","route_title":"茶５１ 御茶ノ水駅前行","pattern_id":"36301","direction_id":"1","stop_count":16,"origin_stop_name":"駒込駅南口","destination_stop_name":"御茶ノ水駅前","path_type":"odpt-busstop-order-shape","source_stop_count":16,"solve_stop_count":16,"snap_fallback":true}},{"type":"Feature","id":"shape-Cha51-36301-2","geometry":{"type":"LineString","coordinates":[[139.764264,35.700396],[139.761776,35.70298],[139.760909,35.705166],[139.760606,35.706603],[139.760047,35.710037],[139.759492,35.712239],[139.758356,35.716478],[139.757367,35.718764],[139.755742,35.720731],[139.754283,35.722705],[139.752333,35.727577],[139.751278,35.729729],[139.749775,35.731582],[139.74715,35.73585]]},"properties":{"route_id":"Cha51","route_title":"茶５１ 駒込駅南口行","pattern_id":"36301","direction_id":"2","stop_count":14,"origin_stop_name":"御茶ノ水駅前","destination_stop_name":"駒込駅南口","path_type":"odpt-busstop-order-shape","source_stop_count":14,"solve_stop_count":14,"snap_fallback":true}},{"type":"Feature","id":"shape-Cha51-36302-1","geometry":{"type":"LineString","coordinates":[[139.74715,35.73585],[139.748931,35.732906],[139.751803,35.729254],[139.753047,35.726985],[139.754113,35.723411],[139.755761,35.721005],[139.757462,35.71897],[139.758503,35.716531],[139.759675,35.712214],[139.760248,35.709988],[139.76083,35.706602],[139.761169,35.705104],[139.761979,35.702854],[139.764616,35.700462],[139.770015,35.69828],[139.773688,35.69908]]},"properties":{"route_id":"Cha51","route_title":"茶５１ 秋葉原駅前行","pattern_id":"36302","direction_id":"1","stop_count":16,"origin_stop_name":"駒込駅南口","destination_stop_name":"秋葉原駅前","path_type":"odpt-busstop-order-shape","source_stop_count":16,"solve_stop_count":16,"snap_fallback":true}},{"type":"Feature","id":"shape-Cha51-36302-2","geometry":{"type":"LineString","coordinates":[[139.773688,35.69908],[139.770295,35.697948],[139.767664,35.699309],[139.764264,35.700396],[139.761776,35.70298],[139.760909,35.705166],[139.760606,35.706603],[139.760047,35.710037],[139.759492,35.712239],[139.758356,35.716478],[139.757367,35.718764],[139.755742,35.720731],[139.754283,35.722705],[139.752333,35.727577],[139.751278,35.729729],[139.749775,35.731582],[139.74715,35.73585]]},"properties":{"route_id":"Cha51","route_title":"茶５１ 駒込駅南口行","pattern_id":"36302","direction_id":"2","stop_count":17,"origin_stop_name":"秋葉原駅前","destination_stop_name":"駒込駅南口","path_type":"odpt-busstop-order-shape","source_stop_count":17,"solve_stop_count":17,"snap_fallback":true}},{"type":"Feature","id":"shape-Kusa64-36402-1","geometry":{"type":"LineString","coordinates":[[139.713705,35.729488],[139.714097,35.731542],[139.715099,35.732642],[139.719175,35.735811],[139.721005,35.737478],[139.722824,35.739103],[139.725958,35.741899],[139.728553,35.744678],[139.730783,35.746351],[139.733119,35.748111],[139.73634,35.750325],[139.738436,35.753893],[139.743691,35.754393],[139.747489,35.751458],[139.750966,35.749211],[139.755254,35.746858],[139.758716,35.744975],[139.763166,35.742549],[139.76617,35.740781],[139.769462,35.73882],[139.773498,35.737632],[139.777712,35.736957],[139.781653,35.735666],[139.783764,35.735052],[139.787252,35.733276],[139.790401,35.731037],[139.794458,35.727991],[139.796241,35.725897],[139.797783,35.724116],[139.799558,35.721789],[139.799661,35.719057],[139.799026,35.716992],[139.798425,35.714587],[139.797914,35.712382],[139.796788,35.710735],[139.796238,35.709559]]},"properties":{"route_id":"Kusa64","route_title":"草６４ 浅草雷門南行","pattern_id":"36402","direction_id":"1","stop_count":36,"origin_stop_name":"池袋駅東口","destination_stop_name":"浅草雷門南","path_type":"odpt-busstop-order-shape","source_stop_count":36,"solve_stop_count":36,"snap_fallback":true}},{"type":"Feature","id":"shape-Kusa64-36405-1","geometry":{"type":"LineString","coordinates":[[139.736605,35.735065],[139.733768,35.738006],[139.731233,35.740652],[139.728553,35.744678],[139.730783,35.746351],[139.733119,35.748111],[139.73634,35.750325],[139.738436,35.753893],[139.743691,35.754393],[139.747489,35.751458],[139.750966,35.749211],[139.755254,35.746858],[139.758716,35.744975],[139.763166,35.742549],[139.76617,35.740781],[139.769462,35.73882],[139.773498,35.737632],[139.777712,35.736957],[139.781653,35.735666],[139.783764,35.735052],[139.787252,35.733276],[139.790401,35.731037],[139.794458,35.727991],[139.796241,35.725897],[139.797783,35.724116],[139.799558,35.721789],[139.799661,35.719057],[139.799026,35.716992],[139.798425,35.714587],[139.797914,35.712382],[139.796788,35.710735],[139.796238,35.709559]]},"properties":{"route_id":"Kusa64","route_title":"草６４ 浅草雷門南行","pattern_id":"36405","direction_id":"1","stop_count":32,"origin_stop_name":"とげぬき地蔵前","destination_stop_name":"浅草雷門南","path_type":"odpt-busstop-order-shape","source_stop_count":32,"solve_stop_count":32,"snap_fallback":true}},{"type":"Feature","id":"shape-Kusa64-36405-2","geometry":{"type":"LineString","coordinates":[[139.796238,35.709559],[139.797733,35.712207],[139.798187,35.714484],[139.798691,35.716359],[139.799491,35.719064],[139.799458,35.7216],[139.797863,35.723776],[139.795658,35.726272],[139.794341,35.727849],[139.789555,35.731253],[139.787072,35.733193],[139.784066,35.734815],[139.780839,35.735735],[139.775782,35.737036],[139.773976,35.73734],[139.767782,35.739634],[139.764441,35.741562],[139.76201,35.742998],[139.757585,35.745425],[139.75428,35.747227],[139.750866,35.749077],[139.748153,35.750719],[139.743731,35.754099],[139.738579,35.753705],[139.736354,35.749994],[139.733111,35.747685],[139.730856,35.746153],[139.728639,35.743872],[139.73148,35.740827],[139.733435,35.738648],[139.736508,35.735568]]},"properties":{"route_id":"Kusa64","route_title":"草６４ とげぬき地蔵前行","pattern_id":"36405","direction_id":"2","stop_count":31,"origin_stop_name":"浅草雷門南","destination_stop_name":"とげぬき地蔵前","path_type":"odpt-busstop-order-shape","source_stop_count":31,"solve_stop_count":31,"snap_fallback":true}},{"type":"Feature","id":"shape-Kusa64-36411-2","geometry":{"type":"LineString","coordinates":[[139.775782,35.737036],[139.773976,35.73734],[139.767782,35.739634],[139.764441,35.741562],[139.76201,35.742998],[139.757585,35.745425],[139.75428,35.747227],[139.750866,35.749077],[139.748153,35.750719],[139.743731,35.754099],[139.738579,35.753705],[139.736354,35.749994],[139.733111,35.747685],[139.730856,35.746153],[139.72765,35.743763],[139.726107,35.74181],[139.723224,35.73923],[139.721866,35.738053],[139.720017,35.736311],[139.715533,35.73267],[139.71307,35.730957]]},"properties":{"route_id":"Kusa64","route_title":"草６４ 池袋駅東口行","pattern_id":"36411","direction_id":"2","stop_count":21,"origin_stop_name":"荒川四丁目","destination_stop_name":"池袋駅東口","path_type":"odpt-busstop-order-shape","source_stop_count":21,"solve_stop_count":21,"snap_fallback":true}},{"type":"Feature","id":"shape-Kusa63-36414-1","geometry":{"type":"LineString","coordinates":[[139.712707,35.730954],[139.715099,35.732642],[139.719175,35.735811],[139.721005,35.737478],[139.722824,35.739103],[139.725958,35.741899],[139.728639,35.743872],[139.73148,35.740827],[139.733435,35.738648],[139.736508,35.735568]]},"properties":{"route_id":"Kusa63","route_title":"草６３ とげぬき地蔵前行","pattern_id":"36414","direction_id":"1","stop_count":10,"origin_stop_name":"池袋駅東口","destination_stop_name":"とげぬき地蔵前","path_type":"odpt-busstop-order-shape","source_stop_count":10,"solve_stop_count":10,"snap_fallback":true}},{"type":"Feature","id":"shape-Kusa63-36414-2","geometry":{"type":"LineString","coordinates":[[139.736605,35.735065],[139.733768,35.738006],[139.731233,35.740652],[139.72765,35.743763],[139.726107,35.74181],[139.723224,35.73923],[139.721866,35.738053],[139.720017,35.736311],[139.715533,35.73267],[139.71307,35.730957]]},"properties":{"route_id":"Kusa63","route_title":"草６３ 池袋駅東口行","pattern_id":"36414","direction_id":"2","stop_count":10,"origin_stop_name":"とげぬき地蔵前","destination_stop_name":"池袋駅東口","path_type":"odpt-busstop-order-shape","source_stop_count":10,"solve_stop_count":10,"snap_fallback":true}},{"type":"Feature","id":"shape-Kusa63-36601-2","geometry":{"type":"LineString","coordinates":[[139.736605,35.735065],[139.733768,35.738006],[139.731233,35.740652],[139.72765,35.743763],[139.726107,35.74181],[139.723224,35.73923],[139.721866,35.738053],[139.720017,35.736311],[139.715533,35.73267],[139.713206,35.729777],[139.715744,35.728162]]},"properties":{"route_id":"Kusa63","route_title":"草６３ 東池袋一丁目行","pattern_id":"36601","direction_id":"2","stop_count":11,"origin_stop_name":"とげぬき地蔵前","destination_stop_name":"東池袋一丁目","path_type":"odpt-busstop-order-shape","source_stop_count":11,"solve_stop_count":11,"snap_fallback":true}},{"type":"Feature","id":"shape-Sato48-2-36701-3","geometry":{"type":"LineString","coordinates":[[139.771154,35.729028],[139.770057,35.731027],[139.768551,35.732277],[139.768301,35.736671],[139.768593,35.739659],[139.768823,35.74215],[139.769198,35.745359],[139.769523,35.748292],[139.769539,35.749786],[139.770058,35.754916],[139.770619,35.763796],[139.767275,35.766188],[139.766363,35.76922],[139.765527,35.773551],[139.765341,35.77518],[139.765006,35.78017],[139.765119,35.78215],[139.762847,35.785782],[139.762108,35.789551],[139.761908,35.791009],[139.761726,35.794226],[139.758563,35.793103],[139.759249,35.790421],[139.761271,35.790756],[139.762083,35.788612],[139.763289,35.785281],[139.765263,35.782557],[139.765221,35.780275],[139.765365,35.775902],[139.765649,35.773918],[139.766566,35.768961],[139.767355,35.766518],[139.770981,35.762939],[139.770313,35.755067],[139.769906,35.74999],[139.769838,35.748387],[139.769678,35.746484],[139.769465,35.745353],[139.769147,35.743067],[139.768743,35.738679],[139.768544,35.736809],[139.768567,35.732542],[139.770449,35.730977],[139.77186,35.729179]]},"properties":{"route_id":"Sato48-2","route_title":"里４８－２ 日暮里駅前行","pattern_id":"36701","direction_id":"3","stop_count":44,"origin_stop_name":"日暮里駅前","destination_stop_name":"日暮里駅前","path_type":"odpt-busstop-order-shape","source_stop_count":44,"solve_stop_count":44,"snap_fallback":true}},{"type":"Feature","id":"shape-Sato48-2-36703-2","geometry":{"type":"LineString","coordinates":[[139.761726,35.794226],[139.758563,35.793103],[139.759249,35.790421],[139.761271,35.790756],[139.762083,35.788612],[139.763289,35.785281],[139.765263,35.782557],[139.765221,35.780275],[139.765365,35.775902],[139.765649,35.773918],[139.766566,35.768961],[139.767355,35.766518],[139.770981,35.762939],[139.770313,35.755067],[139.769906,35.74999],[139.769838,35.748387],[139.769678,35.746484],[139.769465,35.745353],[139.769147,35.743067],[139.768743,35.738679],[139.768544,35.736809],[139.768567,35.732542],[139.770449,35.730977],[139.77186,35.729179]]},"properties":{"route_id":"Sato48-2","route_title":"里４８－２ 日暮里駅前行","pattern_id":"36703","direction_id":"2","stop_count":24,"origin_stop_name":"加賀団地","destination_stop_name":"日暮里駅前","path_type":"odpt-busstop-order-shape","source_stop_count":24,"solve_stop_count":24,"snap_fallback":true}},{"type":"Feature","id":"shape-Ue01-37001-3","geometry":{"type":"LineString","coordinates":[[139.764125,35.713246],[139.764031,35.711017],[139.7638,35.708293],[139.764796,35.707504],[139.768288,35.708415],[139.771968,35.708187],[139.77408,35.711238],[139.774038,35.707807],[139.772281,35.707992],[139.769409,35.708194],[139.763666,35.708237],[139.763892,35.710937],[139.763974,35.713295]]},"properties":{"route_id":"Ue01","route_title":"上０１ 東大構内行","pattern_id":"37001","direction_id":"3","stop_count":13,"origin_stop_name":"東大構内","destination_stop_name":"東大構内","path_type":"odpt-busstop-order-shape","source_stop_count":13,"solve_stop_count":13,"snap_fallback":true}},{"type":"Feature","id":"shape-Ue01-37002-1","geometry":{"type":"LineString","coordinates":[[139.764125,35.713246],[139.764031,35.711017],[139.7638,35.708293],[139.764796,35.707504],[139.768288,35.708415],[139.771968,35.708187],[139.77408,35.711238]]},"properties":{"route_id":"Ue01","route_title":"上０１ 上野公園山下行","pattern_id":"37002","direction_id":"1","stop_count":7,"origin_stop_name":"東大構内","destination_stop_name":"上野公園山下","path_type":"odpt-busstop-order-shape","source_stop_count":7,"solve_stop_count":7,"snap_fallback":true}},{"type":"Feature","id":"shape-Ue01-37002-2","geometry":{"type":"LineString","coordinates":[[139.77408,35.711238],[139.774038,35.707807],[139.772281,35.707992],[139.769409,35.708194],[139.763666,35.708237],[139.763892,35.710937],[139.763974,35.713295]]},"properties":{"route_id":"Ue01","route_title":"上０１ 東大構内行","pattern_id":"37002","direction_id":"2","stop_count":7,"origin_stop_name":"上野公園山下","destination_stop_name":"東大構内","path_type":"odpt-busstop-order-shape","source_stop_count":7,"solve_stop_count":7,"snap_fallback":true}},{"type":"Feature","id":"shape-Ou40Hei-40602-2","geometry":{"type":"LineString","coordinates":[[139.754129,35.757482],[139.75732,35.75799],[139.756943,35.76034],[139.755129,35.76237],[139.752966,35.763483],[139.748994,35.763497],[139.747776,35.76226],[139.744734,35.759088],[139.743101,35.757364],[139.738715,35.753901]]},"properties":{"route_id":"Ou40Hei","route_title":"王４０丙 王子駅前行","pattern_id":"40602","direction_id":"2","stop_count":10,"origin_stop_name":"江南中学校前","destination_stop_name":"王子駅前","path_type":"odpt-busstop-order-shape","source_stop_count":10,"solve_stop_count":10,"snap_fallback":true}},{"type":"Feature","id":"shape-Cha07-37101-3","geometry":{"type":"LineString","coordinates":[[139.764178,35.713223],[139.764022,35.710874],[139.7638,35.708293],[139.764738,35.702442],[139.766703,35.70121],[139.767664,35.699309],[139.764524,35.700332],[139.761776,35.70298],[139.763666,35.708237],[139.763892,35.710937],[139.763974,35.713295]]},"properties":{"route_id":"Cha07","route_title":"茶０７ 東大構内行","pattern_id":"37101","direction_id":"3","stop_count":11,"origin_stop_name":"東大構内","destination_stop_name":"東大構内","path_type":"odpt-busstop-order-shape","source_stop_count":11,"solve_stop_count":11,"snap_fallback":true}},{"type":"Feature","id":"shape-Cha07-37102-1","geometry":{"type":"LineString","coordinates":[[139.764178,35.713223],[139.764022,35.710874],[139.7638,35.708293],[139.764738,35.702442],[139.766703,35.70121],[139.767664,35.699309],[139.764524,35.700332]]},"properties":{"route_id":"Cha07","route_title":"茶０７ 御茶ノ水駅前行","pattern_id":"37102","direction_id":"1","stop_count":7,"origin_stop_name":"東大構内","destination_stop_name":"御茶ノ水駅前","path_type":"odpt-busstop-order-shape","source_stop_count":7,"solve_stop_count":7,"snap_fallback":true}},{"type":"Feature","id":"shape-Cha07-37102-2","geometry":{"type":"LineString","coordinates":[[139.764524,35.700332],[139.761776,35.70298],[139.763666,35.708237],[139.763892,35.710937],[139.763974,35.713295]]},"properties":{"route_id":"Cha07","route_title":"茶０７ 東大構内行","pattern_id":"37102","direction_id":"2","stop_count":5,"origin_stop_name":"御茶ノ水駅前","destination_stop_name":"東大構内","path_type":"odpt-busstop-order-shape","source_stop_count":5,"solve_stop_count":5,"snap_fallback":true}},{"type":"Feature","id":"shape-Ou40Kou-40001-1","geometry":{"type":"LineString","coordinates":[[139.713464,35.729612],[139.714097,35.731542],[139.715099,35.732642],[139.719175,35.735811],[139.721005,35.737478],[139.722824,35.739103],[139.725958,35.741899],[139.728553,35.744678],[139.730783,35.746351],[139.733119,35.748111],[139.73634,35.750325],[139.738815,35.754343],[139.742634,35.757169],[139.744475,35.758968],[139.747077,35.761663],[139.74911,35.763736],[139.752165,35.763913],[139.756229,35.762098],[139.762036,35.767782],[139.763353,35.768953],[139.766369,35.770772],[139.768971,35.772367],[139.772724,35.774622],[139.777082,35.777258],[139.780537,35.778136],[139.783304,35.778183],[139.788537,35.778422],[139.790055,35.776757]]},"properties":{"route_id":"Ou40Kou","route_title":"王４０甲 西新井駅前行","pattern_id":"40001","direction_id":"1","stop_count":28,"origin_stop_name":"池袋駅東口","destination_stop_name":"西新井駅前","path_type":"odpt-busstop-order-shape","source_stop_count":28,"solve_stop_count":28,"snap_fallback":true}},{"type":"Feature","id":"shape-Ou40Kou-40005-2","geometry":{"type":"LineString","coordinates":[[139.763211,35.768802],[139.76232,35.767825],[139.755129,35.76237],[139.752966,35.763483],[139.748994,35.763497],[139.747776,35.76226],[139.744734,35.759088],[139.743101,35.757364],[139.738579,35.753705],[139.736354,35.749994],[139.733111,35.747685],[139.730856,35.746153],[139.72765,35.743763],[139.726107,35.74181],[139.723224,35.73923],[139.721866,35.738053],[139.720017,35.736311],[139.715533,35.73267],[139.713106,35.730774]]},"properties":{"route_id":"Ou40Kou","route_title":"王４０甲 池袋駅東口行","pattern_id":"40005","direction_id":"2","stop_count":19,"origin_stop_name":"荒川土手操車所前","destination_stop_name":"池袋駅東口","path_type":"odpt-busstop-order-shape","source_stop_count":19,"solve_stop_count":19,"snap_fallback":true}},{"type":"Feature","id":"shape-Ou40Kou-40006-1","geometry":{"type":"LineString","coordinates":[[139.713464,35.729612],[139.714097,35.731542],[139.715099,35.732642],[139.719175,35.735811],[139.721005,35.737478],[139.722824,35.739103],[139.725958,35.741899],[139.728553,35.744678],[139.730783,35.746351],[139.733119,35.748111],[139.73634,35.750325],[139.738592,35.754102],[139.742634,35.757169],[139.744475,35.758968],[139.747077,35.761663],[139.74911,35.763736],[139.752127,35.764256]]},"properties":{"route_id":"Ou40Kou","route_title":"王４０甲 豊島五丁目団地行","pattern_id":"40006","direction_id":"1","stop_count":17,"origin_stop_name":"池袋駅東口","destination_stop_name":"豊島五丁目団地","path_type":"odpt-busstop-order-shape","source_stop_count":17,"solve_stop_count":17,"snap_fallback":true}},{"type":"Feature","id":"shape-Ou40Kou-40007-1","geometry":{"type":"LineString","coordinates":[[139.752165,35.763913],[139.756229,35.762098],[139.762036,35.767782],[139.763353,35.768953],[139.766369,35.770772],[139.768971,35.772367],[139.772724,35.774622],[139.777082,35.777258],[139.780537,35.778136],[139.783304,35.778183],[139.788537,35.778422],[139.790055,35.776757]]},"properties":{"route_id":"Ou40Kou","route_title":"王４０甲 西新井駅前行","pattern_id":"40007","direction_id":"1","stop_count":12,"origin_stop_name":"豊島五丁目団地","destination_stop_name":"西新井駅前","path_type":"odpt-busstop-order-shape","source_stop_count":12,"solve_stop_count":12,"snap_fallback":true}},{"type":"Feature","id":"shape-Ou40Kou-40007-2","geometry":{"type":"LineString","coordinates":[[139.790148,35.776245],[139.784639,35.776299],[139.78385,35.777936],[139.780578,35.777902],[139.775743,35.776388],[139.773285,35.774861],[139.769407,35.772546],[139.766728,35.77093],[139.763211,35.768802],[139.76232,35.767825],[139.755129,35.76237],[139.752966,35.763483]]},"properties":{"route_id":"Ou40Kou","route_title":"王４０甲 豊島五丁目団地行","pattern_id":"40007","direction_id":"2","stop_count":12,"origin_stop_name":"西新井駅前","destination_stop_name":"豊島五丁目団地","path_type":"odpt-busstop-order-shape","source_stop_count":12,"solve_stop_count":12,"snap_fallback":true}},{"type":"Feature","id":"shape-Ou40Kou-40008-1","geometry":{"type":"LineString","coordinates":[[139.756229,35.762098],[139.762036,35.767782],[139.763353,35.768953],[139.766369,35.770772],[139.768971,35.772367],[139.772724,35.774622],[139.777082,35.777258],[139.780537,35.778136],[139.783304,35.778183],[139.788537,35.778422],[139.790055,35.776757]]},"properties":{"route_id":"Ou40Kou","route_title":"王４０甲 西新井駅前行","pattern_id":"40008","direction_id":"1","stop_count":11,"origin_stop_name":"宮城二丁目","destination_stop_name":"西新井駅前","path_type":"odpt-busstop-order-shape","source_stop_count":11,"solve_stop_count":11,"snap_fallback":true}},{"type":"Feature","id":"shape-Ou40Shutsunyuu-40009-2","geometry":{"type":"LineString","coordinates":[[139.790148,35.776245],[139.784639,35.776299],[139.78385,35.777936],[139.780578,35.777902],[139.775743,35.776388],[139.773285,35.774861],[139.769407,35.772546],[139.766728,35.77093],[139.763211,35.768802],[139.76232,35.767825],[139.755129,35.76237],[139.752966,35.763483],[139.748994,35.763497],[139.747776,35.76226],[139.744734,35.759088],[139.743101,35.757364],[139.738715,35.753901],[139.737153,35.755673],[139.7374,35.759607],[139.73705,35.761969],[139.735649,35.765019],[139.734652,35.768055],[139.733503,35.771333],[139.73302,35.773841]]},"properties":{"route_id":"Ou40Shutsunyuu","route_title":"王４０出入 北車庫前行","pattern_id":"40009","direction_id":"2","stop_count":24,"origin_stop_name":"西新井駅前","destination_stop_name":"北車庫前","path_type":"odpt-busstop-order-shape","source_stop_count":24,"solve_stop_count":24,"snap_fallback":true}},{"type":"Feature","id":"shape-Ou40Shutsunyuu-40010-1","geometry":{"type":"LineString","coordinates":[[139.713464,35.729612],[139.714097,35.731542],[139.715099,35.732642],[139.719175,35.735811],[139.721005,35.737478],[139.722824,35.739103],[139.725958,35.741899],[139.728553,35.744678],[139.730783,35.746351],[139.733119,35.748111],[139.73634,35.750325],[139.737562,35.753644],[139.737153,35.755673],[139.7374,35.759607],[139.73705,35.761969],[139.735649,35.765019],[139.734652,35.768055],[139.733503,35.771333],[139.73302,35.773841]]},"properties":{"route_id":"Ou40Shutsunyuu","route_title":"王４０出入 北車庫前行","pattern_id":"40010","direction_id":"1","stop_count":19,"origin_stop_name":"池袋駅東口","destination_stop_name":"北車庫前","path_type":"odpt-busstop-order-shape","source_stop_count":19,"solve_stop_count":19,"snap_fallback":true}},{"type":"Feature","id":"shape-Ou40Shutsunyuu-40010-2","geometry":{"type":"LineString","coordinates":[[139.733248,35.773505],[139.733988,35.770763],[139.734752,35.768589],[139.735878,35.765162],[139.736889,35.762757],[139.738516,35.758515],[139.738579,35.753705],[139.736354,35.749994],[139.733111,35.747685],[139.730856,35.746153],[139.72765,35.743763],[139.726107,35.74181],[139.723224,35.73923],[139.721866,35.738053],[139.720017,35.736311],[139.715533,35.73267],[139.713106,35.730774]]},"properties":{"route_id":"Ou40Shutsunyuu","route_title":"王４０出入 池袋駅東口行","pattern_id":"40010","direction_id":"2","stop_count":17,"origin_stop_name":"北車庫前","destination_stop_name":"池袋駅東口","path_type":"odpt-busstop-order-shape","source_stop_count":17,"solve_stop_count":17,"snap_fallback":true}},{"type":"Feature","id":"shape-Ou40Kou-40011-1","geometry":{"type":"LineString","coordinates":[[139.738815,35.754343],[139.742634,35.757169],[139.744475,35.758968],[139.747077,35.761663],[139.74911,35.763736],[139.752165,35.763913],[139.756229,35.762098],[139.762036,35.767782],[139.763353,35.768953],[139.766369,35.770772],[139.768971,35.772367],[139.772724,35.774622],[139.777082,35.777258],[139.780537,35.778136],[139.783304,35.778183],[139.788537,35.778422],[139.790055,35.776757]]},"properties":{"route_id":"Ou40Kou","route_title":"王４０甲 西新井駅前行","pattern_id":"40011","direction_id":"1","stop_count":17,"origin_stop_name":"王子駅前","destination_stop_name":"西新井駅前","path_type":"odpt-busstop-order-shape","source_stop_count":17,"solve_stop_count":17,"snap_fallback":true}},{"type":"Feature","id":"shape-Ou40Kou-40013-2","geometry":{"type":"LineString","coordinates":[[139.755129,35.76237],[139.752966,35.763483],[139.748994,35.763497],[139.747776,35.76226],[139.744734,35.759088],[139.743101,35.757364],[139.738579,35.753705],[139.736354,35.749994],[139.733111,35.747685],[139.730856,35.746153],[139.72765,35.743763],[139.726107,35.74181],[139.723224,35.73923],[139.721866,35.738053],[139.720017,35.736311],[139.715533,35.73267],[139.713106,35.730774]]},"properties":{"route_id":"Ou40Kou","route_title":"王４０甲 池袋駅東口行","pattern_id":"40013","direction_id":"2","stop_count":17,"origin_stop_name":"宮城二丁目","destination_stop_name":"池袋駅東口","path_type":"odpt-busstop-order-shape","source_stop_count":17,"solve_stop_count":17,"snap_fallback":true}},{"type":"Feature","id":"shape-Ou40Kou-40014-1","geometry":{"type":"LineString","coordinates":[[139.713464,35.729612],[139.714097,35.731542],[139.715099,35.732642],[139.719175,35.735811],[139.721005,35.737478],[139.722824,35.739103],[139.725958,35.741899],[139.728553,35.744678],[139.730783,35.746351],[139.733119,35.748111],[139.73634,35.750325],[139.738815,35.754343],[139.742634,35.757169],[139.744475,35.758968],[139.747077,35.761663],[139.74911,35.763736],[139.752165,35.763913],[139.756229,35.762098],[139.762036,35.767782],[139.763353,35.768953],[139.766369,35.770772],[139.768971,35.772367]]},"properties":{"route_id":"Ou40Kou","route_title":"王４０甲 江北四丁目行","pattern_id":"40014","direction_id":"1","stop_count":22,"origin_stop_name":"池袋駅東口","destination_stop_name":"江北四丁目","path_type":"odpt-busstop-order-shape","source_stop_count":22,"solve_stop_count":22,"snap_fallback":true}},{"type":"Feature","id":"shape-Ou41-40101-1","geometry":{"type":"LineString","coordinates":[[139.73723,35.753867],[139.737153,35.755673],[139.7374,35.759607],[139.73705,35.761969],[139.737201,35.763703],[139.740161,35.76404],[139.742473,35.76476],[139.74216,35.766797],[139.74356,35.770366],[139.742,35.772707],[139.739902,35.774238],[139.738208,35.775399]]},"properties":{"route_id":"Ou41","route_title":"王４１ 新田一丁目行","pattern_id":"40101","direction_id":"1","stop_count":12,"origin_stop_name":"王子駅前","destination_stop_name":"新田一丁目","path_type":"odpt-busstop-order-shape","source_stop_count":12,"solve_stop_count":12,"snap_fallback":true}},{"type":"Feature","id":"shape-Ou41-40101-2","geometry":{"type":"LineString","coordinates":[[139.738402,35.775349],[139.740343,35.774077],[139.742306,35.772584],[139.74361,35.770238],[139.741773,35.766025],[139.739428,35.765978],[139.735878,35.765162],[139.736889,35.762757],[139.737592,35.758386],[139.737383,35.755767],[139.737688,35.753438]]},"properties":{"route_id":"Ou41","route_title":"王４１ 王子駅前行","pattern_id":"40101","direction_id":"2","stop_count":11,"origin_stop_name":"新田一丁目","destination_stop_name":"王子駅前","path_type":"odpt-busstop-order-shape","source_stop_count":11,"solve_stop_count":11,"snap_fallback":true}},{"type":"Feature","id":"shape-Ou40Shutsunyuu-40102-1","geometry":{"type":"LineString","coordinates":[[139.733248,35.773505],[139.733988,35.770763],[139.734752,35.768589],[139.735878,35.765162],[139.736889,35.762757],[139.737592,35.758386],[139.737383,35.755767],[139.737688,35.753438]]},"properties":{"route_id":"Ou40Shutsunyuu","route_title":"王４０出入 王子駅前行","pattern_id":"40102","direction_id":"1","stop_count":8,"origin_stop_name":"北車庫前","destination_stop_name":"王子駅前","path_type":"odpt-busstop-order-shape","source_stop_count":8,"solve_stop_count":8,"snap_fallback":true}},{"type":"Feature","id":"shape-Ou40Shutsunyuu-40102-2","geometry":{"type":"LineString","coordinates":[[139.737562,35.753644],[139.737153,35.755673],[139.7374,35.759607],[139.73705,35.761969],[139.735649,35.765019],[139.734652,35.768055],[139.733503,35.771333],[139.73302,35.773841]]},"properties":{"route_id":"Ou40Shutsunyuu","route_title":"王４０出入 北車庫前行","pattern_id":"40102","direction_id":"2","stop_count":8,"origin_stop_name":"王子駅前","destination_stop_name":"北車庫前","path_type":"odpt-busstop-order-shape","source_stop_count":8,"solve_stop_count":8,"snap_fallback":true}},{"type":"Feature","id":"shape-Ou41-40103-1","geometry":{"type":"LineString","coordinates":[[139.73723,35.753867],[139.737153,35.755673],[139.7374,35.759607],[139.73705,35.761969],[139.737201,35.763703],[139.740161,35.76404],[139.742473,35.76476],[139.74216,35.766797],[139.74356,35.770366],[139.742,35.772707]]},"properties":{"route_id":"Ou41","route_title":"王４１ 新田二丁目行","pattern_id":"40103","direction_id":"1","stop_count":10,"origin_stop_name":"王子駅前","destination_stop_name":"新田二丁目","path_type":"odpt-busstop-order-shape","source_stop_count":10,"solve_stop_count":10,"snap_fallback":true}},{"type":"Feature","id":"shape-Ou45-40201-1","geometry":{"type":"LineString","coordinates":[[139.73723,35.753867],[139.737153,35.755673],[139.7374,35.759607],[139.73705,35.761969],[139.737201,35.763703],[139.740161,35.76404],[139.742473,35.76476],[139.74216,35.766797],[139.74356,35.770366],[139.746051,35.770603],[139.747788,35.769335],[139.749423,35.768704],[139.753166,35.769044],[139.757723,35.763829],[139.758412,35.762689],[139.76217,35.758787],[139.768881,35.755873],[139.774849,35.754994],[139.778933,35.754995],[139.78367,35.755482],[139.789434,35.756089],[139.794163,35.751098],[139.796381,35.750887],[139.799382,35.750958],[139.804541,35.750226]]},"properties":{"route_id":"Ou45","route_title":"王４５ 北千住駅前行","pattern_id":"40201","direction_id":"1","stop_count":25,"origin_stop_name":"王子駅前","destination_stop_name":"北千住駅前","path_type":"odpt-busstop-order-shape","source_stop_count":25,"solve_stop_count":25,"snap_fallback":true}},{"type":"Feature","id":"shape-Ou57-40301-1","geometry":{"type":"LineString","coordinates":[[139.721572,35.779103],[139.722378,35.782227],[139.725289,35.782871],[139.729351,35.78136],[139.732671,35.77797],[139.733336,35.775058],[139.733248,35.773505],[139.733988,35.770763],[139.734752,35.768589],[139.735878,35.765162],[139.736889,35.762757],[139.737592,35.758386],[139.737383,35.755767],[139.738592,35.754102],[139.742634,35.757169],[139.744475,35.758968],[139.747077,35.761663],[139.74911,35.763736],[139.752127,35.764256]]},"properties":{"route_id":"Ou57","route_title":"王５７ 豊島五丁目団地行","pattern_id":"40301","direction_id":"1","stop_count":19,"origin_stop_name":"赤羽駅東口","destination_stop_name":"豊島五丁目団地","path_type":"odpt-busstop-order-shape","source_stop_count":19,"solve_stop_count":19,"snap_fallback":true}},{"type":"Feature","id":"shape-Ou57-40301-2","geometry":{"type":"LineString","coordinates":[[139.752637,35.764114],[139.748994,35.763497],[139.747776,35.76226],[139.744734,35.759088],[139.743101,35.757364],[139.738715,35.753901],[139.737153,35.755673],[139.7374,35.759607],[139.73705,35.761969],[139.735649,35.765019],[139.734652,35.768055],[139.733503,35.771333],[139.732999,35.773575],[139.732478,35.777922],[139.729767,35.780729],[139.725465,35.78266],[139.722613,35.782832],[139.721572,35.779103]]},"properties":{"route_id":"Ou57","route_title":"王５７ 赤羽駅東口行","pattern_id":"40301","direction_id":"2","stop_count":18,"origin_stop_name":"豊島五丁目団地","destination_stop_name":"赤羽駅東口","path_type":"odpt-busstop-order-shape","source_stop_count":18,"solve_stop_count":18,"snap_fallback":true}},{"type":"Feature","id":"shape-Ou57-40303-1","geometry":{"type":"LineString","coordinates":[[139.738592,35.754102],[139.742634,35.757169],[139.744475,35.758968],[139.747077,35.761663],[139.74911,35.763736],[139.752127,35.764256]]},"properties":{"route_id":"Ou57","route_title":"王５７ 豊島五丁目団地行","pattern_id":"40303","direction_id":"1","stop_count":6,"origin_stop_name":"王子駅前","destination_stop_name":"豊島五丁目団地","path_type":"odpt-busstop-order-shape","source_stop_count":6,"solve_stop_count":6,"snap_fallback":true}},{"type":"Feature","id":"shape-Ou57-40303-2","geometry":{"type":"LineString","coordinates":[[139.752637,35.764114],[139.748994,35.763497],[139.747776,35.76226],[139.744734,35.759088],[139.743101,35.757364],[139.738715,35.753901]]},"properties":{"route_id":"Ou57","route_title":"王５７ 王子駅前行","pattern_id":"40303","direction_id":"2","stop_count":6,"origin_stop_name":"豊島五丁目団地","destination_stop_name":"王子駅前","path_type":"odpt-busstop-order-shape","source_stop_count":6,"solve_stop_count":6,"snap_fallback":true}},{"type":"Feature","id":"shape-Ou57-40304-1","geometry":{"type":"LineString","coordinates":[[139.733248,35.773505],[139.733988,35.770763],[139.734752,35.768589],[139.735878,35.765162],[139.736889,35.762757],[139.737592,35.758386],[139.737383,35.755767],[139.738592,35.754102],[139.742634,35.757169],[139.744475,35.758968],[139.747077,35.761663],[139.74911,35.763736],[139.752127,35.764256]]},"properties":{"route_id":"Ou57","route_title":"王５７ 豊島五丁目団地行","pattern_id":"40304","direction_id":"1","stop_count":13,"origin_stop_name":"北車庫前","destination_stop_name":"豊島五丁目団地","path_type":"odpt-busstop-order-shape","source_stop_count":13,"solve_stop_count":13,"snap_fallback":true}},{"type":"Feature","id":"shape-Higashi43-40401-1","geometry":{"type":"LineString","coordinates":[[139.763211,35.768802],[139.76232,35.767825],[139.756076,35.761561],[139.756737,35.760579],[139.757196,35.757527],[139.760424,35.756266],[139.762799,35.755742],[139.762229,35.75269],[139.762246,35.749869],[139.762824,35.74705],[139.763377,35.744954],[139.762979,35.743391],[139.760757,35.740939],[139.760209,35.738217],[139.759341,35.735296],[139.758422,35.731863],[139.757433,35.729843],[139.756242,35.727354],[139.754152,35.724764],[139.754113,35.723411],[139.755761,35.721005],[139.757462,35.71897],[139.758503,35.716531],[139.759675,35.712214],[139.760248,35.709988],[139.76083,35.706602],[139.761169,35.705104],[139.761979,35.702854],[139.763529,35.699839],[139.761393,35.694892],[139.762076,35.692809],[139.764833,35.691375],[139.764029,35.687775],[139.763481,35.685912],[139.765523,35.682491]]},"properties":{"route_id":"Higashi43","route_title":"東４３ 東京駅丸の内北口行","pattern_id":"40401","direction_id":"1","stop_count":35,"origin_stop_name":"荒川土手操車所前","destination_stop_name":"東京駅丸の内北口","path_type":"odpt-busstop-order-shape","source_stop_count":35,"solve_stop_count":35,"snap_fallback":true}},{"type":"Feature","id":"shape-Higashi43-40402-2","geometry":{"type":"LineString","coordinates":[[139.765523,35.682491],[139.763222,35.68606],[139.763619,35.687516],[139.76099,35.693311],[139.761882,35.697284],[139.763401,35.700098],[139.761776,35.70298],[139.760909,35.705166],[139.760606,35.706603],[139.760047,35.710037],[139.759492,35.712239],[139.758356,35.716478],[139.757367,35.718764],[139.755742,35.720731],[139.754283,35.722705],[139.754541,35.725249],[139.75615,35.72746],[139.757441,35.730312],[139.758149,35.731743],[139.75932,35.735869],[139.76071,35.738754],[139.761302,35.741657],[139.762835,35.743375],[139.763356,35.744474],[139.762773,35.7467],[139.762085,35.750108],[139.76197,35.752191],[139.762505,35.75612],[139.760848,35.756399],[139.75732,35.75799],[139.756943,35.76034],[139.756229,35.762098],[139.762036,35.767782]]},"properties":{"route_id":"Higashi43","route_title":"東４３ 荒川土手行","pattern_id":"40402","direction_id":"2","stop_count":33,"origin_stop_name":"東京駅丸の内北口","destination_stop_name":"荒川土手","path_type":"odpt-busstop-order-shape","source_stop_count":33,"solve_stop_count":33,"snap_fallback":true}},{"type":"Feature","id":"shape-Higashi43-40404-2","geometry":{"type":"LineString","coordinates":[[139.757441,35.730312],[139.758149,35.731743],[139.75932,35.735869],[139.76071,35.738754],[139.761302,35.741657],[139.762835,35.743375],[139.763356,35.744474],[139.762773,35.7467],[139.762085,35.750108],[139.76197,35.752191],[139.762505,35.75612],[139.760848,35.756399],[139.75732,35.75799],[139.756943,35.76034],[139.756229,35.762098],[139.762036,35.767782]]},"properties":{"route_id":"Higashi43","route_title":"東４３ 荒川土手行","pattern_id":"40404","direction_id":"2","stop_count":16,"origin_stop_name":"駒込病院前","destination_stop_name":"荒川土手","path_type":"odpt-busstop-order-shape","source_stop_count":16,"solve_stop_count":16,"snap_fallback":true}},{"type":"Feature","id":"shape-Higashi43-40405-1","geometry":{"type":"LineString","coordinates":[[139.763211,35.768802],[139.76232,35.767825],[139.756076,35.761561],[139.756737,35.760579],[139.757196,35.757527],[139.760424,35.756266],[139.762799,35.755742],[139.762229,35.75269],[139.762246,35.749869],[139.762824,35.74705],[139.763377,35.744954],[139.762979,35.743391],[139.760757,35.740939],[139.760209,35.738217]]},"properties":{"route_id":"Higashi43","route_title":"東４３ 田端駅前行","pattern_id":"40405","direction_id":"1","stop_count":14,"origin_stop_name":"荒川土手操車所前","destination_stop_name":"田端駅前","path_type":"odpt-busstop-order-shape","source_stop_count":14,"solve_stop_count":14,"snap_fallback":true}},{"type":"Feature","id":"shape-Higashi43-40406-2","geometry":{"type":"LineString","coordinates":[[139.76071,35.738754],[139.761302,35.741657],[139.762835,35.743375],[139.763356,35.744474],[139.762773,35.7467],[139.762085,35.750108],[139.76197,35.752191],[139.762505,35.75612],[139.760848,35.756399],[139.75732,35.75799],[139.756943,35.76034],[139.756229,35.762098],[139.762036,35.767782]]},"properties":{"route_id":"Higashi43","route_title":"東４３ 荒川土手行","pattern_id":"40406","direction_id":"2","stop_count":13,"origin_stop_name":"田端駅前","destination_stop_name":"荒川土手","path_type":"odpt-busstop-order-shape","source_stop_count":13,"solve_stop_count":13,"snap_fallback":true}},{"type":"Feature","id":"shape-Ou40Shutsunyuu-40603-1","geometry":{"type":"LineString","coordinates":[[139.733248,35.773505],[139.733988,35.770763],[139.734752,35.768589],[139.735878,35.765162],[139.736889,35.762757],[139.737592,35.758386],[139.737383,35.755767],[139.738579,35.753705]]},"properties":{"route_id":"Ou40Shutsunyuu","route_title":"王４０出入 王子駅前行","pattern_id":"40603","direction_id":"1","stop_count":8,"origin_stop_name":"北車庫前","destination_stop_name":"王子駅前","path_type":"odpt-busstop-order-shape","source_stop_count":8,"solve_stop_count":8,"snap_fallback":true}},{"type":"Feature","id":"shape-Higashi43-40407-1","geometry":{"type":"LineString","coordinates":[[139.752218,35.764259],[139.756076,35.761561],[139.756737,35.760579],[139.757196,35.757527],[139.760424,35.756266],[139.762799,35.755742],[139.762229,35.75269],[139.762246,35.749869],[139.762824,35.74705],[139.763377,35.744954],[139.762979,35.743391],[139.760757,35.740939],[139.760209,35.738217],[139.759341,35.735296],[139.758422,35.731863],[139.757457,35.729911]]},"properties":{"route_id":"Higashi43","route_title":"東４３ 駒込病院前行","pattern_id":"40407","direction_id":"1","stop_count":16,"origin_stop_name":"豊島五丁目団地","destination_stop_name":"駒込病院前","path_type":"odpt-busstop-order-shape","source_stop_count":16,"solve_stop_count":16,"snap_fallback":true}},{"type":"Feature","id":"shape-Higashi43-40407-2","geometry":{"type":"LineString","coordinates":[[139.757441,35.730312],[139.758149,35.731743],[139.75932,35.735869],[139.76071,35.738754],[139.761302,35.741657],[139.762835,35.743375],[139.763356,35.744474],[139.762773,35.7467],[139.762085,35.750108],[139.76197,35.752191],[139.762505,35.75612],[139.760848,35.756399],[139.75732,35.75799],[139.756943,35.76034],[139.755129,35.76237],[139.752966,35.763483]]},"properties":{"route_id":"Higashi43","route_title":"東４３ 豊島五丁目団地行","pattern_id":"40407","direction_id":"2","stop_count":16,"origin_stop_name":"駒込病院前","destination_stop_name":"豊島五丁目団地","path_type":"odpt-busstop-order-shape","source_stop_count":16,"solve_stop_count":16,"snap_fallback":true}},{"type":"Feature","id":"shape-Higashi43-40408-1","geometry":{"type":"LineString","coordinates":[[139.754113,35.723411],[139.755761,35.721005],[139.757462,35.71897],[139.758503,35.716531],[139.759675,35.712214],[139.760248,35.709988],[139.76083,35.706602],[139.761169,35.705104],[139.761979,35.702854],[139.763529,35.699839],[139.761393,35.694892],[139.762076,35.692809],[139.764833,35.691375],[139.764029,35.687775],[139.763481,35.685912],[139.765523,35.682491]]},"properties":{"route_id":"Higashi43","route_title":"東４３ 東京駅丸の内北口行","pattern_id":"40408","direction_id":"1","stop_count":16,"origin_stop_name":"向丘二丁目","destination_stop_name":"東京駅丸の内北口","path_type":"odpt-busstop-order-shape","source_stop_count":16,"solve_stop_count":16,"snap_fallback":true}},{"type":"Feature","id":"shape-Higashi43-40412-2","geometry":{"type":"LineString","coordinates":[[139.757441,35.730312],[139.758149,35.731743],[139.75932,35.735869],[139.76071,35.738754],[139.761302,35.741657],[139.762835,35.743375],[139.763356,35.744474],[139.762773,35.7467],[139.762085,35.750108],[139.76197,35.752191],[139.762505,35.75612],[139.760848,35.756399],[139.75732,35.75799],[139.756943,35.76034],[139.756229,35.762098],[139.762036,35.767782],[139.763353,35.768953],[139.766369,35.770772],[139.768971,35.772367],[139.770744,35.773891]]},"properties":{"route_id":"Higashi43","route_title":"東４３ 江北駅前行","pattern_id":"40412","direction_id":"2","stop_count":20,"origin_stop_name":"駒込病院前","destination_stop_name":"江北駅前","path_type":"odpt-busstop-order-shape","source_stop_count":20,"solve_stop_count":20,"snap_fallback":true}},{"type":"Feature","id":"shape-Ou40Hei-40601-4","geometry":{"type":"LineString","coordinates":[[139.738676,35.754195],[139.742634,35.757169],[139.744475,35.758968],[139.747077,35.761663],[139.74911,35.763736],[139.752165,35.763913],[139.756229,35.762098],[139.752949,35.759849],[139.754129,35.757482],[139.75732,35.75799],[139.756943,35.76034],[139.755129,35.76237],[139.752966,35.763483],[139.748994,35.763497],[139.747776,35.76226],[139.744734,35.759088],[139.743101,35.757364],[139.738715,35.753901]]},"properties":{"route_id":"Ou40Hei","route_title":"王４０丙 王子駅前行","pattern_id":"40601","direction_id":"4","stop_count":18,"origin_stop_name":"王子駅前","destination_stop_name":"王子駅前","path_type":"odpt-busstop-order-shape","source_stop_count":18,"solve_stop_count":18,"snap_fallback":true}},{"type":"Feature","id":"shape-Ou40Shutsunyuu-40603-2","geometry":{"type":"LineString","coordinates":[[139.737562,35.753644],[139.737153,35.755673],[139.7374,35.759607],[139.73705,35.761969],[139.735649,35.765019],[139.734652,35.768055],[139.733503,35.771333],[139.73302,35.773841]]},"properties":{"route_id":"Ou40Shutsunyuu","route_title":"王４０出入 北車庫前行","pattern_id":"40603","direction_id":"2","stop_count":8,"origin_stop_name":"王子駅前","destination_stop_name":"北車庫前","path_type":"odpt-busstop-order-shape","source_stop_count":8,"solve_stop_count":8,"snap_fallback":true}},{"type":"Feature","id":"shape-Ou55-40804-1","geometry":{"type":"LineString","coordinates":[[139.737349,35.753727],[139.737153,35.755673],[139.7374,35.759607],[139.73705,35.761969],[139.737201,35.763703],[139.740161,35.76404],[139.74478,35.764216],[139.747451,35.76484],[139.747825,35.766259],[139.749423,35.768704],[139.748657,35.770047],[139.746518,35.771065],[139.744852,35.771292],[139.742,35.772707],[139.739902,35.774238],[139.738208,35.775399]]},"properties":{"route_id":"Ou55","route_title":"王５５ 新田一丁目行","pattern_id":"40804","direction_id":"1","stop_count":16,"origin_stop_name":"王子駅前","destination_stop_name":"新田一丁目","path_type":"odpt-busstop-order-shape","source_stop_count":16,"solve_stop_count":16,"snap_fallback":true}},{"type":"Feature","id":"shape-Ou55-40804-2","geometry":{"type":"LineString","coordinates":[[139.738402,35.775349],[139.740343,35.774077],[139.742306,35.772584],[139.744533,35.771346],[139.746272,35.771432],[139.747785,35.770671],[139.749635,35.768612],[139.747998,35.765836],[139.747544,35.764725],[139.744406,35.764065],[139.741289,35.763889],[139.736889,35.762757],[139.737592,35.758386],[139.737383,35.755767],[139.737688,35.753438]]},"properties":{"route_id":"Ou55","route_title":"王５５ 王子駅前行","pattern_id":"40804","direction_id":"2","stop_count":15,"origin_stop_name":"新田一丁目","destination_stop_name":"王子駅前","path_type":"odpt-busstop-order-shape","source_stop_count":15,"solve_stop_count":15,"snap_fallback":true}},{"type":"Feature","id":"shape-Ou40Shutsunyuu-40805-1","geometry":{"type":"LineString","coordinates":[[139.733248,35.773505],[139.733988,35.770763],[139.734752,35.768589],[139.735878,35.765162],[139.736889,35.762757],[139.737592,35.758386],[139.737383,35.755767],[139.737688,35.753438]]},"properties":{"route_id":"Ou40Shutsunyuu","route_title":"王４０出入 王子駅前行","pattern_id":"40805","direction_id":"1","stop_count":8,"origin_stop_name":"北車庫前","destination_stop_name":"王子駅前","path_type":"odpt-busstop-order-shape","source_stop_count":8,"solve_stop_count":8,"snap_fallback":true}},{"type":"Feature","id":"shape-Ou40Shutsunyuu-40805-2","geometry":{"type":"LineString","coordinates":[[139.737562,35.753644],[139.737153,35.755673],[139.7374,35.759607],[139.73705,35.761969],[139.735649,35.765019],[139.734652,35.768055],[139.733503,35.771333],[139.73302,35.773841]]},"properties":{"route_id":"Ou40Shutsunyuu","route_title":"王４０出入 北車庫前行","pattern_id":"40805","direction_id":"2","stop_count":8,"origin_stop_name":"王子駅前","destination_stop_name":"北車庫前","path_type":"odpt-busstop-order-shape","source_stop_count":8,"solve_stop_count":8,"snap_fallback":true}},{"type":"Feature","id":"shape-Ou55-40806-3","geometry":{"type":"LineString","coordinates":[[139.737349,35.753727],[139.737153,35.755673],[139.7374,35.759607],[139.73705,35.761969],[139.737201,35.763703],[139.740161,35.76404],[139.74478,35.764216],[139.747451,35.76484],[139.747825,35.766259],[139.747648,35.769207],[139.747785,35.770671],[139.749635,35.768612],[139.747998,35.765836],[139.747544,35.764725],[139.744406,35.764065],[139.741289,35.763889],[139.736889,35.762757],[139.737592,35.758386],[139.737383,35.755767],[139.737688,35.753438]]},"properties":{"route_id":"Ou55","route_title":"王５５ 王子駅前行","pattern_id":"40806","direction_id":"3","stop_count":20,"origin_stop_name":"王子駅前","destination_stop_name":"王子駅前","path_type":"odpt-busstop-order-shape","source_stop_count":20,"solve_stop_count":20,"snap_fallback":true}},{"type":"Feature","id":"shape-Ou55-40807-1","geometry":{"type":"LineString","coordinates":[[139.713464,35.729612],[139.714097,35.731542],[139.715099,35.732642],[139.719175,35.735811],[139.721005,35.737478],[139.722824,35.739103],[139.725958,35.741899],[139.728553,35.744678],[139.730783,35.746351],[139.733119,35.748111],[139.73634,35.750325],[139.737349,35.753727],[139.737153,35.755673],[139.7374,35.759607],[139.73705,35.761969],[139.737201,35.763703],[139.740161,35.76404],[139.74478,35.764216],[139.747451,35.76484],[139.747825,35.766259],[139.749423,35.768704],[139.748657,35.770047],[139.746518,35.771065],[139.744852,35.771292],[139.742,35.772707],[139.739902,35.774238],[139.738208,35.775399]]},"properties":{"route_id":"Ou55","route_title":"王５５ 新田一丁目行","pattern_id":"40807","direction_id":"1","stop_count":27,"origin_stop_name":"池袋駅東口","destination_stop_name":"新田一丁目","path_type":"odpt-busstop-order-shape","source_stop_count":27,"solve_stop_count":27,"snap_fallback":true}},{"type":"Feature","id":"shape-Ou55-40807-2","geometry":{"type":"LineString","coordinates":[[139.738402,35.775349],[139.740343,35.774077],[139.742306,35.772584],[139.744533,35.771346],[139.746272,35.771432],[139.747785,35.770671],[139.749635,35.768612],[139.747998,35.765836],[139.747544,35.764725],[139.744406,35.764065],[139.741289,35.763889],[139.736889,35.762757],[139.737592,35.758386],[139.737383,35.755767],[139.737718,35.754082],[139.736354,35.749994],[139.733111,35.747685],[139.730856,35.746153],[139.72765,35.743763],[139.726107,35.74181],[139.723224,35.73923],[139.721866,35.738053],[139.720017,35.736311],[139.715533,35.73267],[139.713363,35.731527]]},"properties":{"route_id":"Ou55","route_title":"王５５ 池袋駅東口行","pattern_id":"40807","direction_id":"2","stop_count":25,"origin_stop_name":"新田一丁目","destination_stop_name":"池袋駅東口","path_type":"odpt-busstop-order-shape","source_stop_count":25,"solve_stop_count":25,"snap_fallback":true}},{"type":"Feature","id":"shape-Ou55-40809-1","geometry":{"type":"LineString","coordinates":[[139.737349,35.753727],[139.737153,35.755673],[139.7374,35.759607],[139.73705,35.761969],[139.737201,35.763703],[139.740161,35.76404],[139.74478,35.764216],[139.747451,35.76484],[139.747825,35.766259],[139.749423,35.768704],[139.748657,35.770047],[139.746518,35.771065],[139.744852,35.771292],[139.742,35.772707]]},"properties":{"route_id":"Ou55","route_title":"王５５ 新田二丁目行","pattern_id":"40809","direction_id":"1","stop_count":14,"origin_stop_name":"王子駅前","destination_stop_name":"新田二丁目","path_type":"odpt-busstop-order-shape","source_stop_count":14,"solve_stop_count":14,"snap_fallback":true}},{"type":"Feature","id":"shape-Ou55-40810-2","geometry":{"type":"LineString","coordinates":[[139.747648,35.769207],[139.747785,35.770671],[139.749635,35.768612],[139.747998,35.765836],[139.747544,35.764725],[139.744406,35.764065],[139.741289,35.763889],[139.736889,35.762757],[139.737592,35.758386],[139.737383,35.755767],[139.737688,35.753438]]},"properties":{"route_id":"Ou55","route_title":"王５５ 王子駅前行","pattern_id":"40810","direction_id":"2","stop_count":11,"origin_stop_name":"ハートアイランド西","destination_stop_name":"王子駅前","path_type":"odpt-busstop-order-shape","source_stop_count":11,"solve_stop_count":11,"snap_fallback":true}},{"type":"Feature","id":"shape-Ike65-44001-1","geometry":{"type":"LineString","coordinates":[[139.664019,35.738301],[139.660611,35.737093],[139.659548,35.735315],[139.659629,35.730608],[139.661569,35.728598],[139.665629,35.727127],[139.667737,35.726238],[139.666727,35.72392],[139.669879,35.724053],[139.675985,35.72369],[139.679073,35.723376],[139.683051,35.722593],[139.686542,35.722886],[139.690185,35.722807],[139.693253,35.722498],[139.695168,35.722043],[139.697947,35.721987],[139.702179,35.722587],[139.70615,35.722008],[139.710851,35.720035],[139.712726,35.720833],[139.711676,35.723314],[139.711443,35.725907],[139.71202,35.72909]]},"properties":{"route_id":"Ike65","route_title":"池６５ 池袋駅東口行","pattern_id":"44001","direction_id":"1","stop_count":24,"origin_stop_name":"練馬車庫前","destination_stop_name":"池袋駅東口","path_type":"odpt-busstop-order-shape","source_stop_count":24,"solve_stop_count":24,"snap_fallback":true}},{"type":"Feature","id":"shape-Ike65-44002-1","geometry":{"type":"LineString","coordinates":[[139.666727,35.72392],[139.669879,35.724053],[139.675985,35.72369],[139.679073,35.723376],[139.683051,35.722593],[139.686542,35.722886],[139.690185,35.722807],[139.693253,35.722498],[139.695168,35.722043],[139.697947,35.721987],[139.702179,35.722587],[139.70615,35.722008],[139.710851,35.720035],[139.712726,35.720833],[139.711676,35.723314],[139.711443,35.725907],[139.71202,35.72909]]},"properties":{"route_id":"Ike65","route_title":"池６５ 池袋駅東口行","pattern_id":"44002","direction_id":"1","stop_count":17,"origin_stop_name":"江古田二丁目","destination_stop_name":"池袋駅東口","path_type":"odpt-busstop-order-shape","source_stop_count":17,"solve_stop_count":17,"snap_fallback":true}},{"type":"Feature","id":"shape-Ike65-44002-2","geometry":{"type":"LineString","coordinates":[[139.712241,35.729054],[139.711637,35.725926],[139.711705,35.723651],[139.712906,35.720883],[139.711001,35.719874],[139.706559,35.72164],[139.702577,35.722498],[139.697891,35.721873],[139.695055,35.721932],[139.693861,35.72234],[139.68888,35.722782],[139.684839,35.722675],[139.679787,35.723034],[139.675723,35.723548],[139.67173,35.72376],[139.66651,35.723836]]},"properties":{"route_id":"Ike65","route_title":"池６５ 江古田二丁目行","pattern_id":"44002","direction_id":"2","stop_count":16,"origin_stop_name":"池袋駅東口","destination_stop_name":"江古田二丁目","path_type":"odpt-busstop-order-shape","source_stop_count":16,"solve_stop_count":16,"snap_fallback":true}},{"type":"Feature","id":"shape-Ike65-44003-1","geometry":{"type":"LineString","coordinates":[[139.70615,35.722008],[139.710851,35.720035],[139.712726,35.720833],[139.711676,35.723314],[139.711443,35.725907],[139.71202,35.72909]]},"properties":{"route_id":"Ike65","route_title":"池６５ 池袋駅東口行","pattern_id":"44003","direction_id":"1","stop_count":6,"origin_stop_name":"目白駅前","destination_stop_name":"池袋駅東口","path_type":"odpt-busstop-order-shape","source_stop_count":6,"solve_stop_count":6,"snap_fallback":true}},{"type":"Feature","id":"shape-Shiro61-44102-1","geometry":{"type":"LineString","coordinates":[[139.664866,35.738478],[139.668887,35.737485],[139.673217,35.735947],[139.67635,35.733138],[139.678205,35.731193],[139.681873,35.728191],[139.686178,35.724856],[139.690428,35.722737],[139.693253,35.722498],[139.695168,35.722043],[139.697947,35.721987],[139.702179,35.722587],[139.706327,35.721934]]},"properties":{"route_id":"Shiro61","route_title":"白６１ 目白駅前行","pattern_id":"44102","direction_id":"1","stop_count":13,"origin_stop_name":"練馬車庫前","destination_stop_name":"目白駅前","path_type":"odpt-busstop-order-shape","source_stop_count":13,"solve_stop_count":13,"snap_fallback":true}},{"type":"Feature","id":"shape-Shinko21-68504-1","geometry":{"type":"LineString","coordinates":[[139.866222,35.688716],[139.867605,35.693046],[139.867693,35.695301],[139.867792,35.699779],[139.867867,35.701884],[139.867657,35.707633],[139.865788,35.710315],[139.863842,35.712723],[139.861455,35.714907],[139.859054,35.716455]]},"properties":{"route_id":"Shinko21","route_title":"新小２１ 新小岩駅前行","pattern_id":"68504","direction_id":"1","stop_count":10,"origin_stop_name":"松江第一中学校前","destination_stop_name":"新小岩駅前","path_type":"odpt-busstop-order-shape","source_stop_count":10,"solve_stop_count":10,"snap_fallback":true}},{"type":"Feature","id":"shape-Shiro61-44212-1","geometry":{"type":"LineString","coordinates":[[139.73157,35.708751],[139.728197,35.707243],[139.727198,35.705721],[139.726754,35.703769],[139.726731,35.70234],[139.726603,35.700568],[139.72552,35.697052],[139.724901,35.694906],[139.720904,35.69208],[139.71716,35.691091],[139.712775,35.691112],[139.710568,35.691354],[139.704155,35.69274],[139.701917,35.693269],[139.698728,35.691968]]},"properties":{"route_id":"Shiro61","route_title":"白６１ 新宿駅西口行","pattern_id":"44212","direction_id":"1","stop_count":15,"origin_stop_name":"山吹町","destination_stop_name":"新宿駅西口","path_type":"odpt-busstop-order-shape","source_stop_count":15,"solve_stop_count":15,"snap_fallback":true}},{"type":"Feature","id":"shape-Gaku05-44103-3","geometry":{"type":"LineString","coordinates":[[139.707875,35.721144],[139.720389,35.716311],[139.719117,35.716309],[139.707695,35.72106]]},"properties":{"route_id":"Gaku05","route_title":"学０５ 目白駅前行","pattern_id":"44103","direction_id":"3","stop_count":4,"origin_stop_name":"目白駅前","destination_stop_name":"目白駅前","path_type":"odpt-busstop-order-shape","source_stop_count":4,"solve_stop_count":4,"snap_fallback":true}},{"type":"Feature","id":"shape-Gaku05-44104-1","geometry":{"type":"LineString","coordinates":[[139.707875,35.721144],[139.720389,35.716311],[139.719117,35.716309]]},"properties":{"route_id":"Gaku05","route_title":"学０５ 日本女子大前（豊明小学校前）行","pattern_id":"44104","direction_id":"1","stop_count":3,"origin_stop_name":"目白駅前","destination_stop_name":"日本女子大前（豊明小学校前）","path_type":"odpt-busstop-order-shape","source_stop_count":3,"solve_stop_count":3,"snap_fallback":true}},{"type":"Feature","id":"shape-Gaku05-44104-2","geometry":{"type":"LineString","coordinates":[[139.719117,35.716309],[139.707875,35.721144]]},"properties":{"route_id":"Gaku05","route_title":"学０５ 目白駅前行","pattern_id":"44104","direction_id":"2","stop_count":2,"origin_stop_name":"日本女子大前（豊明小学校前）","destination_stop_name":"目白駅前","path_type":"odpt-busstop-order-shape","source_stop_count":2,"solve_stop_count":2,"snap_fallback":true}},{"type":"Feature","id":"shape-Shiro61-44204-1","geometry":{"type":"LineString","coordinates":[[139.708224,35.720962],[139.710851,35.720035],[139.715656,35.717988],[139.717037,35.717361],[139.720226,35.716123],[139.724495,35.715206],[139.726049,35.713856],[139.726022,35.71326]]},"properties":{"route_id":"Shiro61","route_title":"白６１ ホテル椿山荘東京前行","pattern_id":"44204","direction_id":"1","stop_count":8,"origin_stop_name":"目白駅前","destination_stop_name":"ホテル椿山荘東京前","path_type":"odpt-busstop-order-shape","source_stop_count":8,"solve_stop_count":8,"snap_fallback":true}},{"type":"Feature","id":"shape-Shiro61-44204-2","geometry":{"type":"LineString","coordinates":[[139.726022,35.71326],[139.725911,35.713781],[139.724506,35.715055],[139.719966,35.716055],[139.717476,35.717017],[139.714812,35.71821],[139.711001,35.719874],[139.706544,35.721648]]},"properties":{"route_id":"Shiro61","route_title":"白６１ 目白駅前行","pattern_id":"44204","direction_id":"2","stop_count":8,"origin_stop_name":"ホテル椿山荘東京前","destination_stop_name":"目白駅前","path_type":"odpt-busstop-order-shape","source_stop_count":8,"solve_stop_count":8,"snap_fallback":true}},{"type":"Feature","id":"shape-Shiro61-44205-1","geometry":{"type":"LineString","coordinates":[[139.664866,35.738478],[139.668887,35.737485],[139.673217,35.735947],[139.67635,35.733138],[139.678205,35.731193],[139.681873,35.728191],[139.686178,35.724856],[139.690428,35.722737],[139.693253,35.722498],[139.695168,35.722043],[139.697947,35.721987],[139.702179,35.722587],[139.706327,35.721934],[139.708224,35.720962],[139.710851,35.720035],[139.715656,35.717988],[139.717037,35.717361],[139.720226,35.716123],[139.724495,35.715206],[139.726049,35.713856],[139.731375,35.71147],[139.731254,35.707805]]},"properties":{"route_id":"Shiro61","route_title":"白６１ 山吹町行","pattern_id":"44205","direction_id":"1","stop_count":22,"origin_stop_name":"練馬車庫前","destination_stop_name":"山吹町","path_type":"odpt-busstop-order-shape","source_stop_count":22,"solve_stop_count":22,"snap_fallback":true}},{"type":"Feature","id":"shape-Shiro61-44210-1","geometry":{"type":"LineString","coordinates":[[139.654091,35.738581],[139.66077,35.738129],[139.664866,35.738478],[139.668887,35.737485],[139.673217,35.735947],[139.67635,35.733138],[139.678205,35.731193],[139.681873,35.728191],[139.686178,35.724856],[139.690428,35.722737],[139.693253,35.722498],[139.695168,35.722043],[139.697947,35.721987],[139.702179,35.722587],[139.706327,35.721934],[139.708224,35.720962],[139.710851,35.720035],[139.715656,35.717988],[139.717037,35.717361],[139.720226,35.716123],[139.724495,35.715206],[139.726049,35.713856],[139.731375,35.71147],[139.73157,35.708751],[139.728197,35.707243],[139.727198,35.705721],[139.726754,35.703769],[139.726731,35.70234],[139.726603,35.700568],[139.72552,35.697052],[139.724901,35.694906],[139.720904,35.69208],[139.71716,35.691091],[139.712775,35.691112],[139.710568,35.691354],[139.704155,35.69274],[139.701917,35.693269],[139.698728,35.691968]]},"properties":{"route_id":"Shiro61","route_title":"白６１ 新宿駅西口行","pattern_id":"44210","direction_id":"1","stop_count":38,"origin_stop_name":"練馬駅","destination_stop_name":"新宿駅西口","path_type":"odpt-busstop-order-shape","source_stop_count":38,"solve_stop_count":38,"snap_fallback":true}},{"type":"Feature","id":"shape-Neri68-44401-2","geometry":{"type":"LineString","coordinates":[[139.706544,35.721648],[139.702577,35.722498],[139.697891,35.721873],[139.695055,35.721932],[139.693861,35.72234],[139.68888,35.722782],[139.683615,35.723026],[139.681416,35.727012],[139.677969,35.731338],[139.676461,35.732894],[139.672197,35.736264],[139.668229,35.737596],[139.664019,35.738301],[139.654091,35.738581]]},"properties":{"route_id":"Neri68","route_title":"練６８ 練馬駅行","pattern_id":"44401","direction_id":"2","stop_count":14,"origin_stop_name":"目白駅前","destination_stop_name":"練馬駅","path_type":"odpt-busstop-order-shape","source_stop_count":14,"solve_stop_count":14,"snap_fallback":true}},{"type":"Feature","id":"shape-Ou49-48001-1","geometry":{"type":"LineString","coordinates":[[139.802435,35.765197],[139.800811,35.766537],[139.797417,35.770987],[139.797517,35.774159],[139.7977,35.776105],[139.796356,35.7784],[139.7929,35.778292],[139.786885,35.7781],[139.78385,35.777936],[139.780578,35.777902],[139.775354,35.778021],[139.769305,35.778071],[139.763689,35.778144],[139.760088,35.778141],[139.755184,35.778352],[139.75357,35.778408],[139.749304,35.778552],[139.73971,35.773052],[139.734752,35.768589],[139.735878,35.765162],[139.736889,35.762757],[139.737592,35.758386],[139.737383,35.755767],[139.737428,35.753792]]},"properties":{"route_id":"Ou49","route_title":"王４９ 王子駅前行","pattern_id":"48001","direction_id":"1","stop_count":24,"origin_stop_name":"千住車庫前","destination_stop_name":"王子駅前","path_type":"odpt-busstop-order-shape","source_stop_count":24,"solve_stop_count":24,"snap_fallback":true}},{"type":"Feature","id":"shape-Ou49-48001-2","geometry":{"type":"LineString","coordinates":[[139.737428,35.753792],[139.737153,35.755673],[139.7374,35.759607],[139.73705,35.761969],[139.735649,35.765019],[139.734652,35.768055],[139.739141,35.772891],[139.749454,35.778768],[139.753065,35.778632],[139.756744,35.778466],[139.760927,35.778324],[139.762835,35.778349],[139.768974,35.778333],[139.775329,35.778222],[139.780537,35.778136],[139.783304,35.778183],[139.786591,35.778346],[139.792894,35.778522],[139.79595,35.778605],[139.797539,35.77655],[139.797642,35.774536],[139.797544,35.770934],[139.800594,35.766884],[139.802406,35.765228]]},"properties":{"route_id":"Ou49","route_title":"王４９ 千住車庫前行","pattern_id":"48001","direction_id":"2","stop_count":24,"origin_stop_name":"王子駅前","destination_stop_name":"千住車庫前","path_type":"odpt-busstop-order-shape","source_stop_count":24,"solve_stop_count":24,"snap_fallback":true}},{"type":"Feature","id":"shape-Ou49-48003-1","geometry":{"type":"LineString","coordinates":[[139.770744,35.773891],[139.769305,35.778071],[139.763689,35.778144],[139.760088,35.778141],[139.755184,35.778352],[139.75357,35.778408],[139.749304,35.778552],[139.73971,35.773052],[139.734752,35.768589],[139.735878,35.765162],[139.736889,35.762757],[139.737592,35.758386],[139.737383,35.755767],[139.737428,35.753792]]},"properties":{"route_id":"Ou49","route_title":"王４９ 王子駅前行","pattern_id":"48003","direction_id":"1","stop_count":14,"origin_stop_name":"江北駅前","destination_stop_name":"王子駅前","path_type":"odpt-busstop-order-shape","source_stop_count":14,"solve_stop_count":14,"snap_fallback":true}},{"type":"Feature","id":"shape-Ou49-48003-2","geometry":{"type":"LineString","coordinates":[[139.737428,35.753792],[139.737153,35.755673],[139.7374,35.759607],[139.73705,35.761969],[139.735649,35.765019],[139.734652,35.768055],[139.739141,35.772891],[139.749454,35.778768],[139.753065,35.778632],[139.756744,35.778466],[139.760927,35.778324],[139.762835,35.778349],[139.768974,35.778333],[139.770744,35.773891]]},"properties":{"route_id":"Ou49","route_title":"王４９ 江北駅前行","pattern_id":"48003","direction_id":"2","stop_count":14,"origin_stop_name":"王子駅前","destination_stop_name":"江北駅前","path_type":"odpt-busstop-order-shape","source_stop_count":14,"solve_stop_count":14,"snap_fallback":true}},{"type":"Feature","id":"shape-Kita47-48101-1","geometry":{"type":"LineString","coordinates":[[139.797032,35.80402],[139.801513,35.806067],[139.801781,35.803436],[139.802129,35.79781],[139.801407,35.792728],[139.798593,35.792732],[139.794824,35.792862],[139.792446,35.79355],[139.794616,35.793001],[139.799157,35.792906],[139.801439,35.792804],[139.802664,35.792336],[139.802949,35.788604],[139.803091,35.784901],[139.80318,35.782389],[139.803255,35.777828],[139.803394,35.774912],[139.803483,35.772775],[139.803572,35.769926],[139.803881,35.764718],[139.801225,35.753975],[139.800425,35.75168],[139.804572,35.749865]]},"properties":{"route_id":"Kita47","route_title":"北４７ 北千住駅前行","pattern_id":"48101","direction_id":"1","stop_count":23,"origin_stop_name":"足立清掃工場前","destination_stop_name":"北千住駅前","path_type":"odpt-busstop-order-shape","source_stop_count":23,"solve_stop_count":23,"snap_fallback":true}},{"type":"Feature","id":"shape-Kita47-48101-2","geometry":{"type":"LineString","coordinates":[[139.804572,35.749865],[139.801504,35.750631],[139.800825,35.754002],[139.803523,35.765557],[139.803366,35.770179],[139.803258,35.772495],[139.803116,35.775884],[139.803032,35.777884],[139.80287,35.783588],[139.80281,35.785438],[139.802699,35.788355],[139.802532,35.790937],[139.801396,35.792728],[139.798572,35.792732],[139.79481,35.792872],[139.792867,35.793351],[139.794627,35.793001],[139.799179,35.792906],[139.80145,35.792804],[139.801946,35.797059],[139.801503,35.802492],[139.800886,35.80571],[139.79762,35.80367]]},"properties":{"route_id":"Kita47","route_title":"北４７ 足立清掃工場前行","pattern_id":"48101","direction_id":"2","stop_count":23,"origin_stop_name":"北千住駅前","destination_stop_name":"足立清掃工場前","path_type":"odpt-busstop-order-shape","source_stop_count":23,"solve_stop_count":23,"snap_fallback":true}},{"type":"Feature","id":"shape-Kita47-48102-1","geometry":{"type":"LineString","coordinates":[[139.797032,35.80402],[139.801513,35.806067],[139.801781,35.803436],[139.802129,35.79781],[139.801407,35.792728],[139.798593,35.792732],[139.794824,35.792862],[139.792446,35.79355],[139.794616,35.793001],[139.799157,35.792906],[139.801439,35.792804],[139.802664,35.792336],[139.802949,35.788604],[139.803091,35.784901],[139.80318,35.782389],[139.803255,35.777828],[139.804059,35.775146],[139.803394,35.774912],[139.803483,35.772775],[139.803572,35.769926],[139.803881,35.764718],[139.801225,35.753975],[139.800425,35.75168],[139.804572,35.749865]]},"properties":{"route_id":"Kita47","route_title":"北４７ 北千住駅前行","pattern_id":"48102","direction_id":"1","stop_count":24,"origin_stop_name":"足立清掃工場前","destination_stop_name":"北千住駅前","path_type":"odpt-busstop-order-shape","source_stop_count":24,"solve_stop_count":24,"snap_fallback":true}},{"type":"Feature","id":"shape-Kita47-48103-1","geometry":{"type":"LineString","coordinates":[[139.792446,35.79355],[139.794616,35.793001],[139.799157,35.792906],[139.801439,35.792804],[139.802664,35.792336],[139.802949,35.788604],[139.803091,35.784901],[139.80318,35.782389],[139.803255,35.777828],[139.803394,35.774912],[139.803483,35.772775],[139.803572,35.769926],[139.803881,35.764718],[139.801225,35.753975],[139.800425,35.75168],[139.804572,35.749865]]},"properties":{"route_id":"Kita47","route_title":"北４７ 北千住駅前行","pattern_id":"48103","direction_id":"1","stop_count":16,"origin_stop_name":"竹の塚駅前","destination_stop_name":"北千住駅前","path_type":"odpt-busstop-order-shape","source_stop_count":16,"solve_stop_count":16,"snap_fallback":true}},{"type":"Feature","id":"shape-Kita47-48103-2","geometry":{"type":"LineString","coordinates":[[139.804572,35.749865],[139.801504,35.750631],[139.800825,35.754002],[139.803523,35.765557],[139.803366,35.770179],[139.803258,35.772495],[139.803116,35.775884],[139.803032,35.777884],[139.80287,35.783588],[139.80281,35.785438],[139.802699,35.788355],[139.802532,35.790937],[139.801396,35.792728],[139.798572,35.792732],[139.79481,35.792872],[139.791228,35.79442]]},"properties":{"route_id":"Kita47","route_title":"北４７ 竹の塚駅前行","pattern_id":"48103","direction_id":"2","stop_count":16,"origin_stop_name":"北千住駅前","destination_stop_name":"竹の塚駅前","path_type":"odpt-busstop-order-shape","source_stop_count":16,"solve_stop_count":16,"snap_fallback":true}},{"type":"Feature","id":"shape-Kita47-48104-1","geometry":{"type":"LineString","coordinates":[[139.792446,35.79355],[139.794616,35.793001],[139.799157,35.792906],[139.801439,35.792804],[139.802664,35.792336],[139.802949,35.788604],[139.803091,35.784901],[139.80318,35.782389],[139.803255,35.777828],[139.804059,35.775146],[139.803394,35.774912],[139.803483,35.772775],[139.803572,35.769926],[139.803881,35.764718],[139.801225,35.753975],[139.800425,35.75168],[139.804572,35.749865]]},"properties":{"route_id":"Kita47","route_title":"北４７ 北千住駅前行","pattern_id":"48104","direction_id":"1","stop_count":17,"origin_stop_name":"竹の塚駅前","destination_stop_name":"北千住駅前","path_type":"odpt-busstop-order-shape","source_stop_count":17,"solve_stop_count":17,"snap_fallback":true}},{"type":"Feature","id":"shape-Kita47-48105-1","geometry":{"type":"LineString","coordinates":[[139.804059,35.775146],[139.803394,35.774912],[139.803483,35.772775],[139.803572,35.769926],[139.803881,35.764718],[139.801225,35.753975],[139.800425,35.75168],[139.804572,35.749865]]},"properties":{"route_id":"Kita47","route_title":"北４７ 北千住駅前行","pattern_id":"48105","direction_id":"1","stop_count":8,"origin_stop_name":"足立区役所","destination_stop_name":"北千住駅前","path_type":"odpt-busstop-order-shape","source_stop_count":8,"solve_stop_count":8,"snap_fallback":true}},{"type":"Feature","id":"shape-Kita47-48105-2","geometry":{"type":"LineString","coordinates":[[139.804572,35.749865],[139.801504,35.750631],[139.800825,35.754002],[139.803523,35.765557],[139.803366,35.770179],[139.803258,35.772495],[139.803605,35.775082]]},"properties":{"route_id":"Kita47","route_title":"北４７ 足立区役所行","pattern_id":"48105","direction_id":"2","stop_count":7,"origin_stop_name":"北千住駅前","destination_stop_name":"足立区役所","path_type":"odpt-busstop-order-shape","source_stop_count":7,"solve_stop_count":7,"snap_fallback":true}},{"type":"Feature","id":"shape-Kita47-48106-2","geometry":{"type":"LineString","coordinates":[[139.803523,35.765557],[139.803366,35.770179],[139.803258,35.772495],[139.803116,35.775884],[139.803032,35.777884],[139.80287,35.783588],[139.80281,35.785438],[139.802699,35.788355],[139.802532,35.790937],[139.801396,35.792728],[139.798572,35.792732],[139.79481,35.792872],[139.792867,35.793351],[139.794627,35.793001],[139.799179,35.792906],[139.80145,35.792804],[139.801946,35.797059],[139.801503,35.802492],[139.800886,35.80571],[139.79762,35.80367]]},"properties":{"route_id":"Kita47","route_title":"北４７ 足立清掃工場前行","pattern_id":"48106","direction_id":"2","stop_count":20,"origin_stop_name":"千住車庫前","destination_stop_name":"足立清掃工場前","path_type":"odpt-busstop-order-shape","source_stop_count":20,"solve_stop_count":20,"snap_fallback":true}},{"type":"Feature","id":"shape-Rinkai28-2-69005-1","geometry":{"type":"LineString","coordinates":[[139.869942,35.645993],[139.871586,35.647981],[139.872021,35.650742],[139.872316,35.654806],[139.872513,35.657693],[139.872779,35.661159],[139.873462,35.66306]]},"properties":{"route_id":"Rinkai28-2","route_title":"臨海２８－２ 葛西駅前行","pattern_id":"69005","direction_id":"1","stop_count":7,"origin_stop_name":"江戸川臨海郵便局前","destination_stop_name":"葛西駅前","path_type":"odpt-busstop-order-shape","source_stop_count":7,"solve_stop_count":7,"snap_fallback":true}},{"type":"Feature","id":"shape-Kita47-48107-1","geometry":{"type":"LineString","coordinates":[[139.792446,35.79355],[139.794616,35.793001],[139.799157,35.792906],[139.801439,35.792804],[139.802664,35.792336],[139.802949,35.788604],[139.803091,35.784901],[139.80318,35.782389],[139.803255,35.777828],[139.803394,35.774912],[139.803483,35.772775],[139.803572,35.769926],[139.803881,35.764718]]},"properties":{"route_id":"Kita47","route_title":"北４７ 千住車庫前行","pattern_id":"48107","direction_id":"1","stop_count":13,"origin_stop_name":"竹の塚駅前","destination_stop_name":"千住車庫前","path_type":"odpt-busstop-order-shape","source_stop_count":13,"solve_stop_count":13,"snap_fallback":true}},{"type":"Feature","id":"shape-Kita47-48107-2","geometry":{"type":"LineString","coordinates":[[139.803523,35.765557],[139.803366,35.770179],[139.803258,35.772495],[139.803116,35.775884],[139.803032,35.777884],[139.80287,35.783588],[139.80281,35.785438],[139.802699,35.788355],[139.802532,35.790937],[139.801396,35.792728],[139.798572,35.792732],[139.79481,35.792872],[139.791228,35.79442]]},"properties":{"route_id":"Kita47","route_title":"北４７ 竹の塚駅前行","pattern_id":"48107","direction_id":"2","stop_count":13,"origin_stop_name":"千住車庫前","destination_stop_name":"竹の塚駅前","path_type":"odpt-busstop-order-shape","source_stop_count":13,"solve_stop_count":13,"snap_fallback":true}},{"type":"Feature","id":"shape-Kita47-48109-1","geometry":{"type":"LineString","coordinates":[[139.802738,35.764767],[139.801225,35.753975],[139.800425,35.75168],[139.804572,35.749865]]},"properties":{"route_id":"Kita47","route_title":"北４７ 北千住駅前行","pattern_id":"48109","direction_id":"1","stop_count":4,"origin_stop_name":"千住車庫前","destination_stop_name":"北千住駅前","path_type":"odpt-busstop-order-shape","source_stop_count":4,"solve_stop_count":4,"snap_fallback":true}},{"type":"Feature","id":"shape-Kita47-48109-2","geometry":{"type":"LineString","coordinates":[[139.804572,35.749865],[139.801504,35.750631],[139.800825,35.754002],[139.802406,35.765228]]},"properties":{"route_id":"Kita47","route_title":"北４７ 千住車庫前行","pattern_id":"48109","direction_id":"2","stop_count":4,"origin_stop_name":"北千住駅前","destination_stop_name":"千住車庫前","path_type":"odpt-busstop-order-shape","source_stop_count":4,"solve_stop_count":4,"snap_fallback":true}},{"type":"Feature","id":"shape-Sato22-52106-1","geometry":{"type":"LineString","coordinates":[[139.800631,35.72915],[139.803387,35.728886],[139.806207,35.728497],[139.813939,35.727097],[139.816664,35.724289],[139.819248,35.721641],[139.822337,35.718371],[139.824833,35.715776],[139.826784,35.713798],[139.827998,35.709275],[139.826697,35.706416],[139.825882,35.704383],[139.825565,35.702463],[139.825238,35.698075]]},"properties":{"route_id":"Sato22","route_title":"里２２ 亀戸駅前行","pattern_id":"52106","direction_id":"1","stop_count":14,"origin_stop_name":"泪橋","destination_stop_name":"亀戸駅前","path_type":"odpt-busstop-order-shape","source_stop_count":14,"solve_stop_count":14,"snap_fallback":true}},{"type":"Feature","id":"shape-Ou49-48110-2","geometry":{"type":"LineString","coordinates":[[139.804059,35.775146],[139.803394,35.774912],[139.803483,35.772775],[139.803572,35.769926],[139.803881,35.764718]]},"properties":{"route_id":"Ou49","route_title":"王４９ 千住車庫前行","pattern_id":"48110","direction_id":"2","stop_count":5,"origin_stop_name":"足立区役所","destination_stop_name":"千住車庫前","path_type":"odpt-busstop-order-shape","source_stop_count":5,"solve_stop_count":5,"snap_fallback":true}},{"type":"Feature","id":"shape-Kita47-48111-1","geometry":{"type":"LineString","coordinates":[[139.797032,35.80402],[139.801513,35.806067],[139.801781,35.803436],[139.802129,35.79781],[139.801407,35.792728],[139.798593,35.792732],[139.794824,35.792862],[139.792446,35.79355]]},"properties":{"route_id":"Kita47","route_title":"北４７ 竹の塚駅前行","pattern_id":"48111","direction_id":"1","stop_count":8,"origin_stop_name":"足立清掃工場前","destination_stop_name":"竹の塚駅前","path_type":"odpt-busstop-order-shape","source_stop_count":8,"solve_stop_count":8,"snap_fallback":true}},{"type":"Feature","id":"shape-Kita47-48111-2","geometry":{"type":"LineString","coordinates":[[139.792867,35.793351],[139.794627,35.793001],[139.799179,35.792906],[139.80145,35.792804],[139.801946,35.797059],[139.801503,35.802492],[139.800886,35.80571],[139.79762,35.80367]]},"properties":{"route_id":"Kita47","route_title":"北４７ 足立清掃工場前行","pattern_id":"48111","direction_id":"2","stop_count":8,"origin_stop_name":"竹の塚駅前","destination_stop_name":"足立清掃工場前","path_type":"odpt-busstop-order-shape","source_stop_count":8,"solve_stop_count":8,"snap_fallback":true}},{"type":"Feature","id":"shape-Kusa41-48201-1","geometry":{"type":"LineString","coordinates":[[139.795645,35.769334],[139.794774,35.76757],[139.793159,35.765002],[139.792639,35.763812],[139.791667,35.76186],[139.789437,35.755156],[139.787238,35.75218],[139.78548,35.750008],[139.78368,35.747383],[139.782081,35.744947],[139.78035,35.742367],[139.778264,35.739274],[139.776962,35.736178],[139.778747,35.73331],[139.778843,35.730383],[139.778875,35.729182],[139.778978,35.726077],[139.778859,35.724385],[139.779414,35.722753],[139.781174,35.721047],[139.783058,35.720203],[139.786509,35.71912],[139.789714,35.718097],[139.791839,35.71757],[139.792593,35.714128],[139.792272,35.712192],[139.791733,35.710221]]},"properties":{"route_id":"Kusa41","route_title":"草４１ 浅草寿町行","pattern_id":"48201","direction_id":"1","stop_count":27,"origin_stop_name":"足立梅田町","destination_stop_name":"浅草寿町","path_type":"odpt-busstop-order-shape","source_stop_count":27,"solve_stop_count":27,"snap_fallback":true}},{"type":"Feature","id":"shape-Kusa41-48202-2","geometry":{"type":"LineString","coordinates":[[139.779357,35.7224],[139.778701,35.724378],[139.778829,35.725619],[139.778754,35.727986],[139.778659,35.730977],[139.778578,35.732795],[139.776905,35.736049],[139.778234,35.739432],[139.780088,35.742189],[139.782063,35.745167],[139.783319,35.747075],[139.784818,35.749342],[139.786294,35.751175],[139.789647,35.755517],[139.791673,35.76208],[139.792509,35.76362],[139.79324,35.765232],[139.794353,35.766863],[139.795565,35.769467]]},"properties":{"route_id":"Kusa41","route_title":"草４１ 足立梅田町行","pattern_id":"48202","direction_id":"2","stop_count":19,"origin_stop_name":"鶯谷駅前","destination_stop_name":"足立梅田町","path_type":"odpt-busstop-order-shape","source_stop_count":19,"solve_stop_count":19,"snap_fallback":true}},{"type":"Feature","id":"shape-Kusa43-48301-1","geometry":{"type":"LineString","coordinates":[[139.803605,35.775082],[139.803394,35.774912],[139.803483,35.772775],[139.803572,35.769926],[139.803881,35.764718],[139.801225,35.753975],[139.800002,35.750418],[139.798976,35.747383],[139.797815,35.742801],[139.796287,35.736235],[139.795299,35.735199],[139.792816,35.732383],[139.791279,35.7293],[139.791064,35.725222],[139.791678,35.720722],[139.792842,35.717751],[139.792593,35.714128],[139.792272,35.712192],[139.791733,35.710221],[139.793637,35.709304],[139.7961,35.710218]]},"properties":{"route_id":"Kusa43","route_title":"草４３ 浅草雷門行","pattern_id":"48301","direction_id":"1","stop_count":21,"origin_stop_name":"足立区役所","destination_stop_name":"浅草雷門","path_type":"odpt-busstop-order-shape","source_stop_count":21,"solve_stop_count":21,"snap_fallback":true}},{"type":"Feature","id":"shape-Kusa43-48301-2","geometry":{"type":"LineString","coordinates":[[139.7961,35.710218],[139.791945,35.711918],[139.792234,35.713668],[139.792478,35.716373],[139.791598,35.720329],[139.790886,35.724205],[139.791064,35.729425],[139.792726,35.732615],[139.795744,35.736024],[139.796649,35.737349],[139.797537,35.742543],[139.79817,35.746026],[139.799558,35.750108],[139.800825,35.754002],[139.803523,35.765557],[139.803366,35.770179],[139.803258,35.772495],[139.803605,35.775082]]},"properties":{"route_id":"Kusa43","route_title":"草４３ 足立区役所行","pattern_id":"48301","direction_id":"2","stop_count":18,"origin_stop_name":"浅草雷門","destination_stop_name":"足立区役所","path_type":"odpt-busstop-order-shape","source_stop_count":18,"solve_stop_count":18,"snap_fallback":true}},{"type":"Feature","id":"shape-Kusa43-48302-1","geometry":{"type":"LineString","coordinates":[[139.802738,35.764767],[139.801225,35.753975],[139.800002,35.750418],[139.798976,35.747383],[139.797815,35.742801],[139.796287,35.736235],[139.795299,35.735199],[139.792816,35.732383],[139.791279,35.7293],[139.791064,35.725222],[139.791678,35.720722],[139.792842,35.717751],[139.792593,35.714128],[139.792272,35.712192],[139.791733,35.710221],[139.793637,35.709304],[139.7961,35.710218]]},"properties":{"route_id":"Kusa43","route_title":"草４３ 浅草雷門行","pattern_id":"48302","direction_id":"1","stop_count":17,"origin_stop_name":"千住車庫前","destination_stop_name":"浅草雷門","path_type":"odpt-busstop-order-shape","source_stop_count":17,"solve_stop_count":17,"snap_fallback":true}},{"type":"Feature","id":"shape-Kusa43-48302-2","geometry":{"type":"LineString","coordinates":[[139.7961,35.710218],[139.791945,35.711918],[139.792234,35.713668],[139.792478,35.716373],[139.791598,35.720329],[139.790886,35.724205],[139.791064,35.729425],[139.792726,35.732615],[139.795744,35.736024],[139.796649,35.737349],[139.797537,35.742543],[139.79817,35.746026],[139.799558,35.750108],[139.800825,35.754002],[139.802406,35.765228]]},"properties":{"route_id":"Kusa43","route_title":"草４３ 千住車庫前行","pattern_id":"48302","direction_id":"2","stop_count":15,"origin_stop_name":"浅草雷門","destination_stop_name":"千住車庫前","path_type":"odpt-busstop-order-shape","source_stop_count":15,"solve_stop_count":15,"snap_fallback":true}},{"type":"Feature","id":"shape-Kusa43-48303-1","geometry":{"type":"LineString","coordinates":[[139.802738,35.764767],[139.801225,35.753975],[139.800002,35.750418],[139.798976,35.747383],[139.797815,35.742801],[139.796287,35.736235],[139.795299,35.735199],[139.792816,35.732383],[139.791279,35.7293]]},"properties":{"route_id":"Kusa43","route_title":"草４３ 三ノ輪駅前行","pattern_id":"48303","direction_id":"1","stop_count":9,"origin_stop_name":"千住車庫前","destination_stop_name":"三ノ輪駅前","path_type":"odpt-busstop-order-shape","source_stop_count":9,"solve_stop_count":9,"snap_fallback":true}},{"type":"Feature","id":"shape-Ou49-48304-1","geometry":{"type":"LineString","coordinates":[[139.803523,35.765557],[139.803366,35.770179],[139.803258,35.772495],[139.803605,35.775082]]},"properties":{"route_id":"Ou49","route_title":"王４９ 足立区役所行","pattern_id":"48304","direction_id":"1","stop_count":4,"origin_stop_name":"千住車庫前","destination_stop_name":"足立区役所","path_type":"odpt-busstop-order-shape","source_stop_count":4,"solve_stop_count":4,"snap_fallback":true}},{"type":"Feature","id":"shape-Ou49-48304-2","geometry":{"type":"LineString","coordinates":[[139.804059,35.775146],[139.803394,35.774912],[139.803483,35.772775],[139.803572,35.769926],[139.803881,35.764718]]},"properties":{"route_id":"Ou49","route_title":"王４９ 千住車庫前行","pattern_id":"48304","direction_id":"2","stop_count":5,"origin_stop_name":"足立区役所","destination_stop_name":"千住車庫前","path_type":"odpt-busstop-order-shape","source_stop_count":5,"solve_stop_count":5,"snap_fallback":true}},{"type":"Feature","id":"shape-Kusa43-48306-1","geometry":{"type":"LineString","coordinates":[[139.802738,35.764767],[139.801225,35.753975],[139.800002,35.750418],[139.798976,35.747383],[139.797815,35.742801],[139.796287,35.736235],[139.795299,35.735199],[139.792816,35.732383],[139.791279,35.7293],[139.791064,35.725222],[139.791678,35.720722],[139.792842,35.717751],[139.792593,35.714128],[139.792272,35.712192],[139.791733,35.710221]]},"properties":{"route_id":"Kusa43","route_title":"草４３ 浅草寿町行","pattern_id":"48306","direction_id":"1","stop_count":15,"origin_stop_name":"千住車庫前","destination_stop_name":"浅草寿町","path_type":"odpt-busstop-order-shape","source_stop_count":15,"solve_stop_count":15,"snap_fallback":true}},{"type":"Feature","id":"shape-Kusa43-48306-2","geometry":{"type":"LineString","coordinates":[[139.791459,35.710312],[139.791945,35.711918],[139.792234,35.713668],[139.792478,35.716373],[139.791598,35.720329],[139.790886,35.724205],[139.791064,35.729425],[139.792726,35.732615],[139.795744,35.736024],[139.796649,35.737349],[139.797537,35.742543],[139.79817,35.746026],[139.799558,35.750108],[139.800825,35.754002],[139.802406,35.765228]]},"properties":{"route_id":"Kusa43","route_title":"草４３ 千住車庫前行","pattern_id":"48306","direction_id":"2","stop_count":15,"origin_stop_name":"浅草寿町","destination_stop_name":"千住車庫前","path_type":"odpt-busstop-order-shape","source_stop_count":15,"solve_stop_count":15,"snap_fallback":true}},{"type":"Feature","id":"shape-Kita47-48402-1","geometry":{"type":"LineString","coordinates":[[139.802738,35.764767],[139.801225,35.753975],[139.800425,35.75168],[139.804572,35.749865]]},"properties":{"route_id":"Kita47","route_title":"北４７ 北千住駅前行","pattern_id":"48402","direction_id":"1","stop_count":4,"origin_stop_name":"千住車庫前","destination_stop_name":"北千住駅前","path_type":"odpt-busstop-order-shape","source_stop_count":4,"solve_stop_count":4,"snap_fallback":true}},{"type":"Feature","id":"shape-Ou49-48801-2","geometry":{"type":"LineString","coordinates":[[139.76598,35.772658],[139.765341,35.77518],[139.768974,35.778333],[139.775329,35.778222],[139.780537,35.778136],[139.783304,35.778183],[139.786591,35.778346],[139.792894,35.778522],[139.79595,35.778605],[139.798154,35.778682],[139.803255,35.777828],[139.803605,35.775082]]},"properties":{"route_id":"Ou49","route_title":"王４９ 足立区役所行","pattern_id":"48801","direction_id":"2","stop_count":12,"origin_stop_name":"東京女子医大足立医療センター","destination_stop_name":"足立区役所","path_type":"odpt-busstop-order-shape","source_stop_count":12,"solve_stop_count":12,"snap_fallback":true}},{"type":"Feature","id":"shape-Kita47-48402-2","geometry":{"type":"LineString","coordinates":[[139.804572,35.749865],[139.801504,35.750631],[139.800825,35.754002],[139.802406,35.765228]]},"properties":{"route_id":"Kita47","route_title":"北４７ 千住車庫前行","pattern_id":"48402","direction_id":"2","stop_count":4,"origin_stop_name":"北千住駅前","destination_stop_name":"千住車庫前","path_type":"odpt-busstop-order-shape","source_stop_count":4,"solve_stop_count":4,"snap_fallback":true}},{"type":"Feature","id":"shape-Ou49-48504-1","geometry":{"type":"LineString","coordinates":[[139.803523,35.765557],[139.803366,35.770179],[139.803258,35.772495],[139.803605,35.775082]]},"properties":{"route_id":"Ou49","route_title":"王４９ 足立区役所行","pattern_id":"48504","direction_id":"1","stop_count":4,"origin_stop_name":"千住車庫前","destination_stop_name":"足立区役所","path_type":"odpt-busstop-order-shape","source_stop_count":4,"solve_stop_count":4,"snap_fallback":true}},{"type":"Feature","id":"shape-Ou49-48504-2","geometry":{"type":"LineString","coordinates":[[139.804059,35.775146],[139.803394,35.774912],[139.803483,35.772775],[139.803572,35.769926],[139.803881,35.764718]]},"properties":{"route_id":"Ou49","route_title":"王４９ 千住車庫前行","pattern_id":"48504","direction_id":"2","stop_count":5,"origin_stop_name":"足立区役所","destination_stop_name":"千住車庫前","path_type":"odpt-busstop-order-shape","source_stop_count":5,"solve_stop_count":5,"snap_fallback":true}},{"type":"Feature","id":"shape-Ou49-48801-1","geometry":{"type":"LineString","coordinates":[[139.803766,35.775389],[139.803116,35.775884],[139.803032,35.777884],[139.799435,35.778466],[139.796356,35.7784],[139.7929,35.778292],[139.786885,35.7781],[139.78385,35.777936],[139.780578,35.777902],[139.775354,35.778021],[139.769305,35.778071],[139.765365,35.775902],[139.76598,35.772658]]},"properties":{"route_id":"Ou49","route_title":"王４９ 東京女子医大足立医療センター行","pattern_id":"48801","direction_id":"1","stop_count":13,"origin_stop_name":"足立区役所","destination_stop_name":"東京女子医大足立医療センター","path_type":"odpt-busstop-order-shape","source_stop_count":13,"solve_stop_count":13,"snap_fallback":true}},{"type":"Feature","id":"shape-Ue46-52001-2","geometry":{"type":"LineString","coordinates":[[139.772516,35.706857],[139.773961,35.711047],[139.776802,35.711766],[139.781069,35.711714],[139.784514,35.711094],[139.787442,35.71056],[139.790836,35.709911],[139.791945,35.711918],[139.792201,35.713415],[139.793712,35.717112],[139.795122,35.719587],[139.796422,35.721261],[139.797863,35.723776],[139.800488,35.726003],[139.800169,35.730236],[139.805826,35.731919],[139.807446,35.732402],[139.807954,35.734341],[139.807748,35.73648],[139.808553,35.737208],[139.810959,35.738049],[139.809153,35.738237],[139.805687,35.737715],[139.80459,35.735527],[139.801692,35.735078],[139.800126,35.733196]]},"properties":{"route_id":"Ue46","route_title":"上４６ 南千住駅東口行","pattern_id":"52001","direction_id":"2","stop_count":26,"origin_stop_name":"上野松坂屋前","destination_stop_name":"南千住駅東口","path_type":"odpt-busstop-order-shape","source_stop_count":26,"solve_stop_count":26,"snap_fallback":true}},{"type":"Feature","id":"shape-Ue46-52002-1","geometry":{"type":"LineString","coordinates":[[139.800673,35.730311],[139.80068,35.726739],[139.797783,35.724116],[139.796996,35.72159],[139.795422,35.719947],[139.794377,35.717369],[139.792593,35.714128],[139.792272,35.712192],[139.790545,35.709704],[139.787516,35.710337],[139.783444,35.711077],[139.780958,35.711519],[139.775325,35.711432],[139.774239,35.711009],[139.773333,35.708499]]},"properties":{"route_id":"Ue46","route_title":"上４６ 上野松坂屋前行","pattern_id":"52002","direction_id":"1","stop_count":15,"origin_stop_name":"隅田川貨物駅前","destination_stop_name":"上野松坂屋前","path_type":"odpt-busstop-order-shape","source_stop_count":15,"solve_stop_count":15,"snap_fallback":true}},{"type":"Feature","id":"shape-Ue46-52003-2","geometry":{"type":"LineString","coordinates":[[139.800169,35.730236],[139.805826,35.731919],[139.807446,35.732402],[139.807954,35.734341],[139.807748,35.73648],[139.808553,35.737208],[139.810959,35.738049],[139.809153,35.738237],[139.805687,35.737715],[139.80459,35.735527],[139.801692,35.735078],[139.800126,35.733196]]},"properties":{"route_id":"Ue46","route_title":"上４６ 南千住駅東口行","pattern_id":"52003","direction_id":"2","stop_count":12,"origin_stop_name":"隅田川貨物駅前","destination_stop_name":"南千住駅東口","path_type":"odpt-busstop-order-shape","source_stop_count":12,"solve_stop_count":12,"snap_fallback":true}},{"type":"Feature","id":"shape-Ue46-52004-2","geometry":{"type":"LineString","coordinates":[[139.799823,35.733322],[139.801664,35.734864],[139.804249,35.735638],[139.805823,35.737774],[139.809002,35.738345],[139.811059,35.73789],[139.809287,35.737057],[139.807887,35.736213],[139.808037,35.734455],[139.808368,35.732666],[139.804549,35.731463],[139.800673,35.730311],[139.798447,35.73082]]},"properties":{"route_id":"Ue46","route_title":"上４６ 南千住車庫前行","pattern_id":"52004","direction_id":"2","stop_count":13,"origin_stop_name":"南千住駅東口","destination_stop_name":"南千住車庫前","path_type":"odpt-busstop-order-shape","source_stop_count":13,"solve_stop_count":13,"snap_fallback":true}},{"type":"Feature","id":"shape-Ue46-52005-1","geometry":{"type":"LineString","coordinates":[[139.798424,35.731309],[139.80068,35.726739],[139.797783,35.724116],[139.796996,35.72159],[139.795422,35.719947],[139.794377,35.717369],[139.792593,35.714128],[139.792272,35.712192],[139.790545,35.709704],[139.787516,35.710337],[139.783444,35.711077],[139.780958,35.711519],[139.775325,35.711432],[139.774239,35.711009],[139.773333,35.708499]]},"properties":{"route_id":"Ue46","route_title":"上４６ 上野松坂屋前行","pattern_id":"52005","direction_id":"1","stop_count":15,"origin_stop_name":"南千住車庫前","destination_stop_name":"上野松坂屋前","path_type":"odpt-busstop-order-shape","source_stop_count":15,"solve_stop_count":15,"snap_fallback":true}},{"type":"Feature","id":"shape-Ue46-52005-2","geometry":{"type":"LineString","coordinates":[[139.772516,35.706857],[139.773961,35.711047],[139.776802,35.711766],[139.781069,35.711714],[139.784514,35.711094],[139.787442,35.71056],[139.790836,35.709911],[139.791945,35.711918],[139.792201,35.713415],[139.793712,35.717112],[139.795122,35.719587],[139.796422,35.721261],[139.797863,35.723776],[139.800488,35.726003],[139.798447,35.73082]]},"properties":{"route_id":"Ue46","route_title":"上４６ 南千住車庫前行","pattern_id":"52005","direction_id":"2","stop_count":15,"origin_stop_name":"上野松坂屋前","destination_stop_name":"南千住車庫前","path_type":"odpt-busstop-order-shape","source_stop_count":15,"solve_stop_count":15,"snap_fallback":true}},{"type":"Feature","id":"shape-Sato22-52103-2","geometry":{"type":"LineString","coordinates":[[139.825238,35.698075],[139.825317,35.702253],[139.826133,35.705796],[139.827987,35.70968],[139.826644,35.713705],[139.824839,35.715529],[139.822098,35.718365],[139.819639,35.720937],[139.816195,35.724461],[139.813706,35.727052],[139.807032,35.728228],[139.803412,35.72871],[139.799229,35.729305],[139.798447,35.73082]]},"properties":{"route_id":"Sato22","route_title":"里２２ 南千住車庫前行","pattern_id":"52103","direction_id":"2","stop_count":14,"origin_stop_name":"亀戸駅前","destination_stop_name":"南千住車庫前","path_type":"odpt-busstop-order-shape","source_stop_count":14,"solve_stop_count":14,"snap_fallback":true}},{"type":"Feature","id":"shape-Sato22-52104-2","geometry":{"type":"LineString","coordinates":[[139.7717,35.728402],[139.775275,35.728656],[139.777472,35.728755],[139.778659,35.730977],[139.778578,35.732795],[139.777712,35.736957],[139.781653,35.735666],[139.783764,35.735052],[139.787252,35.733276],[139.790813,35.730789],[139.793183,35.729194],[139.799229,35.729305],[139.798447,35.73082]]},"properties":{"route_id":"Sato22","route_title":"里２２ 南千住車庫前行","pattern_id":"52104","direction_id":"2","stop_count":13,"origin_stop_name":"日暮里駅前","destination_stop_name":"南千住車庫前","path_type":"odpt-busstop-order-shape","source_stop_count":13,"solve_stop_count":13,"snap_fallback":true}},{"type":"Feature","id":"shape-Sato22-52105-2","geometry":{"type":"LineString","coordinates":[[139.807032,35.728228],[139.803412,35.72871],[139.798888,35.728855],[139.794547,35.728661],[139.789555,35.731253],[139.787072,35.733193],[139.784066,35.734815],[139.780839,35.735735],[139.776962,35.736178],[139.778747,35.73331],[139.778843,35.730383],[139.778875,35.729182],[139.775565,35.728561],[139.771495,35.728375]]},"properties":{"route_id":"Sato22","route_title":"里２２ 日暮里駅前行","pattern_id":"52105","direction_id":"2","stop_count":14,"origin_stop_name":"橋場二丁目","destination_stop_name":"日暮里駅前","path_type":"odpt-busstop-order-shape","source_stop_count":14,"solve_stop_count":14,"snap_fallback":true}},{"type":"Feature","id":"shape-Sato22-52107-1","geometry":{"type":"LineString","coordinates":[[139.798888,35.728855],[139.794547,35.728661],[139.789555,35.731253],[139.787072,35.733193],[139.784066,35.734815],[139.780839,35.735735],[139.776962,35.736178],[139.778747,35.73331],[139.778843,35.730383],[139.778875,35.729182],[139.775565,35.728561],[139.771495,35.728375]]},"properties":{"route_id":"Sato22","route_title":"里２２ 日暮里駅前行","pattern_id":"52107","direction_id":"1","stop_count":12,"origin_stop_name":"泪橋","destination_stop_name":"日暮里駅前","path_type":"odpt-busstop-order-shape","source_stop_count":12,"solve_stop_count":12,"snap_fallback":true}},{"type":"Feature","id":"shape-Higashi42-1-52201-1","geometry":{"type":"LineString","coordinates":[[139.798424,35.731309],[139.799427,35.729346],[139.801132,35.725795],[139.801596,35.723182],[139.80188,35.721081],[139.801994,35.718676],[139.801939,35.715923],[139.800874,35.713887],[139.798349,35.711381],[139.795811,35.708138],[139.794033,35.705784],[139.791649,35.703697],[139.788709,35.700703],[139.786852,35.697953],[139.784092,35.694518],[139.781583,35.692536],[139.779394,35.691103],[139.776684,35.689687],[139.773876,35.688773],[139.774504,35.685177],[139.772796,35.68276],[139.768154,35.679516]]},"properties":{"route_id":"Higashi42-1","route_title":"東４２－１ 東京駅八重洲口行","pattern_id":"52201","direction_id":"1","stop_count":22,"origin_stop_name":"南千住車庫前","destination_stop_name":"東京駅八重洲口","path_type":"odpt-busstop-order-shape","source_stop_count":22,"solve_stop_count":22,"snap_fallback":true}},{"type":"Feature","id":"shape-Higashi42-1-52201-2","geometry":{"type":"LineString","coordinates":[[139.768154,35.679516],[139.774064,35.683308],[139.77397,35.685856],[139.773205,35.687807],[139.774789,35.689273],[139.777744,35.690422],[139.781409,35.692737],[139.783621,35.694427],[139.785812,35.696762],[139.78836,35.700728],[139.790589,35.703109],[139.792842,35.704975],[139.795487,35.707999],[139.798085,35.711363],[139.800406,35.71368],[139.801694,35.715876],[139.801738,35.718098],[139.80175,35.720417],[139.801483,35.722495],[139.800851,35.725936],[139.799229,35.729305],[139.798447,35.73082]]},"properties":{"route_id":"Higashi42-1","route_title":"東４２－１ 南千住車庫前行","pattern_id":"52201","direction_id":"2","stop_count":22,"origin_stop_name":"東京駅八重洲口","destination_stop_name":"南千住車庫前","path_type":"odpt-busstop-order-shape","source_stop_count":22,"solve_stop_count":22,"snap_fallback":true}},{"type":"Feature","id":"shape-Higashi42-2-52202-1","geometry":{"type":"LineString","coordinates":[[139.798424,35.731309],[139.799427,35.729346],[139.801132,35.725795],[139.801596,35.723182],[139.80188,35.721081],[139.801994,35.718676],[139.801939,35.715923],[139.800874,35.713887],[139.798349,35.711381],[139.795811,35.708138],[139.794033,35.705784],[139.791649,35.703697],[139.788709,35.700703],[139.786852,35.697953],[139.783205,35.694918],[139.78008,35.694848]]},"properties":{"route_id":"Higashi42-2","route_title":"東４２－２ 東神田行","pattern_id":"52202","direction_id":"1","stop_count":16,"origin_stop_name":"南千住車庫前","destination_stop_name":"東神田","path_type":"odpt-busstop-order-shape","source_stop_count":16,"solve_stop_count":16,"snap_fallback":true}},{"type":"Feature","id":"shape-Higashi42-2-52202-2","geometry":{"type":"LineString","coordinates":[[139.780386,35.694281],[139.781663,35.693184],[139.783621,35.694427],[139.785812,35.696762],[139.78836,35.700728],[139.790589,35.703109],[139.792842,35.704975],[139.795487,35.707999],[139.798085,35.711363],[139.800406,35.71368],[139.801694,35.715876],[139.801738,35.718098],[139.80175,35.720417],[139.801483,35.722495],[139.800851,35.725936],[139.799229,35.729305],[139.798447,35.73082]]},"properties":{"route_id":"Higashi42-2","route_title":"東４２－２ 南千住車庫前行","pattern_id":"52202","direction_id":"2","stop_count":17,"origin_stop_name":"東神田","destination_stop_name":"南千住車庫前","path_type":"odpt-busstop-order-shape","source_stop_count":17,"solve_stop_count":17,"snap_fallback":true}},{"type":"Feature","id":"shape-Higashi42-1-52203-1","geometry":{"type":"LineString","coordinates":[[139.798607,35.732958],[139.799427,35.729346],[139.801132,35.725795],[139.801596,35.723182],[139.80188,35.721081],[139.801994,35.718676],[139.801939,35.715923],[139.800874,35.713887],[139.798349,35.711381],[139.795811,35.708138],[139.794033,35.705784],[139.791649,35.703697],[139.788709,35.700703],[139.786852,35.697953],[139.784092,35.694518],[139.781583,35.692536],[139.779394,35.691103],[139.776684,35.689687],[139.773876,35.688773],[139.774504,35.685177],[139.772796,35.68276],[139.768154,35.679516]]},"properties":{"route_id":"Higashi42-1","route_title":"東４２－１ 東京駅八重洲口行","pattern_id":"52203","direction_id":"1","stop_count":22,"origin_stop_name":"南千住駅西口","destination_stop_name":"東京駅八重洲口","path_type":"odpt-busstop-order-shape","source_stop_count":22,"solve_stop_count":22,"snap_fallback":true}},{"type":"Feature","id":"shape-Higashi42-1-52203-2","geometry":{"type":"LineString","coordinates":[[139.768154,35.679516],[139.774064,35.683308],[139.77397,35.685856],[139.773205,35.687807],[139.774789,35.689273],[139.777744,35.690422],[139.781409,35.692737],[139.783621,35.694427],[139.785812,35.696762],[139.78836,35.700728],[139.790589,35.703109],[139.792842,35.704975],[139.795487,35.707999],[139.798085,35.711363],[139.800406,35.71368],[139.801694,35.715876],[139.801738,35.718098],[139.80175,35.720417],[139.801483,35.722495],[139.800851,35.725936],[139.799229,35.729305],[139.798607,35.732958]]},"properties":{"route_id":"Higashi42-1","route_title":"東４２－１ 南千住駅西口行","pattern_id":"52203","direction_id":"2","stop_count":22,"origin_stop_name":"東京駅八重洲口","destination_stop_name":"南千住駅西口","path_type":"odpt-busstop-order-shape","source_stop_count":22,"solve_stop_count":22,"snap_fallback":true}},{"type":"Feature","id":"shape-Higashi42-2-52204-1","geometry":{"type":"LineString","coordinates":[[139.798607,35.732958],[139.799427,35.729346],[139.801132,35.725795],[139.801596,35.723182],[139.80188,35.721081],[139.801994,35.718676],[139.801939,35.715923],[139.800874,35.713887],[139.798349,35.711381],[139.795811,35.708138],[139.794033,35.705784],[139.791649,35.703697],[139.788709,35.700703],[139.786852,35.697953],[139.783205,35.694918],[139.78008,35.694848]]},"properties":{"route_id":"Higashi42-2","route_title":"東４２－２ 東神田行","pattern_id":"52204","direction_id":"1","stop_count":16,"origin_stop_name":"南千住駅西口","destination_stop_name":"東神田","path_type":"odpt-busstop-order-shape","source_stop_count":16,"solve_stop_count":16,"snap_fallback":true}},{"type":"Feature","id":"shape-Higashi42-2-52204-2","geometry":{"type":"LineString","coordinates":[[139.780386,35.694281],[139.781663,35.693184],[139.783621,35.694427],[139.785812,35.696762],[139.78836,35.700728],[139.790589,35.703109],[139.792842,35.704975],[139.795487,35.707999],[139.798085,35.711363],[139.800406,35.71368],[139.801694,35.715876],[139.801738,35.718098],[139.80175,35.720417],[139.801483,35.722495],[139.800851,35.725936],[139.799229,35.729305],[139.798607,35.732958]]},"properties":{"route_id":"Higashi42-2","route_title":"東４２－２ 南千住駅西口行","pattern_id":"52204","direction_id":"2","stop_count":17,"origin_stop_name":"東神田","destination_stop_name":"南千住駅西口","path_type":"odpt-busstop-order-shape","source_stop_count":17,"solve_stop_count":17,"snap_fallback":true}},{"type":"Feature","id":"shape-Higashi42-3-52302-1","geometry":{"type":"LineString","coordinates":[[139.798424,35.731309],[139.799427,35.729346],[139.803387,35.728886],[139.806207,35.728497],[139.808515,35.727299],[139.807924,35.725361],[139.807488,35.723324],[139.806077,35.720073],[139.804449,35.71817],[139.800874,35.713887],[139.798349,35.711381],[139.796312,35.71022]]},"properties":{"route_id":"Higashi42-3","route_title":"東４２－３ 浅草雷門行","pattern_id":"52302","direction_id":"1","stop_count":12,"origin_stop_name":"南千住車庫前","destination_stop_name":"浅草雷門","path_type":"odpt-busstop-order-shape","source_stop_count":12,"solve_stop_count":12,"snap_fallback":true}},{"type":"Feature","id":"shape-Higashi42-3-52302-2","geometry":{"type":"LineString","coordinates":[[139.796312,35.71022],[139.798085,35.711363],[139.800406,35.71368],[139.803919,35.71824],[139.804174,35.720445],[139.804479,35.723328],[139.804888,35.726],[139.805205,35.728058],[139.803412,35.72871],[139.799229,35.729305],[139.798447,35.73082]]},"properties":{"route_id":"Higashi42-3","route_title":"東４２－３ 南千住車庫前行","pattern_id":"52302","direction_id":"2","stop_count":11,"origin_stop_name":"浅草雷門","destination_stop_name":"南千住車庫前","path_type":"odpt-busstop-order-shape","source_stop_count":11,"solve_stop_count":11,"snap_fallback":true}},{"type":"Feature","id":"shape-T08-52401-1","geometry":{"type":"LineString","coordinates":[[139.771493,35.728649],[139.775275,35.728656],[139.777472,35.728755],[139.782266,35.728212],[139.786074,35.725463],[139.788869,35.724733],[139.791161,35.724269],[139.791678,35.720722],[139.792842,35.717751],[139.793712,35.717112],[139.797738,35.716095],[139.798425,35.714587],[139.797914,35.712382],[139.800238,35.709486],[139.80522,35.708758],[139.809198,35.708942],[139.812689,35.709123],[139.814338,35.706241],[139.814487,35.704777],[139.814759,35.701693],[139.814946,35.69933],[139.813922,35.697511]]},"properties":{"route_id":"T08","route_title":"都０８（Ｔ０８） 錦糸町駅前行","pattern_id":"52401","direction_id":"1","stop_count":22,"origin_stop_name":"日暮里駅前","destination_stop_name":"錦糸町駅前","path_type":"odpt-busstop-order-shape","source_stop_count":22,"solve_stop_count":22,"snap_fallback":true}},{"type":"Feature","id":"shape-T08-52404-1","geometry":{"type":"LineString","coordinates":[[139.797914,35.712382],[139.800238,35.709486],[139.80522,35.708758],[139.809198,35.708942],[139.812689,35.709123],[139.814338,35.706241],[139.814487,35.704777],[139.814759,35.701693],[139.814946,35.69933],[139.813922,35.697511]]},"properties":{"route_id":"T08","route_title":"都０８（Ｔ０８） 錦糸町駅前行","pattern_id":"52404","direction_id":"1","stop_count":10,"origin_stop_name":"東武浅草駅前","destination_stop_name":"錦糸町駅前","path_type":"odpt-busstop-order-shape","source_stop_count":10,"solve_stop_count":10,"snap_fallback":true}},{"type":"Feature","id":"shape-T08-52404-2","geometry":{"type":"LineString","coordinates":[[139.813495,35.697298],[139.814753,35.699229],[139.814537,35.701775],[139.81436,35.703867],[139.814109,35.7064],[139.813713,35.708356],[139.8091,35.708725],[139.805122,35.708524],[139.801421,35.708815],[139.797657,35.71137]]},"properties":{"route_id":"T08","route_title":"都０８（Ｔ０８） 東武浅草駅前行","pattern_id":"52404","direction_id":"2","stop_count":10,"origin_stop_name":"錦糸町駅前","destination_stop_name":"東武浅草駅前","path_type":"odpt-busstop-order-shape","source_stop_count":10,"solve_stop_count":10,"snap_fallback":true}},{"type":"Feature","id":"shape-T08-52405-1","geometry":{"type":"LineString","coordinates":[[139.771493,35.728649],[139.775275,35.728656],[139.777472,35.728755],[139.782266,35.728212],[139.786074,35.725463],[139.788869,35.724733]]},"properties":{"route_id":"T08","route_title":"都０８（Ｔ０８） 下谷警察署前行","pattern_id":"52405","direction_id":"1","stop_count":6,"origin_stop_name":"日暮里駅前","destination_stop_name":"下谷警察署前","path_type":"odpt-busstop-order-shape","source_stop_count":6,"solve_stop_count":6,"snap_fallback":true}},{"type":"Feature","id":"shape-T08-52405-2","geometry":{"type":"LineString","coordinates":[[139.788094,35.724643],[139.786499,35.725021],[139.782451,35.728064],[139.779516,35.728537],[139.775565,35.728561],[139.771495,35.728375]]},"properties":{"route_id":"T08","route_title":"都０８（Ｔ０８） 日暮里駅前行","pattern_id":"52405","direction_id":"2","stop_count":6,"origin_stop_name":"下谷警察署前","destination_stop_name":"日暮里駅前","path_type":"odpt-busstop-order-shape","source_stop_count":6,"solve_stop_count":6,"snap_fallback":true}},{"type":"Feature","id":"shape-T08-52406-1","geometry":{"type":"LineString","coordinates":[[139.80522,35.708758],[139.809198,35.708942],[139.812689,35.709123],[139.814338,35.706241],[139.814487,35.704777],[139.814759,35.701693],[139.814946,35.69933],[139.813922,35.697511]]},"properties":{"route_id":"T08","route_title":"都０８（Ｔ０８） 錦糸町駅前行","pattern_id":"52406","direction_id":"1","stop_count":8,"origin_stop_name":"本所吾妻橋","destination_stop_name":"錦糸町駅前","path_type":"odpt-busstop-order-shape","source_stop_count":8,"solve_stop_count":8,"snap_fallback":true}},{"type":"Feature","id":"shape-Nishiki40-53001-1","geometry":{"type":"LineString","coordinates":[[139.799893,35.733487],[139.801664,35.734864],[139.804249,35.735638],[139.805823,35.737774],[139.809002,35.738345],[139.811059,35.73789],[139.816824,35.735065],[139.817795,35.734352],[139.815268,35.731697],[139.813706,35.728977],[139.813939,35.727097],[139.816664,35.724289],[139.819248,35.721641],[139.818583,35.718524],[139.814454,35.714982],[139.811859,35.71279],[139.808586,35.710247],[139.812689,35.709123],[139.814338,35.706241],[139.814487,35.704777],[139.814759,35.701693],[139.814946,35.69933],[139.813922,35.697511]]},"properties":{"route_id":"Nishiki40","route_title":"錦４０ 錦糸町駅前行","pattern_id":"53001","direction_id":"1","stop_count":23,"origin_stop_name":"南千住駅東口","destination_stop_name":"錦糸町駅前","path_type":"odpt-busstop-order-shape","source_stop_count":23,"solve_stop_count":23,"snap_fallback":true}},{"type":"Feature","id":"shape-Nishiki40-53001-2","geometry":{"type":"LineString","coordinates":[[139.813314,35.697447],[139.814753,35.699229],[139.814537,35.701775],[139.81436,35.703867],[139.814109,35.7064],[139.813713,35.708356],[139.808402,35.710062],[139.811784,35.712915],[139.814926,35.715529],[139.818378,35.718529],[139.819639,35.720937],[139.816195,35.724461],[139.813706,35.727052],[139.813298,35.728838],[139.814692,35.731586],[139.817064,35.734241],[139.810959,35.738049],[139.809153,35.738237],[139.805687,35.737715],[139.80459,35.735527],[139.801692,35.735078],[139.800126,35.733196]]},"properties":{"route_id":"Nishiki40","route_title":"錦４０ 南千住駅東口行","pattern_id":"53001","direction_id":"2","stop_count":22,"origin_stop_name":"錦糸町駅前","destination_stop_name":"南千住駅東口","path_type":"odpt-busstop-order-shape","source_stop_count":22,"solve_stop_count":22,"snap_fallback":true}},{"type":"Feature","id":"shape-Kusa39-56001-1","geometry":{"type":"LineString","coordinates":[[139.871433,35.769232],[139.870452,35.766374],[139.865489,35.763559],[139.862983,35.762134],[139.858732,35.759753],[139.853924,35.756534],[139.850247,35.752374],[139.847542,35.748916],[139.845775,35.746554],[139.84335,35.743838],[139.840028,35.740451],[139.83711,35.737721],[139.835014,35.73613],[139.83287,35.734564],[139.826133,35.72949],[139.823842,35.727387],[139.821472,35.725192],[139.819386,35.723286],[139.817773,35.721795],[139.815804,35.720009],[139.812413,35.717192],[139.809832,35.715465],[139.805183,35.712085],[139.803502,35.708438],[139.801421,35.708815],[139.795536,35.710902],[139.793215,35.711159],[139.790545,35.709704],[139.787516,35.710337],[139.783444,35.711077],[139.780958,35.711519],[139.775325,35.711432],[139.774292,35.711093],[139.773333,35.708499]]},"properties":{"route_id":"Kusa39","route_title":"草３９ 上野松坂屋前行","pattern_id":"56001","direction_id":"1","stop_count":34,"origin_stop_name":"金町駅前","destination_stop_name":"上野松坂屋前","path_type":"odpt-busstop-order-shape","source_stop_count":34,"solve_stop_count":34,"snap_fallback":true}},{"type":"Feature","id":"shape-Kusa39-56001-2","geometry":{"type":"LineString","coordinates":[[139.772549,35.706982],[139.77408,35.711238],[139.777124,35.71197],[139.781069,35.711714],[139.784514,35.711094],[139.787442,35.71056],[139.791459,35.710312],[139.792595,35.711437],[139.79535,35.711106],[139.800238,35.709486],[139.802973,35.708631],[139.805083,35.712249],[139.809412,35.71539],[139.812089,35.717223],[139.815684,35.720137],[139.817548,35.72185],[139.819217,35.723362],[139.821142,35.725136],[139.82383,35.727626],[139.82547,35.729117],[139.833331,35.735284],[139.835457,35.73683],[139.838493,35.739399],[139.841571,35.742203],[139.844403,35.745259],[139.845625,35.746732],[139.84803,35.749915],[139.851241,35.753879],[139.85396,35.756901],[139.85879,35.759994],[139.861898,35.761767],[139.866214,35.764253],[139.870569,35.766761],[139.871433,35.769232]]},"properties":{"route_id":"Kusa39","route_title":"草３９ 金町駅前行","pattern_id":"56001","direction_id":"2","stop_count":34,"origin_stop_name":"上野松坂屋前","destination_stop_name":"金町駅前","path_type":"odpt-busstop-order-shape","source_stop_count":34,"solve_stop_count":34,"snap_fallback":true}},{"type":"Feature","id":"shape-Kusa39-56002-1","geometry":{"type":"LineString","coordinates":[[139.871433,35.769232],[139.870452,35.766374],[139.865489,35.763559],[139.862983,35.762134],[139.858732,35.759753],[139.853924,35.756534],[139.850247,35.752374],[139.847542,35.748916],[139.845775,35.746554],[139.84335,35.743838],[139.840028,35.740451],[139.83711,35.737721],[139.835014,35.73613],[139.83287,35.734564],[139.826133,35.72949],[139.823842,35.727387],[139.821472,35.725192],[139.819386,35.723286],[139.817773,35.721795],[139.815804,35.720009],[139.812413,35.717192],[139.809832,35.715465],[139.805183,35.712085],[139.803502,35.708438],[139.801421,35.708815],[139.795536,35.710902],[139.793215,35.711159],[139.791733,35.710221]]},"properties":{"route_id":"Kusa39","route_title":"草３９ 浅草寿町行","pattern_id":"56002","direction_id":"1","stop_count":28,"origin_stop_name":"金町駅前","destination_stop_name":"浅草寿町","path_type":"odpt-busstop-order-shape","source_stop_count":28,"solve_stop_count":28,"snap_fallback":true}},{"type":"Feature","id":"shape-Kusa39-56002-2","geometry":{"type":"LineString","coordinates":[[139.791459,35.710312],[139.792595,35.711437],[139.79535,35.711106],[139.800238,35.709486],[139.802973,35.708631],[139.805083,35.712249],[139.809412,35.71539],[139.812089,35.717223],[139.815684,35.720137],[139.817548,35.72185],[139.819217,35.723362],[139.821142,35.725136],[139.82383,35.727626],[139.82547,35.729117],[139.833331,35.735284],[139.835457,35.73683],[139.838493,35.739399],[139.841571,35.742203],[139.844403,35.745259],[139.845625,35.746732],[139.84803,35.749915],[139.851241,35.753879],[139.85396,35.756901],[139.85879,35.759994],[139.861898,35.761767],[139.866214,35.764253],[139.870569,35.766761],[139.871433,35.769232]]},"properties":{"route_id":"Kusa39","route_title":"草３９ 金町駅前行","pattern_id":"56002","direction_id":"2","stop_count":28,"origin_stop_name":"浅草寿町","destination_stop_name":"金町駅前","path_type":"odpt-busstop-order-shape","source_stop_count":28,"solve_stop_count":28,"snap_fallback":true}},{"type":"Feature","id":"shape-Kusa39-56003-1","geometry":{"type":"LineString","coordinates":[[139.844403,35.745259],[139.845625,35.746732],[139.84803,35.749915],[139.851241,35.753879],[139.85396,35.756901],[139.85879,35.759994],[139.861898,35.761767],[139.866214,35.764253],[139.870569,35.766761],[139.871433,35.769232]]},"properties":{"route_id":"Kusa39","route_title":"草３９ 金町駅前行","pattern_id":"56003","direction_id":"1","stop_count":10,"origin_stop_name":"青戸車庫前","destination_stop_name":"金町駅前","path_type":"odpt-busstop-order-shape","source_stop_count":10,"solve_stop_count":10,"snap_fallback":true}},{"type":"Feature","id":"shape-Kusa39-56003-2","geometry":{"type":"LineString","coordinates":[[139.871433,35.769232],[139.870452,35.766374],[139.865489,35.763559],[139.862983,35.762134],[139.858732,35.759753],[139.853924,35.756534],[139.850247,35.752374],[139.847542,35.748916],[139.845775,35.746554],[139.84335,35.743838]]},"properties":{"route_id":"Kusa39","route_title":"草３９ 青戸車庫前行","pattern_id":"56003","direction_id":"2","stop_count":10,"origin_stop_name":"金町駅前","destination_stop_name":"青戸車庫前","path_type":"odpt-busstop-order-shape","source_stop_count":10,"solve_stop_count":10,"snap_fallback":true}},{"type":"Feature","id":"shape-Kusa39-56004-1","geometry":{"type":"LineString","coordinates":[[139.84335,35.743838],[139.840028,35.740451],[139.83711,35.737721],[139.835014,35.73613],[139.83287,35.734564],[139.826133,35.72949],[139.823842,35.727387],[139.821472,35.725192],[139.819386,35.723286],[139.817773,35.721795],[139.815804,35.720009],[139.812413,35.717192],[139.809832,35.715465],[139.805183,35.712085],[139.803502,35.708438],[139.801421,35.708815],[139.795536,35.710902],[139.793215,35.711159],[139.791733,35.710221]]},"properties":{"route_id":"Kusa39","route_title":"草３９ 浅草寿町行","pattern_id":"56004","direction_id":"1","stop_count":19,"origin_stop_name":"青戸車庫前","destination_stop_name":"浅草寿町","path_type":"odpt-busstop-order-shape","source_stop_count":19,"solve_stop_count":19,"snap_fallback":true}},{"type":"Feature","id":"shape-Kusa39-56004-2","geometry":{"type":"LineString","coordinates":[[139.791459,35.710312],[139.792595,35.711437],[139.79535,35.711106],[139.800238,35.709486],[139.802973,35.708631],[139.805083,35.712249],[139.809412,35.71539],[139.812089,35.717223],[139.815684,35.720137],[139.817548,35.72185],[139.819217,35.723362],[139.821142,35.725136],[139.82383,35.727626],[139.82547,35.729117],[139.833331,35.735284],[139.835457,35.73683],[139.838493,35.739399],[139.841571,35.742203],[139.844403,35.745259]]},"properties":{"route_id":"Kusa39","route_title":"草３９ 青戸車庫前行","pattern_id":"56004","direction_id":"2","stop_count":19,"origin_stop_name":"浅草寿町","destination_stop_name":"青戸車庫前","path_type":"odpt-busstop-order-shape","source_stop_count":19,"solve_stop_count":19,"snap_fallback":true}},{"type":"Feature","id":"shape-Shinko21-61102-1","geometry":{"type":"LineString","coordinates":[[139.864787,35.688148],[139.864007,35.683958]]},"properties":{"route_id":"Shinko21","route_title":"新小２１ 船堀駅前行","pattern_id":"61102","direction_id":"1","stop_count":2,"origin_stop_name":"東小松川車庫前","destination_stop_name":"船堀駅前","path_type":"odpt-busstop-order-shape","source_stop_count":2,"solve_stop_count":2,"snap_fallback":true}},{"type":"Feature","id":"shape-Kame21-60003-2","geometry":{"type":"LineString","coordinates":[[139.83822,35.675786],[139.840593,35.674959],[139.840828,35.67291],[139.841179,35.669916],[139.837502,35.669799],[139.83442,35.670924],[139.832993,35.671437],[139.828537,35.67294],[139.826626,35.673352],[139.826125,35.671081],[139.821512,35.669647],[139.817132,35.669471]]},"properties":{"route_id":"Kame21","route_title":"亀２１ 東陽町駅前行","pattern_id":"60003","direction_id":"2","stop_count":12,"origin_stop_name":"東砂四丁目","destination_stop_name":"東陽町駅前","path_type":"odpt-busstop-order-shape","source_stop_count":12,"solve_stop_count":12,"snap_fallback":true}},{"type":"Feature","id":"shape-Nishiki37-56102-1","geometry":{"type":"LineString","coordinates":[[139.826727,35.728231],[139.827688,35.726476],[139.830319,35.724038],[139.830233,35.721426],[139.829184,35.718179],[139.828299,35.715553],[139.827539,35.713601],[139.824726,35.712326],[139.820995,35.711078],[139.818024,35.709424],[139.81586,35.711654],[139.813538,35.710675],[139.814338,35.706241],[139.814487,35.704777],[139.814759,35.701693],[139.814946,35.69933],[139.813922,35.697511]]},"properties":{"route_id":"Nishiki37","route_title":"錦３７ 錦糸町駅前行","pattern_id":"56102","direction_id":"1","stop_count":17,"origin_stop_name":"新四ツ木橋","destination_stop_name":"錦糸町駅前","path_type":"odpt-busstop-order-shape","source_stop_count":17,"solve_stop_count":17,"snap_fallback":true}},{"type":"Feature","id":"shape-Nishiki37-56102-2","geometry":{"type":"LineString","coordinates":[[139.813314,35.697447],[139.814753,35.699229],[139.814537,35.701775],[139.81436,35.703867],[139.814109,35.7064],[139.813564,35.710822],[139.816437,35.71159],[139.817988,35.70953],[139.820641,35.71095],[139.824333,35.712279],[139.826692,35.713037],[139.828641,35.716824],[139.829091,35.718212],[139.829966,35.720957],[139.830434,35.723733],[139.828645,35.725458],[139.826908,35.728856]]},"properties":{"route_id":"Nishiki37","route_title":"錦３７ 新四ツ木橋行","pattern_id":"56102","direction_id":"2","stop_count":17,"origin_stop_name":"錦糸町駅前","destination_stop_name":"新四ツ木橋","path_type":"odpt-busstop-order-shape","source_stop_count":17,"solve_stop_count":17,"snap_fallback":true}},{"type":"Feature","id":"shape-Ue23-56205-1","geometry":{"type":"LineString","coordinates":[[139.772549,35.706982],[139.77408,35.711238],[139.776905,35.711829],[139.781069,35.711714],[139.784514,35.711094],[139.787442,35.71056],[139.791459,35.710312],[139.792595,35.711437],[139.79535,35.711106],[139.800238,35.709486],[139.80522,35.708758],[139.809198,35.708942],[139.812907,35.709137],[139.817434,35.708166],[139.820641,35.71095],[139.824333,35.712279],[139.826692,35.713037],[139.828654,35.71582],[139.829818,35.718731],[139.830827,35.721893]]},"properties":{"route_id":"Ue23","route_title":"上２３ 東墨田二丁目行","pattern_id":"56205","direction_id":"1","stop_count":20,"origin_stop_name":"上野松坂屋前","destination_stop_name":"東墨田二丁目","path_type":"odpt-busstop-order-shape","source_stop_count":20,"solve_stop_count":20,"snap_fallback":true}},{"type":"Feature","id":"shape-Ue23-56206-1","geometry":{"type":"LineString","coordinates":[[139.841793,35.706789],[139.84156,35.710103],[139.841957,35.711787],[139.84224,35.714807],[139.837929,35.716649],[139.836216,35.714718],[139.838301,35.71253],[139.839838,35.71132]]},"properties":{"route_id":"Ue23","route_title":"上２３ 平井操車所行","pattern_id":"56206","direction_id":"1","stop_count":8,"origin_stop_name":"平井駅前","destination_stop_name":"平井操車所","path_type":"odpt-busstop-order-shape","source_stop_count":8,"solve_stop_count":8,"snap_fallback":true}},{"type":"Feature","id":"shape-Ue23-56206-2","geometry":{"type":"LineString","coordinates":[[139.839665,35.71135],[139.837765,35.713027],[139.836268,35.714431],[139.8358,35.716227],[139.837775,35.716774],[139.842325,35.714891],[139.842213,35.712451],[139.841875,35.710014],[139.841957,35.706642]]},"properties":{"route_id":"Ue23","route_title":"上２３ 平井駅前行","pattern_id":"56206","direction_id":"2","stop_count":9,"origin_stop_name":"平井操車所","destination_stop_name":"平井駅前","path_type":"odpt-busstop-order-shape","source_stop_count":9,"solve_stop_count":9,"snap_fallback":true}},{"type":"Feature","id":"shape-Ue23Shutsunyuu-56207-1","geometry":{"type":"LineString","coordinates":[[139.841793,35.706789],[139.84156,35.710103],[139.841957,35.711787],[139.84224,35.714807],[139.837929,35.716649],[139.835492,35.714984],[139.832935,35.716393],[139.834297,35.718465],[139.832435,35.721073],[139.830434,35.723733],[139.828645,35.725458],[139.82547,35.729117],[139.833331,35.735284],[139.835457,35.73683],[139.838493,35.739399],[139.841571,35.742203],[139.843847,35.744787]]},"properties":{"route_id":"Ue23Shutsunyuu","route_title":"上２３出入 青戸車庫前行","pattern_id":"56207","direction_id":"1","stop_count":17,"origin_stop_name":"平井駅前","destination_stop_name":"青戸車庫前","path_type":"odpt-busstop-order-shape","source_stop_count":17,"solve_stop_count":17,"snap_fallback":true}},{"type":"Feature","id":"shape-Ue23Shutsunyuu-56207-2","geometry":{"type":"LineString","coordinates":[[139.84335,35.743838],[139.840028,35.740451],[139.83711,35.737721],[139.835014,35.73613],[139.83287,35.734564],[139.826133,35.72949],[139.827688,35.726476],[139.830319,35.724038],[139.832465,35.72128],[139.834261,35.718754],[139.833033,35.716328],[139.835156,35.715067],[139.8358,35.716227],[139.837775,35.716774],[139.842325,35.714891],[139.842213,35.712451],[139.841875,35.710014],[139.841957,35.706642]]},"properties":{"route_id":"Ue23Shutsunyuu","route_title":"上２３出入 平井駅前行","pattern_id":"56207","direction_id":"2","stop_count":18,"origin_stop_name":"青戸車庫前","destination_stop_name":"平井駅前","path_type":"odpt-busstop-order-shape","source_stop_count":18,"solve_stop_count":18,"snap_fallback":true}},{"type":"Feature","id":"shape-Ue23-56208-1","geometry":{"type":"LineString","coordinates":[[139.841793,35.706789],[139.84156,35.710103],[139.841957,35.711787],[139.84224,35.714807],[139.837929,35.716649],[139.835492,35.714984],[139.832935,35.716393],[139.834297,35.718465],[139.832435,35.721073],[139.830919,35.721865],[139.829965,35.718855],[139.828299,35.715553],[139.827539,35.713601],[139.824726,35.712326],[139.820995,35.711078],[139.817247,35.708082],[139.812051,35.708873],[139.8091,35.708725],[139.803502,35.708438],[139.801991,35.710531],[139.795536,35.710902],[139.793215,35.711159],[139.790545,35.709704],[139.787516,35.710337],[139.783444,35.711077],[139.780958,35.711519],[139.775325,35.711432],[139.774292,35.711093],[139.773333,35.708499]]},"properties":{"route_id":"Ue23","route_title":"上２３ 上野松坂屋前行","pattern_id":"56208","direction_id":"1","stop_count":29,"origin_stop_name":"平井駅前","destination_stop_name":"上野松坂屋前","path_type":"odpt-busstop-order-shape","source_stop_count":29,"solve_stop_count":29,"snap_fallback":true}},{"type":"Feature","id":"shape-Ue23-56208-2","geometry":{"type":"LineString","coordinates":[[139.772549,35.706982],[139.77408,35.711238],[139.776905,35.711829],[139.781069,35.711714],[139.784514,35.711094],[139.787442,35.71056],[139.791459,35.710312],[139.792595,35.711437],[139.79535,35.711106],[139.800238,35.709486],[139.80522,35.708758],[139.809198,35.708942],[139.812907,35.709137],[139.817434,35.708166],[139.820641,35.71095],[139.824333,35.712279],[139.826692,35.713037],[139.828654,35.71582],[139.829818,35.718731],[139.830827,35.721893],[139.832465,35.72128],[139.834261,35.718754],[139.833033,35.716328],[139.835156,35.715067],[139.8358,35.716227],[139.837775,35.716774],[139.842325,35.714891],[139.842213,35.712451],[139.841875,35.710014],[139.841957,35.706642]]},"properties":{"route_id":"Ue23","route_title":"上２３ 平井駅前行","pattern_id":"56208","direction_id":"2","stop_count":30,"origin_stop_name":"上野松坂屋前","destination_stop_name":"平井駅前","path_type":"odpt-busstop-order-shape","source_stop_count":30,"solve_stop_count":30,"snap_fallback":true}},{"type":"Feature","id":"shape-Ue23-56210-1","geometry":{"type":"LineString","coordinates":[[139.828299,35.715553],[139.827539,35.713601],[139.824726,35.712326],[139.820995,35.711078],[139.817247,35.708082],[139.812051,35.708873],[139.8091,35.708725],[139.803502,35.708438],[139.801991,35.710531],[139.795536,35.710902],[139.793215,35.711159],[139.790545,35.709704],[139.787516,35.710337],[139.783444,35.711077],[139.780958,35.711519],[139.775325,35.711432],[139.774292,35.711093],[139.773333,35.708499]]},"properties":{"route_id":"Ue23","route_title":"上２３ 上野松坂屋前行","pattern_id":"56210","direction_id":"1","stop_count":18,"origin_stop_name":"八広二丁目","destination_stop_name":"上野松坂屋前","path_type":"odpt-busstop-order-shape","source_stop_count":18,"solve_stop_count":18,"snap_fallback":true}},{"type":"Feature","id":"shape-Kame21-60001-1","geometry":{"type":"LineString","coordinates":[[139.81675,35.669697],[139.821475,35.669892],[139.825836,35.670773],[139.826296,35.672727],[139.829376,35.672778],[139.831943,35.671856],[139.834175,35.671092],[139.837603,35.669865],[139.841074,35.669789],[139.840871,35.671489],[139.840494,35.67487],[139.83728,35.675737],[139.833927,35.676986],[139.834676,35.679526],[139.83536,35.681892],[139.835934,35.683933],[139.836166,35.688032],[139.835492,35.690249],[139.834952,35.692059],[139.834082,35.695096],[139.832341,35.696843],[139.828669,35.696602],[139.825385,35.698064]]},"properties":{"route_id":"Kame21","route_title":"亀２１ 亀戸駅前行","pattern_id":"60001","direction_id":"1","stop_count":23,"origin_stop_name":"東陽町駅前","destination_stop_name":"亀戸駅前","path_type":"odpt-busstop-order-shape","source_stop_count":23,"solve_stop_count":23,"snap_fallback":true}},{"type":"Feature","id":"shape-Kame21-60001-2","geometry":{"type":"LineString","coordinates":[[139.825385,35.698064],[139.828993,35.696897],[139.830976,35.697043],[139.834262,35.695643],[139.835215,35.69198],[139.835734,35.690388],[139.836425,35.687968],[139.836061,35.683501],[139.835653,35.682087],[139.834765,35.679141],[139.834074,35.676792],[139.83822,35.675786],[139.840593,35.674959],[139.840828,35.67291],[139.841179,35.669916],[139.837502,35.669799],[139.83442,35.670924],[139.832993,35.671437],[139.828537,35.67294],[139.826626,35.673352],[139.826125,35.671081],[139.821512,35.669647],[139.817132,35.669471]]},"properties":{"route_id":"Kame21","route_title":"亀２１ 東陽町駅前行","pattern_id":"60001","direction_id":"2","stop_count":23,"origin_stop_name":"亀戸駅前","destination_stop_name":"東陽町駅前","path_type":"odpt-busstop-order-shape","source_stop_count":23,"solve_stop_count":23,"snap_fallback":true}},{"type":"Feature","id":"shape-To07-60101-1","geometry":{"type":"LineString","coordinates":[[139.814117,35.695984],[139.817638,35.696105],[139.820808,35.696473],[139.825938,35.695691],[139.826168,35.69245],[139.826474,35.688918],[139.826614,35.687431],[139.827566,35.681837],[139.827578,35.679554],[139.82715,35.676604],[139.826626,35.673352],[139.826125,35.671081],[139.821512,35.669647],[139.817132,35.669471],[139.813518,35.669319],[139.811608,35.669242],[139.806562,35.669304],[139.803438,35.66942],[139.799886,35.670077],[139.79694,35.671379],[139.795071,35.672969]]},"properties":{"route_id":"To07","route_title":"都０７ 門前仲町行","pattern_id":"60101","direction_id":"1","stop_count":21,"origin_stop_name":"錦糸町駅前","destination_stop_name":"門前仲町","path_type":"odpt-busstop-order-shape","source_stop_count":21,"solve_stop_count":21,"snap_fallback":true}},{"type":"Feature","id":"shape-To07-60101-2","geometry":{"type":"LineString","coordinates":[[139.79562,35.672184],[139.797789,35.67125],[139.8,35.670276],[139.803514,35.669632],[139.805087,35.669565],[139.810303,35.669429],[139.813733,35.669555],[139.817064,35.669707],[139.821475,35.669892],[139.825836,35.670773],[139.826296,35.672727],[139.826914,35.676303],[139.827315,35.678991],[139.827333,35.681886],[139.826407,35.687379],[139.826184,35.690002],[139.825965,35.692559],[139.825696,35.695927],[139.821023,35.696184],[139.817532,35.695691],[139.813873,35.695761]]},"properties":{"route_id":"To07","route_title":"都０７ 錦糸町駅前行","pattern_id":"60101","direction_id":"2","stop_count":21,"origin_stop_name":"門前仲町","destination_stop_name":"錦糸町駅前","path_type":"odpt-busstop-order-shape","source_stop_count":21,"solve_stop_count":21,"snap_fallback":true}},{"type":"Feature","id":"shape-To07-60103-1","geometry":{"type":"LineString","coordinates":[[139.814117,35.695984],[139.817638,35.696105],[139.820808,35.696473],[139.825938,35.695691],[139.826168,35.69245],[139.826474,35.688918],[139.826614,35.687431],[139.827566,35.681837],[139.827578,35.679554],[139.82715,35.676604],[139.826626,35.673352],[139.826125,35.671081],[139.821512,35.669647],[139.817132,35.669471]]},"properties":{"route_id":"To07","route_title":"都０７ 東陽町駅前行","pattern_id":"60103","direction_id":"1","stop_count":14,"origin_stop_name":"錦糸町駅前","destination_stop_name":"東陽町駅前","path_type":"odpt-busstop-order-shape","source_stop_count":14,"solve_stop_count":14,"snap_fallback":true}},{"type":"Feature","id":"shape-To07-60103-2","geometry":{"type":"LineString","coordinates":[[139.817064,35.669707],[139.821475,35.669892],[139.825836,35.670773],[139.826296,35.672727],[139.826914,35.676303],[139.827315,35.678991],[139.827333,35.681886],[139.826407,35.687379],[139.826184,35.690002],[139.825965,35.692559],[139.825696,35.695927],[139.821023,35.696184],[139.817532,35.695691],[139.813873,35.695761]]},"properties":{"route_id":"To07","route_title":"都０７ 錦糸町駅前行","pattern_id":"60103","direction_id":"2","stop_count":14,"origin_stop_name":"東陽町駅前","destination_stop_name":"錦糸町駅前","path_type":"odpt-busstop-order-shape","source_stop_count":14,"solve_stop_count":14,"snap_fallback":true}},{"type":"Feature","id":"shape-To07-60104-1","geometry":{"type":"LineString","coordinates":[[139.825938,35.695691],[139.826168,35.69245],[139.826474,35.688918],[139.826614,35.687431],[139.827566,35.681837],[139.827578,35.679554],[139.82715,35.676604],[139.826626,35.673352],[139.826125,35.671081],[139.821512,35.669647],[139.817132,35.669471],[139.813518,35.669319],[139.811608,35.669242],[139.806562,35.669304],[139.803438,35.66942],[139.799886,35.670077],[139.79694,35.671379],[139.795071,35.672969]]},"properties":{"route_id":"To07","route_title":"都０７ 門前仲町行","pattern_id":"60104","direction_id":"1","stop_count":18,"origin_stop_name":"亀戸駅通り","destination_stop_name":"門前仲町","path_type":"odpt-busstop-order-shape","source_stop_count":18,"solve_stop_count":18,"snap_fallback":true}},{"type":"Feature","id":"shape-To07-60105-1","geometry":{"type":"LineString","coordinates":[[139.826474,35.688918],[139.826614,35.687431],[139.827566,35.681837],[139.827578,35.679554],[139.82715,35.676604],[139.826626,35.673352],[139.826125,35.671081],[139.821512,35.669647],[139.817132,35.669471],[139.813518,35.669319],[139.811608,35.669242],[139.806562,35.669304],[139.803438,35.66942],[139.799886,35.670077],[139.79694,35.671379],[139.795071,35.672969]]},"properties":{"route_id":"To07","route_title":"都０７ 門前仲町行","pattern_id":"60105","direction_id":"1","stop_count":16,"origin_stop_name":"西大島駅前","destination_stop_name":"門前仲町","path_type":"odpt-busstop-order-shape","source_stop_count":16,"solve_stop_count":16,"snap_fallback":true}},{"type":"Feature","id":"shape-Higashi22-60202-1","geometry":{"type":"LineString","coordinates":[[139.814296,35.69589],[139.815312,35.694386],[139.815557,35.691907],[139.815767,35.689631],[139.81609,35.685825],[139.816185,35.682318],[139.816117,35.680368],[139.81606,35.678359],[139.816199,35.674683],[139.816397,35.672445],[139.816514,35.670604]]},"properties":{"route_id":"Higashi22","route_title":"東２２ 東陽町駅前行","pattern_id":"60202","direction_id":"1","stop_count":11,"origin_stop_name":"錦糸町駅前","destination_stop_name":"東陽町駅前","path_type":"odpt-busstop-order-shape","source_stop_count":11,"solve_stop_count":11,"snap_fallback":true}},{"type":"Feature","id":"shape-Higashi22-60202-2","geometry":{"type":"LineString","coordinates":[[139.816311,35.670131],[139.816229,35.671641],[139.81594,35.675179],[139.815862,35.678518],[139.81592,35.680489],[139.816008,35.683388],[139.815825,35.686533],[139.815543,35.689679],[139.81541,35.691304],[139.813873,35.695761]]},"properties":{"route_id":"Higashi22","route_title":"東２２ 錦糸町駅前行","pattern_id":"60202","direction_id":"2","stop_count":10,"origin_stop_name":"東陽町駅前","destination_stop_name":"錦糸町駅前","path_type":"odpt-busstop-order-shape","source_stop_count":10,"solve_stop_count":10,"snap_fallback":true}},{"type":"Feature","id":"shape-Higashi22-60204-1","geometry":{"type":"LineString","coordinates":[[139.814296,35.69589],[139.815312,35.694386],[139.815557,35.691907],[139.815767,35.689631],[139.81609,35.685825],[139.816185,35.682318],[139.816117,35.680368],[139.81606,35.678359],[139.816199,35.674683],[139.816397,35.672445],[139.816514,35.670604],[139.813518,35.669319],[139.811608,35.669242],[139.806562,35.669304],[139.803438,35.66942],[139.799886,35.670077],[139.79694,35.671379],[139.794104,35.672592],[139.792607,35.673274],[139.789403,35.675337],[139.785272,35.676884],[139.782981,35.678209],[139.779475,35.680074],[139.777401,35.680923],[139.774473,35.682095],[139.769086,35.683889],[139.765036,35.682228]]},"properties":{"route_id":"Higashi22","route_title":"東２２ 東京駅丸の内北口行","pattern_id":"60204","direction_id":"1","stop_count":27,"origin_stop_name":"錦糸町駅前","destination_stop_name":"東京駅丸の内北口","path_type":"odpt-busstop-order-shape","source_stop_count":27,"solve_stop_count":27,"snap_fallback":true}},{"type":"Feature","id":"shape-Higashi22-60204-2","geometry":{"type":"LineString","coordinates":[[139.765036,35.682228],[139.769273,35.684126],[139.774471,35.68233],[139.777683,35.68104],[139.780797,35.679742],[139.783148,35.678374],[139.785237,35.677162],[139.789545,35.675592],[139.792404,35.67361],[139.79562,35.672184],[139.797789,35.67125],[139.8,35.670276],[139.803514,35.669632],[139.805087,35.669565],[139.810303,35.669429],[139.813733,35.669555],[139.816311,35.670131],[139.816229,35.671641],[139.81594,35.675179],[139.815862,35.678518],[139.81592,35.680489],[139.816008,35.683388],[139.815825,35.686533],[139.815543,35.689679],[139.81541,35.691304],[139.813873,35.695761]]},"properties":{"route_id":"Higashi22","route_title":"東２２ 錦糸町駅前行","pattern_id":"60204","direction_id":"2","stop_count":26,"origin_stop_name":"東京駅丸の内北口","destination_stop_name":"錦糸町駅前","path_type":"odpt-busstop-order-shape","source_stop_count":26,"solve_stop_count":26,"snap_fallback":true}},{"type":"Feature","id":"shape-Mon33-60301-1","geometry":{"type":"LineString","coordinates":[[139.825077,35.698032],[139.825317,35.702253],[139.825351,35.705078],[139.820013,35.707225],[139.817247,35.708082],[139.812051,35.708873],[139.8091,35.708725],[139.802965,35.708414],[139.800245,35.707943],[139.798284,35.70673],[139.797046,35.702846],[139.797303,35.69965],[139.79757,35.696474],[139.797814,35.693911],[139.798096,35.690744],[139.79839,35.687618],[139.798574,35.68513],[139.798834,35.682577],[139.799118,35.680319],[139.798684,35.678894],[139.796991,35.676814],[139.796335,35.675528],[139.795978,35.673882],[139.794775,35.672039],[139.792269,35.669887],[139.786043,35.665177],[139.782204,35.662342],[139.780006,35.660813],[139.77709,35.658767],[139.775415,35.657631],[139.773291,35.656155],[139.771791,35.655172],[139.769529,35.653659]]},"properties":{"route_id":"Mon33","route_title":"門３３ 豊海水産埠頭行","pattern_id":"60301","direction_id":"1","stop_count":33,"origin_stop_name":"亀戸駅前","destination_stop_name":"豊海水産埠頭","path_type":"odpt-busstop-order-shape","source_stop_count":33,"solve_stop_count":33,"snap_fallback":true}},{"type":"Feature","id":"shape-Mon33-60301-2","geometry":{"type":"LineString","coordinates":[[139.769399,35.653795],[139.771121,35.655004],[139.772743,35.656117],[139.775707,35.658115],[139.778029,35.659714],[139.781815,35.662395],[139.785872,35.665343],[139.791413,35.669547],[139.795738,35.673969],[139.796667,35.676728],[139.798262,35.6787],[139.798818,35.680933],[139.798629,35.682424],[139.798273,35.6859],[139.798093,35.688703],[139.797916,35.690731],[139.797609,35.693792],[139.797274,35.6975],[139.797084,35.699672],[139.796829,35.703008],[139.798097,35.706844],[139.800767,35.708285],[139.802973,35.708631],[139.809198,35.708942],[139.812907,35.709137],[139.817434,35.708166],[139.819899,35.707425],[139.825882,35.704383],[139.825565,35.702463],[139.825403,35.697773]]},"properties":{"route_id":"Mon33","route_title":"門３３ 亀戸駅前行","pattern_id":"60301","direction_id":"2","stop_count":30,"origin_stop_name":"豊海水産埠頭","destination_stop_name":"亀戸駅前","path_type":"odpt-busstop-order-shape","source_stop_count":30,"solve_stop_count":30,"snap_fallback":true}},{"type":"Feature","id":"shape-Mon33-60303-2","geometry":{"type":"LineString","coordinates":[[139.795738,35.673969],[139.796667,35.676728],[139.798262,35.6787],[139.798818,35.680933],[139.798629,35.682424],[139.798273,35.6859],[139.798093,35.688703],[139.797916,35.690731],[139.797609,35.693792],[139.797274,35.6975],[139.797084,35.699672],[139.796829,35.703008],[139.798097,35.706844],[139.800767,35.708285],[139.802973,35.708631],[139.809198,35.708942],[139.812907,35.709137],[139.817434,35.708166],[139.819899,35.707425],[139.825882,35.704383],[139.825565,35.702463],[139.825403,35.697773]]},"properties":{"route_id":"Mon33","route_title":"門３３ 亀戸駅前行","pattern_id":"60303","direction_id":"2","stop_count":22,"origin_stop_name":"門前仲町","destination_stop_name":"亀戸駅前","path_type":"odpt-busstop-order-shape","source_stop_count":22,"solve_stop_count":22,"snap_fallback":true}},{"type":"Feature","id":"shape-Nishiki27-60501-1","geometry":{"type":"LineString","coordinates":[[139.881972,35.732515],[139.88157,35.72992],[139.881845,35.728152],[139.883534,35.725435],[139.883159,35.724512],[139.881439,35.722813],[139.877832,35.719469],[139.874884,35.71663],[139.871269,35.712594],[139.869916,35.711023],[139.86787,35.706995],[139.867026,35.702947],[139.863829,35.702103],[139.849785,35.699215],[139.847876,35.698555],[139.844265,35.697449],[139.839259,35.697163],[139.835512,35.696972],[139.832341,35.696843],[139.828669,35.696602],[139.824547,35.69642],[139.821023,35.696184],[139.817532,35.695691],[139.814114,35.695377],[139.809983,35.695118],[139.804714,35.69487],[139.800987,35.694595],[139.798478,35.694511],[139.797274,35.6975],[139.793971,35.699023],[139.792013,35.695008]]},"properties":{"route_id":"Nishiki27","route_title":"錦２７ 両国駅前行","pattern_id":"60501","direction_id":"1","stop_count":31,"origin_stop_name":"小岩駅前","destination_stop_name":"両国駅前","path_type":"odpt-busstop-order-shape","source_stop_count":31,"solve_stop_count":31,"snap_fallback":true}},{"type":"Feature","id":"shape-Nishiki27-60501-2","geometry":{"type":"LineString","coordinates":[[139.792013,35.695008],[139.793059,35.694361],[139.795376,35.69449],[139.798581,35.694695],[139.802098,35.69487],[139.806443,35.695131],[139.810308,35.695455],[139.814407,35.695721],[139.817638,35.696105],[139.820808,35.696473],[139.824902,35.696694],[139.828993,35.696897],[139.830976,35.697043],[139.835754,35.697246],[139.83939,35.697404],[139.844165,35.697775],[139.846558,35.69851],[139.849799,35.699437],[139.864895,35.702628],[139.866373,35.703023],[139.867657,35.707633],[139.869558,35.710831],[139.870894,35.712358],[139.873707,35.715619],[139.878007,35.719835],[139.881206,35.722754],[139.88319,35.725559],[139.881631,35.728537],[139.881365,35.730467],[139.881605,35.732613]]},"properties":{"route_id":"Nishiki27","route_title":"錦２７ 小岩駅前行","pattern_id":"60501","direction_id":"2","stop_count":30,"origin_stop_name":"両国駅前","destination_stop_name":"小岩駅前","path_type":"odpt-busstop-order-shape","source_stop_count":30,"solve_stop_count":30,"snap_fallback":true}},{"type":"Feature","id":"shape-Nishiki27-60502-1","geometry":{"type":"LineString","coordinates":[[139.881972,35.732515],[139.88157,35.72992],[139.881845,35.728152],[139.883534,35.725435],[139.883159,35.724512],[139.881439,35.722813],[139.877832,35.719469],[139.874884,35.71663],[139.871269,35.712594],[139.869916,35.711023],[139.86787,35.706995],[139.867026,35.702947],[139.863829,35.702103],[139.849785,35.699215],[139.847876,35.698555],[139.844265,35.697449],[139.839259,35.697163],[139.835512,35.696972],[139.832341,35.696843],[139.828669,35.696602],[139.824547,35.69642],[139.821023,35.696184],[139.817532,35.695691],[139.814407,35.695721]]},"properties":{"route_id":"Nishiki27","route_title":"錦２７ 錦糸町駅前行","pattern_id":"60502","direction_id":"1","stop_count":24,"origin_stop_name":"小岩駅前","destination_stop_name":"錦糸町駅前","path_type":"odpt-busstop-order-shape","source_stop_count":24,"solve_stop_count":24,"snap_fallback":true}},{"type":"Feature","id":"shape-Nishiki27-60502-2","geometry":{"type":"LineString","coordinates":[[139.814407,35.695721],[139.817638,35.696105],[139.820808,35.696473],[139.824902,35.696694],[139.828993,35.696897],[139.830976,35.697043],[139.835754,35.697246],[139.83939,35.697404],[139.844165,35.697775],[139.846558,35.69851],[139.849799,35.699437],[139.864895,35.702628],[139.866373,35.703023],[139.867657,35.707633],[139.869558,35.710831],[139.870894,35.712358],[139.873707,35.715619],[139.878007,35.719835],[139.881206,35.722754],[139.88319,35.725559],[139.881631,35.728537],[139.881365,35.730467],[139.881605,35.732613]]},"properties":{"route_id":"Nishiki27","route_title":"錦２７ 小岩駅前行","pattern_id":"60502","direction_id":"2","stop_count":23,"origin_stop_name":"錦糸町駅前","destination_stop_name":"小岩駅前","path_type":"odpt-busstop-order-shape","source_stop_count":23,"solve_stop_count":23,"snap_fallback":true}},{"type":"Feature","id":"shape-Kame23-60701-3","geometry":{"type":"LineString","coordinates":[[139.825797,35.697888],[139.825938,35.695691],[139.826168,35.69245],[139.826491,35.688674],[139.826614,35.687431],[139.829707,35.683933],[139.832826,35.684154],[139.836061,35.683501],[139.835653,35.682087],[139.834765,35.679141],[139.834074,35.676792],[139.833391,35.674461],[139.832404,35.671209],[139.831534,35.669184],[139.830661,35.667229],[139.833546,35.66429],[139.834188,35.665158],[139.834439,35.666362],[139.833071,35.666742],[139.831324,35.669219],[139.832113,35.671047],[139.833314,35.675066],[139.833927,35.676986],[139.834676,35.679526],[139.83536,35.681892],[139.835934,35.683933],[139.832254,35.683994],[139.829274,35.683855],[139.826407,35.687379],[139.826184,35.690002],[139.825965,35.692559],[139.825696,35.695927],[139.825244,35.6979]]},"properties":{"route_id":"Kame23","route_title":"亀２３ 亀戸駅前行","pattern_id":"60701","direction_id":"3","stop_count":33,"origin_stop_name":"亀戸駅前","destination_stop_name":"亀戸駅前","path_type":"odpt-busstop-order-shape","source_stop_count":33,"solve_stop_count":33,"snap_fallback":true}},{"type":"Feature","id":"shape-Kame23-60702-1","geometry":{"type":"LineString","coordinates":[[139.825797,35.697888],[139.825938,35.695691],[139.826168,35.69245],[139.826491,35.688674],[139.826614,35.687431],[139.829707,35.683933],[139.832826,35.684154],[139.836061,35.683501],[139.835653,35.682087],[139.834765,35.679141],[139.834074,35.676792],[139.833391,35.674461],[139.832404,35.671209],[139.831534,35.669184]]},"properties":{"route_id":"Kame23","route_title":"亀２３ 南砂町駅前行","pattern_id":"60702","direction_id":"1","stop_count":14,"origin_stop_name":"亀戸駅前","destination_stop_name":"南砂町駅前","path_type":"odpt-busstop-order-shape","source_stop_count":14,"solve_stop_count":14,"snap_fallback":true}},{"type":"Feature","id":"shape-Kame23-60702-2","geometry":{"type":"LineString","coordinates":[[139.831324,35.669219],[139.832113,35.671047],[139.833314,35.675066],[139.833927,35.676986],[139.834676,35.679526],[139.83536,35.681892],[139.835934,35.683933],[139.832254,35.683994],[139.829274,35.683855],[139.826407,35.687379],[139.826184,35.690002],[139.825965,35.692559],[139.825696,35.695927],[139.825244,35.6979]]},"properties":{"route_id":"Kame23","route_title":"亀２３ 亀戸駅前行","pattern_id":"60702","direction_id":"2","stop_count":14,"origin_stop_name":"南砂町駅前","destination_stop_name":"亀戸駅前","path_type":"odpt-busstop-order-shape","source_stop_count":14,"solve_stop_count":14,"snap_fallback":true}},{"type":"Feature","id":"shape-Nishiki18-60901-1","geometry":{"type":"LineString","coordinates":[[139.814529,35.695894],[139.817638,35.696105],[139.820808,35.696473],[139.825938,35.695691],[139.826168,35.69245],[139.826474,35.688918],[139.826614,35.687431],[139.827566,35.681837],[139.827578,35.679554],[139.82715,35.676604],[139.826626,35.673352],[139.826125,35.671081],[139.824875,35.66534],[139.823837,35.66273],[139.82395,35.660899],[139.824133,35.658434],[139.825201,35.649828],[139.826257,35.64564]]},"properties":{"route_id":"Nishiki18","route_title":"錦１８ 新木場駅前（構内）行","pattern_id":"60901","direction_id":"1","stop_count":18,"origin_stop_name":"錦糸町駅前","destination_stop_name":"新木場駅前（構内）","path_type":"odpt-busstop-order-shape","source_stop_count":18,"solve_stop_count":18,"snap_fallback":true}},{"type":"Feature","id":"shape-Nishiki18-60901-2","geometry":{"type":"LineString","coordinates":[[139.826369,35.645264],[139.825462,35.645613],[139.82497,35.649533],[139.823848,35.658597],[139.823717,35.66019],[139.824916,35.665618],[139.825836,35.670773],[139.826296,35.672727],[139.826914,35.676303],[139.827315,35.678991],[139.827333,35.681886],[139.826407,35.687379],[139.826184,35.690002],[139.825965,35.692559],[139.825696,35.695927],[139.821023,35.696184],[139.817532,35.695691],[139.813873,35.695761]]},"properties":{"route_id":"Nishiki18","route_title":"錦１８ 錦糸町駅前行","pattern_id":"60901","direction_id":"2","stop_count":18,"origin_stop_name":"新木場駅前（構内）","destination_stop_name":"錦糸町駅前","path_type":"odpt-busstop-order-shape","source_stop_count":18,"solve_stop_count":18,"snap_fallback":true}},{"type":"Feature","id":"shape-Nishiki18-60902-1","geometry":{"type":"LineString","coordinates":[[139.825938,35.695691],[139.826168,35.69245],[139.826474,35.688918],[139.826614,35.687431],[139.827566,35.681837],[139.827578,35.679554],[139.82715,35.676604],[139.826626,35.673352],[139.826125,35.671081],[139.824875,35.66534],[139.823837,35.66273],[139.82395,35.660899],[139.824133,35.658434],[139.825201,35.649828],[139.826257,35.64564]]},"properties":{"route_id":"Nishiki18","route_title":"錦１８ 新木場駅前（構内）行","pattern_id":"60902","direction_id":"1","stop_count":15,"origin_stop_name":"亀戸駅通り","destination_stop_name":"新木場駅前（構内）","path_type":"odpt-busstop-order-shape","source_stop_count":15,"solve_stop_count":15,"snap_fallback":true}},{"type":"Feature","id":"shape-Shinko21-61102-2","geometry":{"type":"LineString","coordinates":[[139.864282,35.683409],[139.864386,35.68529],[139.864545,35.688313]]},"properties":{"route_id":"Shinko21","route_title":"新小２１ 東小松川車庫前行","pattern_id":"61102","direction_id":"2","stop_count":3,"origin_stop_name":"船堀駅前","destination_stop_name":"東小松川車庫前","path_type":"odpt-busstop-order-shape","source_stop_count":3,"solve_stop_count":3,"snap_fallback":true}},{"type":"Feature","id":"shape-Kyuukou06-61202-1","geometry":{"type":"LineString","coordinates":[[139.79839,35.687618],[139.799118,35.680319],[139.794775,35.672039],[139.795894,35.653926],[139.78699,35.6464],[139.791363,35.630019],[139.781565,35.624645],[139.776037,35.619297]]},"properties":{"route_id":"Kyuukou06","route_title":"急行０６ 日本科学未来館行","pattern_id":"61202","direction_id":"1","stop_count":8,"origin_stop_name":"森下駅前","destination_stop_name":"日本科学未来館","path_type":"odpt-busstop-order-shape","source_stop_count":8,"solve_stop_count":8,"snap_fallback":true}},{"type":"Feature","id":"shape-Kyuukou05-61002-2","geometry":{"type":"LineString","coordinates":[[139.825462,35.645613],[139.82497,35.649533],[139.823848,35.658597],[139.823717,35.66019],[139.824916,35.665618],[139.825836,35.670773],[139.826296,35.672727],[139.826914,35.676303],[139.827315,35.678991],[139.827333,35.681886],[139.826407,35.687379],[139.826184,35.690002],[139.825965,35.692559],[139.825696,35.695927],[139.821023,35.696184],[139.817532,35.695691],[139.813873,35.695761]]},"properties":{"route_id":"Kyuukou05","route_title":"急行０５ 錦糸町駅前行","pattern_id":"61002","direction_id":"2","stop_count":17,"origin_stop_name":"新木場駅前（明治通り）","destination_stop_name":"錦糸町駅前","path_type":"odpt-busstop-order-shape","source_stop_count":17,"solve_stop_count":17,"snap_fallback":true}},{"type":"Feature","id":"shape-Kyuukou05-61003-1","geometry":{"type":"LineString","coordinates":[[139.814529,35.695894],[139.817638,35.696105],[139.820808,35.696473],[139.825938,35.695691],[139.826168,35.69245],[139.826474,35.688918],[139.826614,35.687431],[139.827566,35.681837],[139.827578,35.679554],[139.82715,35.676604],[139.826626,35.673352],[139.826125,35.671081],[139.824875,35.66534],[139.823837,35.66273],[139.82395,35.660899],[139.824133,35.658434],[139.825201,35.649828],[139.826369,35.645264],[139.794457,35.631695],[139.791363,35.630019],[139.781565,35.624645],[139.774762,35.621057],[139.776037,35.619297]]},"properties":{"route_id":"Kyuukou05","route_title":"急行０５ 日本科学未来館行","pattern_id":"61003","direction_id":"1","stop_count":23,"origin_stop_name":"錦糸町駅前","destination_stop_name":"日本科学未来館","path_type":"odpt-busstop-order-shape","source_stop_count":23,"solve_stop_count":23,"snap_fallback":true}},{"type":"Feature","id":"shape-Kyuukou05-61003-2","geometry":{"type":"LineString","coordinates":[[139.776037,35.619297],[139.77524,35.618961],[139.776382,35.617548],[139.778878,35.617403],[139.781227,35.624911],[139.79141,35.630418],[139.794351,35.632003],[139.825462,35.645613],[139.82497,35.649533],[139.823848,35.658597],[139.823717,35.66019],[139.824916,35.665618],[139.825836,35.670773],[139.826296,35.672727],[139.826914,35.676303],[139.827315,35.678991],[139.827333,35.681886],[139.826407,35.687379],[139.826184,35.690002],[139.825965,35.692559],[139.825696,35.695927],[139.821023,35.696184],[139.817532,35.695691],[139.813873,35.695761]]},"properties":{"route_id":"Kyuukou05","route_title":"急行０５ 錦糸町駅前行","pattern_id":"61003","direction_id":"2","stop_count":24,"origin_stop_name":"日本科学未来館","destination_stop_name":"錦糸町駅前","path_type":"odpt-busstop-order-shape","source_stop_count":24,"solve_stop_count":24,"snap_fallback":true}},{"type":"Feature","id":"shape-Kyuukou05-61006-1","geometry":{"type":"LineString","coordinates":[[139.825938,35.695691],[139.826168,35.69245],[139.826474,35.688918],[139.826614,35.687431],[139.827566,35.681837],[139.827578,35.679554],[139.82715,35.676604],[139.826626,35.673352],[139.826125,35.671081],[139.824875,35.66534],[139.823837,35.66273],[139.82395,35.660899],[139.824133,35.658434],[139.825201,35.649828],[139.826369,35.645264],[139.794457,35.631695],[139.791363,35.630019],[139.781565,35.624645],[139.774762,35.621057],[139.776037,35.619297]]},"properties":{"route_id":"Kyuukou05","route_title":"急行０５ 日本科学未来館行","pattern_id":"61006","direction_id":"1","stop_count":20,"origin_stop_name":"亀戸駅通り","destination_stop_name":"日本科学未来館","path_type":"odpt-busstop-order-shape","source_stop_count":20,"solve_stop_count":20,"snap_fallback":true}},{"type":"Feature","id":"shape-Kyuukou05-61007-2","geometry":{"type":"LineString","coordinates":[[139.79141,35.630418],[139.794351,35.632003],[139.825462,35.645613],[139.82497,35.649533],[139.823848,35.658597],[139.823717,35.66019],[139.824916,35.665618],[139.825836,35.670773],[139.826296,35.672727],[139.826914,35.676303],[139.827315,35.678991],[139.827333,35.681886],[139.826407,35.687379],[139.826184,35.690002],[139.825965,35.692559],[139.825696,35.695927],[139.821023,35.696184],[139.817532,35.695691],[139.813873,35.695761]]},"properties":{"route_id":"Kyuukou05","route_title":"急行０５ 錦糸町駅前行","pattern_id":"61007","direction_id":"2","stop_count":19,"origin_stop_name":"東京ビッグサイト駅前","destination_stop_name":"錦糸町駅前","path_type":"odpt-busstop-order-shape","source_stop_count":19,"solve_stop_count":19,"snap_fallback":true}},{"type":"Feature","id":"shape-Kyuukou05-61008-1","geometry":{"type":"LineString","coordinates":[[139.825938,35.695691],[139.826168,35.69245],[139.826474,35.688918],[139.826614,35.687431],[139.827566,35.681837],[139.827578,35.679554],[139.82715,35.676604],[139.826626,35.673352],[139.826125,35.671081],[139.824875,35.66534],[139.823837,35.66273],[139.82395,35.660899],[139.824133,35.658434],[139.825201,35.649828],[139.826369,35.645264]]},"properties":{"route_id":"Kyuukou05","route_title":"急行０５ 新木場駅前（構内）行","pattern_id":"61008","direction_id":"1","stop_count":15,"origin_stop_name":"亀戸駅通り","destination_stop_name":"新木場駅前（構内）","path_type":"odpt-busstop-order-shape","source_stop_count":15,"solve_stop_count":15,"snap_fallback":true}},{"type":"Feature","id":"shape-Nishiki27-2-61101-1","geometry":{"type":"LineString","coordinates":[[139.881972,35.732515],[139.88157,35.72992],[139.881845,35.728152],[139.883534,35.725435],[139.883159,35.724512],[139.881439,35.722813],[139.877832,35.719469],[139.874884,35.71663],[139.871269,35.712594],[139.869916,35.711023],[139.86787,35.706995],[139.868032,35.702316],[139.867917,35.699442],[139.867823,35.695117],[139.867698,35.691882],[139.866706,35.689283],[139.864282,35.683409]]},"properties":{"route_id":"Nishiki27-2","route_title":"錦２７－２ 船堀駅前行","pattern_id":"61101","direction_id":"1","stop_count":17,"origin_stop_name":"小岩駅前","destination_stop_name":"船堀駅前","path_type":"odpt-busstop-order-shape","source_stop_count":17,"solve_stop_count":17,"snap_fallback":true}},{"type":"Feature","id":"shape-Nishiki27-2-61101-2","geometry":{"type":"LineString","coordinates":[[139.864282,35.683409],[139.864386,35.68529],[139.866222,35.688716],[139.867605,35.693046],[139.867693,35.695301],[139.867792,35.699779],[139.867867,35.701884],[139.867657,35.707633],[139.869558,35.710831],[139.870894,35.712358],[139.873707,35.715619],[139.878007,35.719835],[139.881206,35.722754],[139.88319,35.725559],[139.881631,35.728537],[139.881365,35.730467],[139.881605,35.732613]]},"properties":{"route_id":"Nishiki27-2","route_title":"錦２７－２ 小岩駅前行","pattern_id":"61101","direction_id":"2","stop_count":17,"origin_stop_name":"船堀駅前","destination_stop_name":"小岩駅前","path_type":"odpt-busstop-order-shape","source_stop_count":17,"solve_stop_count":17,"snap_fallback":true}},{"type":"Feature","id":"shape-Kame26-64001-1","geometry":{"type":"LineString","coordinates":[[139.887548,35.683459],[139.88401,35.686156],[139.88096,35.688564],[139.879246,35.689868],[139.876555,35.691909],[139.873715,35.694027],[139.871309,35.695842],[139.868219,35.698131],[139.867867,35.701884],[139.863829,35.702103],[139.849785,35.699215],[139.847876,35.698555],[139.844265,35.697449],[139.839259,35.697163],[139.835512,35.696972],[139.832341,35.696843],[139.828669,35.696602],[139.825244,35.6979]]},"properties":{"route_id":"Kame26","route_title":"亀２６ 亀戸駅前行","pattern_id":"64001","direction_id":"1","stop_count":18,"origin_stop_name":"今井","destination_stop_name":"亀戸駅前","path_type":"odpt-busstop-order-shape","source_stop_count":18,"solve_stop_count":18,"snap_fallback":true}},{"type":"Feature","id":"shape-Kame26-64001-2","geometry":{"type":"LineString","coordinates":[[139.825987,35.697914],[139.828993,35.696897],[139.830976,35.697043],[139.835754,35.697246],[139.83939,35.697404],[139.844165,35.697775],[139.846558,35.69851],[139.849799,35.699437],[139.864895,35.702628],[139.868032,35.702316],[139.867917,35.699442],[139.870607,35.696469],[139.872556,35.695008],[139.876165,35.692304],[139.878412,35.690603],[139.881994,35.687887],[139.883569,35.685966],[139.887548,35.683459]]},"properties":{"route_id":"Kame26","route_title":"亀２６ 今井行","pattern_id":"64001","direction_id":"2","stop_count":18,"origin_stop_name":"亀戸駅前","destination_stop_name":"今井","path_type":"odpt-busstop-order-shape","source_stop_count":18,"solve_stop_count":18,"snap_fallback":true}},{"type":"Feature","id":"shape-Aki26-64101-1","geometry":{"type":"LineString","coordinates":[[139.872702,35.663144],[139.871042,35.667915],[139.867471,35.66847],[139.864301,35.668963],[139.85798,35.669895],[139.855077,35.67036],[139.84074,35.67267],[139.839236,35.675486],[139.83728,35.675737],[139.834696,35.676031],[139.830105,35.676654],[139.828929,35.676769],[139.824077,35.67878],[139.822482,35.680677],[139.819711,35.682516],[139.81516,35.682899],[139.811648,35.682671],[139.807344,35.68244],[139.802942,35.682191],[139.799117,35.681939],[139.795494,35.681773],[139.78941,35.684082],[139.78748,35.685121],[139.783847,35.684388],[139.781746,35.686731],[139.781086,35.687509],[139.778956,35.690043],[139.777245,35.692237],[139.771528,35.691793],[139.77024,35.69496],[139.773649,35.698846]]},"properties":{"route_id":"Aki26","route_title":"秋２６ 秋葉原駅前行","pattern_id":"64101","direction_id":"1","stop_count":31,"origin_stop_name":"葛西駅前","destination_stop_name":"秋葉原駅前","path_type":"odpt-busstop-order-shape","source_stop_count":31,"solve_stop_count":31,"snap_fallback":true}},{"type":"Feature","id":"shape-Aki26-64101-2","geometry":{"type":"LineString","coordinates":[[139.773649,35.698846],[139.77081,35.696305],[139.770944,35.693876],[139.772958,35.693662],[139.776409,35.695657],[139.78008,35.694848],[139.781663,35.693184],[139.78394,35.691162],[139.786831,35.6876],[139.787919,35.686219],[139.789309,35.684486],[139.795162,35.681893],[139.797905,35.682062],[139.80267,35.682329],[139.807009,35.682588],[139.81098,35.68281],[139.815629,35.683089],[139.819294,35.682902],[139.822539,35.680891],[139.824375,35.678703],[139.827868,35.677089],[139.83109,35.6767],[139.834491,35.676283],[139.83822,35.675786],[139.840593,35.674959],[139.840828,35.67291],[139.854036,35.670707],[139.857611,35.670171],[139.862034,35.669494],[139.866864,35.668758],[139.873508,35.666699],[139.873351,35.66394]]},"properties":{"route_id":"Aki26","route_title":"秋２６ 葛西駅前行","pattern_id":"64101","direction_id":"2","stop_count":32,"origin_stop_name":"秋葉原駅前","destination_stop_name":"葛西駅前","path_type":"odpt-busstop-order-shape","source_stop_count":32,"solve_stop_count":32,"snap_fallback":true}},{"type":"Feature","id":"shape-Aki26-64102-1","geometry":{"type":"LineString","coordinates":[[139.872702,35.663144],[139.871042,35.667915],[139.867471,35.66847],[139.864301,35.668963],[139.85798,35.669895],[139.855077,35.67036],[139.84074,35.67267],[139.839236,35.675486],[139.83728,35.675737],[139.834696,35.676031],[139.830105,35.676654],[139.828929,35.676769],[139.824077,35.67878],[139.822482,35.680677],[139.819711,35.682516],[139.81516,35.682899],[139.811648,35.682671],[139.807344,35.68244],[139.802942,35.682191],[139.799117,35.681939],[139.795494,35.681773],[139.78941,35.684082],[139.78748,35.685121],[139.783847,35.684388],[139.781746,35.686731],[139.781086,35.687509],[139.778956,35.690043],[139.777245,35.692237],[139.773649,35.698846]]},"properties":{"route_id":"Aki26","route_title":"秋２６ 秋葉原駅前行","pattern_id":"64102","direction_id":"1","stop_count":29,"origin_stop_name":"葛西駅前","destination_stop_name":"秋葉原駅前","path_type":"odpt-busstop-order-shape","source_stop_count":29,"solve_stop_count":29,"snap_fallback":true}},{"type":"Feature","id":"shape-Aki26-64102-2","geometry":{"type":"LineString","coordinates":[[139.773649,35.698846],[139.776409,35.695657],[139.78008,35.694848],[139.781663,35.693184],[139.78394,35.691162],[139.786831,35.6876],[139.787919,35.686219],[139.789309,35.684486],[139.795162,35.681893],[139.797905,35.682062],[139.80267,35.682329],[139.807009,35.682588],[139.81098,35.68281],[139.815629,35.683089],[139.819294,35.682902],[139.822539,35.680891],[139.824375,35.678703],[139.827868,35.677089],[139.83109,35.6767],[139.834491,35.676283],[139.83822,35.675786],[139.840593,35.674959],[139.840828,35.67291],[139.854036,35.670707],[139.857611,35.670171],[139.862034,35.669494],[139.866864,35.668758],[139.873508,35.666699],[139.873351,35.66394]]},"properties":{"route_id":"Aki26","route_title":"秋２６ 葛西駅前行","pattern_id":"64102","direction_id":"2","stop_count":29,"origin_stop_name":"秋葉原駅前","destination_stop_name":"葛西駅前","path_type":"odpt-busstop-order-shape","source_stop_count":29,"solve_stop_count":29,"snap_fallback":true}},{"type":"Feature","id":"shape-Aki26-64103-1","geometry":{"type":"LineString","coordinates":[[139.839236,35.675486],[139.83728,35.675737],[139.834696,35.676031],[139.830105,35.676654],[139.828929,35.676769],[139.824077,35.67878],[139.822482,35.680677],[139.819711,35.682516],[139.81516,35.682899],[139.811648,35.682671],[139.807344,35.68244],[139.802942,35.682191],[139.799117,35.681939],[139.795494,35.681773],[139.78941,35.684082],[139.78748,35.685121],[139.783847,35.684388],[139.781746,35.686731],[139.781086,35.687509],[139.778956,35.690043],[139.777245,35.692237],[139.771528,35.691793],[139.77024,35.69496],[139.773649,35.698846]]},"properties":{"route_id":"Aki26","route_title":"秋２６ 秋葉原駅前行","pattern_id":"64103","direction_id":"1","stop_count":24,"origin_stop_name":"旧葛西橋","destination_stop_name":"秋葉原駅前","path_type":"odpt-busstop-order-shape","source_stop_count":24,"solve_stop_count":24,"snap_fallback":true}},{"type":"Feature","id":"shape-Hira23-64201-1","geometry":{"type":"LineString","coordinates":[[139.872709,35.663254],[139.873145,35.666866],[139.871979,35.670629],[139.87175,35.673441],[139.871054,35.675499],[139.872278,35.67859],[139.874778,35.682855],[139.877141,35.687236],[139.878553,35.690391],[139.876555,35.691909],[139.873715,35.694027],[139.871309,35.695842],[139.867792,35.699779],[139.867867,35.701884],[139.863829,35.702103],[139.848643,35.699892],[139.846763,35.703439],[139.843044,35.706366],[139.842209,35.706699]]},"properties":{"route_id":"Hira23","route_title":"平２３ 平井駅前行","pattern_id":"64201","direction_id":"1","stop_count":19,"origin_stop_name":"葛西駅前","destination_stop_name":"平井駅前","path_type":"odpt-busstop-order-shape","source_stop_count":19,"solve_stop_count":19,"snap_fallback":true}},{"type":"Feature","id":"shape-Hira23-64201-2","geometry":{"type":"LineString","coordinates":[[139.842209,35.706699],[139.845066,35.706708],[139.847357,35.70259],[139.849799,35.699437],[139.864895,35.702628],[139.868032,35.702316],[139.867917,35.699442],[139.870607,35.696469],[139.872556,35.695008],[139.876165,35.692304],[139.878412,35.690603],[139.87714,35.686976],[139.875011,35.683058],[139.872504,35.67864],[139.871315,35.6756],[139.871976,35.673159],[139.872217,35.671341],[139.873508,35.666699],[139.873351,35.66394]]},"properties":{"route_id":"Hira23","route_title":"平２３ 葛西駅前行","pattern_id":"64201","direction_id":"2","stop_count":19,"origin_stop_name":"平井駅前","destination_stop_name":"葛西駅前","path_type":"odpt-busstop-order-shape","source_stop_count":19,"solve_stop_count":19,"snap_fallback":true}},{"type":"Feature","id":"shape-Hira23-64202-2","geometry":{"type":"LineString","coordinates":[[139.870607,35.696469],[139.872556,35.695008],[139.876165,35.692304],[139.878412,35.690603],[139.87714,35.686976],[139.875011,35.683058],[139.872504,35.67864],[139.871315,35.6756],[139.871976,35.673159],[139.872217,35.671341],[139.873508,35.666699],[139.873351,35.66394]]},"properties":{"route_id":"Hira23","route_title":"平２３ 葛西駅前行","pattern_id":"64202","direction_id":"2","stop_count":12,"origin_stop_name":"松江","destination_stop_name":"葛西駅前","path_type":"odpt-busstop-order-shape","source_stop_count":12,"solve_stop_count":12,"snap_fallback":true}},{"type":"Feature","id":"shape-Hira23-64203-1","geometry":{"type":"LineString","coordinates":[[139.867792,35.699779],[139.867867,35.701884],[139.863829,35.702103],[139.848643,35.699892],[139.846763,35.703439],[139.843044,35.706366],[139.842209,35.706699]]},"properties":{"route_id":"Hira23","route_title":"平２３ 平井駅前行","pattern_id":"64203","direction_id":"1","stop_count":7,"origin_stop_name":"東小松川一丁目","destination_stop_name":"平井駅前","path_type":"odpt-busstop-order-shape","source_stop_count":7,"solve_stop_count":7,"snap_fallback":true}},{"type":"Feature","id":"shape-Kusa24-64301-2","geometry":{"type":"LineString","coordinates":[[139.793101,35.709161],[139.795039,35.711142],[139.798284,35.70673],[139.797543,35.703708],[139.801233,35.703764],[139.804241,35.703888],[139.809688,35.704166],[139.813699,35.704389],[139.814759,35.701693],[139.818043,35.701408],[139.821124,35.701575],[139.825481,35.701115],[139.825773,35.698027],[139.825939,35.695828],[139.826168,35.69245],[139.826915,35.689432],[139.829457,35.689354],[139.833509,35.689676],[139.837294,35.690046],[139.842612,35.690558],[139.844792,35.68997],[139.845478,35.689942]]},"properties":{"route_id":"Kusa24","route_title":"草２４ 東大島駅前行","pattern_id":"64301","direction_id":"2","stop_count":22,"origin_stop_name":"浅草寿町","destination_stop_name":"東大島駅前","path_type":"odpt-busstop-order-shape","source_stop_count":22,"solve_stop_count":22,"snap_fallback":true}},{"type":"Feature","id":"shape-Kusa24-64302-1","geometry":{"type":"LineString","coordinates":[[139.825508,35.69804],[139.824623,35.701586],[139.820349,35.701353],[139.817424,35.701236],[139.814537,35.701775],[139.81436,35.703867],[139.809547,35.704038],[139.805107,35.703838],[139.800658,35.703639],[139.796956,35.704042],[139.798097,35.706844],[139.799405,35.709315],[139.796312,35.71022],[139.794975,35.708837],[139.793175,35.709147]]},"properties":{"route_id":"Kusa24","route_title":"草２４ 浅草寿町行","pattern_id":"64302","direction_id":"1","stop_count":15,"origin_stop_name":"亀戸駅前","destination_stop_name":"浅草寿町","path_type":"odpt-busstop-order-shape","source_stop_count":15,"solve_stop_count":15,"snap_fallback":true}},{"type":"Feature","id":"shape-Kusa24-64302-2","geometry":{"type":"LineString","coordinates":[[139.793101,35.709161],[139.795039,35.711142],[139.798284,35.70673],[139.797543,35.703708],[139.801233,35.703764],[139.804241,35.703888],[139.809688,35.704166],[139.813699,35.704389],[139.814759,35.701693],[139.818043,35.701408],[139.821124,35.701575],[139.825481,35.701115],[139.825773,35.698027]]},"properties":{"route_id":"Kusa24","route_title":"草２４ 亀戸駅前行","pattern_id":"64302","direction_id":"2","stop_count":13,"origin_stop_name":"浅草寿町","destination_stop_name":"亀戸駅前","path_type":"odpt-busstop-order-shape","source_stop_count":13,"solve_stop_count":13,"snap_fallback":true}},{"type":"Feature","id":"shape-Kusa24-64303-2","geometry":{"type":"LineString","coordinates":[[139.793101,35.709161],[139.795039,35.711142],[139.798284,35.70673],[139.797543,35.703708],[139.801233,35.703764],[139.804241,35.703888],[139.809688,35.704166],[139.813699,35.704389],[139.814759,35.701693],[139.818043,35.701408],[139.821124,35.701575],[139.825481,35.701115],[139.825773,35.698027],[139.825939,35.695828],[139.826168,35.69245],[139.826915,35.689432],[139.829457,35.689354],[139.833509,35.689676],[139.837294,35.690046],[139.842612,35.690558],[139.844792,35.68997],[139.845478,35.689942]]},"properties":{"route_id":"Kusa24","route_title":"草２４ 東大島駅前行","pattern_id":"64303","direction_id":"2","stop_count":22,"origin_stop_name":"浅草寿町","destination_stop_name":"東大島駅前","path_type":"odpt-busstop-order-shape","source_stop_count":22,"solve_stop_count":22,"snap_fallback":true}},{"type":"Feature","id":"shape-Kusa24-64306-1","geometry":{"type":"LineString","coordinates":[[139.845895,35.690101],[139.843559,35.690447],[139.842344,35.69038],[139.838489,35.689998],[139.833595,35.689563],[139.829096,35.689202],[139.826184,35.690002],[139.825965,35.692559],[139.825696,35.695927],[139.825508,35.69804],[139.820349,35.701353],[139.817424,35.701236],[139.814537,35.701775],[139.81436,35.703867],[139.809547,35.704038],[139.805107,35.703838],[139.800658,35.703639],[139.796956,35.704042],[139.798097,35.706844],[139.799405,35.709315],[139.796312,35.71022],[139.794975,35.708837],[139.793175,35.709147]]},"properties":{"route_id":"Kusa24","route_title":"草２４ 浅草寿町行","pattern_id":"64306","direction_id":"1","stop_count":23,"origin_stop_name":"東大島駅前","destination_stop_name":"浅草寿町","path_type":"odpt-busstop-order-shape","source_stop_count":23,"solve_stop_count":23,"snap_fallback":true}},{"type":"Feature","id":"shape-Kusa24-64306-2","geometry":{"type":"LineString","coordinates":[[139.793101,35.709161],[139.795039,35.711142],[139.798284,35.70673],[139.797543,35.703708],[139.801233,35.703764],[139.804241,35.703888],[139.809688,35.704166],[139.813699,35.704389],[139.814759,35.701693],[139.818043,35.701408],[139.821124,35.701575],[139.825773,35.698027],[139.825939,35.695828],[139.826168,35.69245],[139.826915,35.689432],[139.829457,35.689354],[139.833509,35.689676],[139.837294,35.690046],[139.842612,35.690558],[139.844792,35.68997],[139.845478,35.689942]]},"properties":{"route_id":"Kusa24","route_title":"草２４ 東大島駅前行","pattern_id":"64306","direction_id":"2","stop_count":21,"origin_stop_name":"浅草寿町","destination_stop_name":"東大島駅前","path_type":"odpt-busstop-order-shape","source_stop_count":21,"solve_stop_count":21,"snap_fallback":true}},{"type":"Feature","id":"shape-Shinko20-64401-1","geometry":{"type":"LineString","coordinates":[[139.865192,35.724899],[139.863123,35.723446],[139.860678,35.721738],[139.858683,35.720352],[139.858385,35.717904],[139.861521,35.717835],[139.865082,35.719843],[139.865975,35.720163],[139.867314,35.720248],[139.867974,35.722562],[139.870128,35.724168],[139.872187,35.725281],[139.873763,35.723318],[139.877003,35.719909],[139.878397,35.715917],[139.879165,35.712605],[139.879485,35.710066],[139.880741,35.705987],[139.881159,35.704475],[139.88188,35.700616],[139.882329,35.69693],[139.882637,35.693795],[139.883082,35.690099],[139.883756,35.685932]]},"properties":{"route_id":"Shinko20","route_title":"新小２０ 一之江駅前行","pattern_id":"64401","direction_id":"1","stop_count":24,"origin_stop_name":"東新小岩四丁目","destination_stop_name":"一之江駅前","path_type":"odpt-busstop-order-shape","source_stop_count":24,"solve_stop_count":24,"snap_fallback":true}},{"type":"Feature","id":"shape-Shinko20-64401-2","geometry":{"type":"LineString","coordinates":[[139.883756,35.685932],[139.882641,35.69108],[139.882403,35.693641],[139.881791,35.698359],[139.881445,35.701473],[139.880842,35.704348],[139.880213,35.70698],[139.87988,35.709404],[139.878821,35.712694],[139.878152,35.715538],[139.876687,35.719818],[139.873591,35.723164],[139.872034,35.724828],[139.870523,35.724213],[139.867896,35.722118],[139.867286,35.719886],[139.865878,35.7201],[139.864891,35.719485],[139.861153,35.717571],[139.857822,35.718294],[139.858164,35.720214],[139.860495,35.721857],[139.862072,35.722957],[139.866068,35.724825]]},"properties":{"route_id":"Shinko20","route_title":"新小２０ 東新小岩四丁目行","pattern_id":"64401","direction_id":"2","stop_count":24,"origin_stop_name":"一之江駅前","destination_stop_name":"東新小岩四丁目","path_type":"odpt-busstop-order-shape","source_stop_count":24,"solve_stop_count":24,"snap_fallback":true}},{"type":"Feature","id":"shape-Ryou28-64501-1","geometry":{"type":"LineString","coordinates":[[139.842417,35.672639],[139.841713,35.674807],[139.840033,35.675376],[139.83728,35.675737],[139.834696,35.676031],[139.830105,35.676654],[139.828929,35.676769],[139.827315,35.678991],[139.827333,35.681886],[139.826407,35.687379],[139.826184,35.690002],[139.825965,35.692559],[139.825696,35.695927],[139.821023,35.696184],[139.817532,35.695691],[139.814114,35.695377],[139.809983,35.695118],[139.804714,35.69487],[139.800987,35.694595],[139.798478,35.694511],[139.797274,35.6975],[139.793971,35.699023],[139.791988,35.695257]]},"properties":{"route_id":"Ryou28","route_title":"両２８ 両国駅前行","pattern_id":"64501","direction_id":"1","stop_count":23,"origin_stop_name":"葛西橋","destination_stop_name":"両国駅前","path_type":"odpt-busstop-order-shape","source_stop_count":23,"solve_stop_count":23,"snap_fallback":true}},{"type":"Feature","id":"shape-Ryou28-64501-2","geometry":{"type":"LineString","coordinates":[[139.792013,35.695008],[139.793059,35.694361],[139.795376,35.69449],[139.798581,35.694695],[139.802098,35.69487],[139.806443,35.695131],[139.810308,35.695455],[139.814201,35.695709],[139.817638,35.696105],[139.820808,35.696473],[139.825938,35.695691],[139.826168,35.69245],[139.826474,35.688918],[139.826614,35.687431],[139.827566,35.681837],[139.827578,35.679554],[139.827868,35.677089],[139.83109,35.6767],[139.834491,35.676283],[139.83822,35.675786],[139.840908,35.675453],[139.842845,35.674157],[139.842486,35.672148]]},"properties":{"route_id":"Ryou28","route_title":"両２８ 葛西橋行","pattern_id":"64501","direction_id":"2","stop_count":23,"origin_stop_name":"両国駅前","destination_stop_name":"葛西橋","path_type":"odpt-busstop-order-shape","source_stop_count":23,"solve_stop_count":23,"snap_fallback":true}},{"type":"Feature","id":"shape-Ryou28-64502-1","geometry":{"type":"LineString","coordinates":[[139.842417,35.672639],[139.841713,35.674807],[139.840033,35.675376],[139.83728,35.675737],[139.834696,35.676031],[139.830105,35.676654],[139.828929,35.676769],[139.827315,35.678991],[139.827333,35.681886],[139.826407,35.687379],[139.826184,35.690002],[139.825965,35.692559],[139.825696,35.695927],[139.825244,35.6979]]},"properties":{"route_id":"Ryou28","route_title":"両２８ 亀戸駅前行","pattern_id":"64502","direction_id":"1","stop_count":14,"origin_stop_name":"葛西橋","destination_stop_name":"亀戸駅前","path_type":"odpt-busstop-order-shape","source_stop_count":14,"solve_stop_count":14,"snap_fallback":true}},{"type":"Feature","id":"shape-Ryou28-64502-2","geometry":{"type":"LineString","coordinates":[[139.825797,35.697888],[139.825938,35.695691],[139.826168,35.69245],[139.826474,35.688918],[139.826614,35.687431],[139.827566,35.681837],[139.827578,35.679554],[139.827868,35.677089],[139.83109,35.6767],[139.834491,35.676283],[139.83822,35.675786],[139.840908,35.675453],[139.842845,35.674157],[139.842486,35.672148]]},"properties":{"route_id":"Ryou28","route_title":"両２８ 葛西橋行","pattern_id":"64502","direction_id":"2","stop_count":14,"origin_stop_name":"亀戸駅前","destination_stop_name":"葛西橋","path_type":"odpt-busstop-order-shape","source_stop_count":14,"solve_stop_count":14,"snap_fallback":true}},{"type":"Feature","id":"shape-Mon21-64601-1","geometry":{"type":"LineString","coordinates":[[139.845895,35.690101],[139.845285,35.688333],[139.844856,35.68321],[139.844436,35.681361],[139.843771,35.678427],[139.843207,35.675984],[139.841713,35.674807],[139.840033,35.675376],[139.83728,35.675737],[139.834696,35.676031],[139.833391,35.674461],[139.832123,35.673491],[139.82966,35.674039],[139.826246,35.674848],[139.822417,35.675576],[139.818296,35.675758],[139.816199,35.674683],[139.816397,35.672445],[139.816514,35.670604],[139.813518,35.669319],[139.811608,35.669242],[139.805787,35.66987],[139.806351,35.672825],[139.80671,35.674767],[139.802192,35.67517],[139.798756,35.675073],[139.79738,35.675039],[139.795334,35.673377]]},"properties":{"route_id":"Mon21","route_title":"門２１ 門前仲町行","pattern_id":"64601","direction_id":"1","stop_count":28,"origin_stop_name":"東大島駅前","destination_stop_name":"門前仲町","path_type":"odpt-busstop-order-shape","source_stop_count":28,"solve_stop_count":28,"snap_fallback":true}},{"type":"Feature","id":"shape-Mon21-64601-2","geometry":{"type":"LineString","coordinates":[[139.795738,35.673969],[139.797111,35.675189],[139.800419,35.675299],[139.803358,35.675384],[139.80697,35.674822],[139.80661,35.672905],[139.806468,35.669486],[139.810303,35.669429],[139.813733,35.669555],[139.816311,35.670131],[139.816229,35.671641],[139.817039,35.675891],[139.819372,35.675972],[139.822394,35.675759],[139.824026,35.675453],[139.829516,35.674258],[139.832304,35.673617],[139.833314,35.675066],[139.834491,35.676283],[139.83822,35.675786],[139.840908,35.675453],[139.842993,35.675682],[139.843663,35.678604],[139.844431,35.68189],[139.84483,35.683808],[139.844979,35.688342],[139.845478,35.689942]]},"properties":{"route_id":"Mon21","route_title":"門２１ 東大島駅前行","pattern_id":"64601","direction_id":"2","stop_count":27,"origin_stop_name":"門前仲町","destination_stop_name":"東大島駅前","path_type":"odpt-busstop-order-shape","source_stop_count":27,"solve_stop_count":27,"snap_fallback":true}},{"type":"Feature","id":"shape-Mon21-64602-1","geometry":{"type":"LineString","coordinates":[[139.845895,35.690101],[139.845285,35.688333],[139.844856,35.68321],[139.844436,35.681361],[139.843771,35.678427],[139.843207,35.675984],[139.841713,35.674807],[139.840033,35.675376],[139.83728,35.675737],[139.834696,35.676031],[139.833391,35.674461],[139.832123,35.673491],[139.82966,35.674039],[139.826246,35.674848],[139.822417,35.675576],[139.818296,35.675758],[139.816199,35.674683],[139.816397,35.672445],[139.816514,35.670604]]},"properties":{"route_id":"Mon21","route_title":"門２１ 東陽町駅前行","pattern_id":"64602","direction_id":"1","stop_count":19,"origin_stop_name":"東大島駅前","destination_stop_name":"東陽町駅前","path_type":"odpt-busstop-order-shape","source_stop_count":19,"solve_stop_count":19,"snap_fallback":true}},{"type":"Feature","id":"shape-Mon21-64602-2","geometry":{"type":"LineString","coordinates":[[139.816311,35.670131],[139.816229,35.671641],[139.817039,35.675891],[139.819372,35.675972],[139.822394,35.675759],[139.824026,35.675453],[139.829516,35.674258],[139.832304,35.673617],[139.833314,35.675066],[139.834491,35.676283],[139.83822,35.675786],[139.840908,35.675453],[139.842993,35.675682],[139.843663,35.678604],[139.844431,35.68189],[139.84483,35.683808],[139.844979,35.688342],[139.845478,35.689942]]},"properties":{"route_id":"Mon21","route_title":"門２１ 東大島駅前行","pattern_id":"64602","direction_id":"2","stop_count":18,"origin_stop_name":"東陽町駅前","destination_stop_name":"東大島駅前","path_type":"odpt-busstop-order-shape","source_stop_count":18,"solve_stop_count":18,"snap_fallback":true}},{"type":"Feature","id":"shape-Mon21-64603-1","geometry":{"type":"LineString","coordinates":[[139.832123,35.673491],[139.82966,35.674039],[139.826246,35.674848],[139.822417,35.675576],[139.818296,35.675758],[139.816199,35.674683],[139.816397,35.672445],[139.816514,35.670604]]},"properties":{"route_id":"Mon21","route_title":"門２１ 東陽町駅前行","pattern_id":"64603","direction_id":"1","stop_count":8,"origin_stop_name":"南砂四丁目住宅","destination_stop_name":"東陽町駅前","path_type":"odpt-busstop-order-shape","source_stop_count":8,"solve_stop_count":8,"snap_fallback":true}},{"type":"Feature","id":"shape-Nishikatsu26-64801-1","geometry":{"type":"LineString","coordinates":[[139.864156,35.68349],[139.867087,35.682045],[139.866366,35.680339],[139.866902,35.678999],[139.865685,35.676151],[139.864446,35.675084],[139.86193,35.672876],[139.859305,35.670641],[139.860042,35.667325],[139.859121,35.664449],[139.85549,35.661727],[139.85577,35.658131],[139.852586,35.657077],[139.854035,35.653703],[139.855973,35.653617],[139.860155,35.653381],[139.862785,35.653235],[139.867339,35.65294],[139.869282,35.6492],[139.870785,35.647722],[139.87502,35.647095],[139.879571,35.646235],[139.875901,35.644007],[139.872089,35.643374],[139.87134,35.642442],[139.86182,35.643662]]},"properties":{"route_id":"Nishikatsu26","route_title":"西葛２６ 葛西臨海公園駅前行","pattern_id":"64801","direction_id":"1","stop_count":26,"origin_stop_name":"船堀駅前","destination_stop_name":"葛西臨海公園駅前","path_type":"odpt-busstop-order-shape","source_stop_count":26,"solve_stop_count":26,"snap_fallback":true}},{"type":"Feature","id":"shape-Nishikatsu26-64801-2","geometry":{"type":"LineString","coordinates":[[139.861678,35.643978],[139.87105,35.643103],[139.87282,35.64375],[139.876757,35.643939],[139.879678,35.647065],[139.874754,35.647029],[139.870536,35.64769],[139.869193,35.649457],[139.866319,35.652809],[139.860858,35.653125],[139.859137,35.653217],[139.855793,35.653359],[139.853999,35.653483],[139.853692,35.657227],[139.855566,35.658953],[139.855348,35.661276],[139.858773,35.664421],[139.860661,35.667987],[139.86032,35.671636],[139.861465,35.672634],[139.864152,35.674924],[139.866024,35.676598],[139.867285,35.678615],[139.865926,35.680151],[139.867449,35.681673],[139.864156,35.68349]]},"properties":{"route_id":"Nishikatsu26","route_title":"西葛２６ 船堀駅前行","pattern_id":"64801","direction_id":"2","stop_count":26,"origin_stop_name":"葛西臨海公園駅前","destination_stop_name":"船堀駅前","path_type":"odpt-busstop-order-shape","source_stop_count":26,"solve_stop_count":26,"snap_fallback":true}},{"type":"Feature","id":"shape-Nishikatsu26-64804-1","geometry":{"type":"LineString","coordinates":[[139.864156,35.68349],[139.867087,35.682045],[139.866366,35.680339],[139.866902,35.678999],[139.865685,35.676151],[139.864446,35.675084],[139.86193,35.672876],[139.859305,35.670641],[139.860042,35.667325],[139.859121,35.664449]]},"properties":{"route_id":"Nishikatsu26","route_title":"西葛２６ 西葛西駅前行","pattern_id":"64804","direction_id":"1","stop_count":10,"origin_stop_name":"船堀駅前","destination_stop_name":"西葛西駅前","path_type":"odpt-busstop-order-shape","source_stop_count":10,"solve_stop_count":10,"snap_fallback":true}},{"type":"Feature","id":"shape-Nishikatsu26-64804-2","geometry":{"type":"LineString","coordinates":[[139.858773,35.664421],[139.860661,35.667987],[139.86032,35.671636],[139.861465,35.672634],[139.864152,35.674924],[139.866024,35.676598],[139.867285,35.678615],[139.865926,35.680151],[139.867449,35.681673],[139.864156,35.68349]]},"properties":{"route_id":"Nishikatsu26","route_title":"西葛２６ 船堀駅前行","pattern_id":"64804","direction_id":"2","stop_count":10,"origin_stop_name":"西葛西駅前","destination_stop_name":"船堀駅前","path_type":"odpt-busstop-order-shape","source_stop_count":10,"solve_stop_count":10,"snap_fallback":true}},{"type":"Feature","id":"shape-Rinkai22-64901-1","geometry":{"type":"LineString","coordinates":[[139.858875,35.646933],[139.859011,35.647387],[139.86147,35.649223],[139.862917,35.650503],[139.863246,35.651985],[139.86356,35.655913],[139.861049,35.657273],[139.858991,35.658853],[139.858773,35.664421],[139.855958,35.666064],[139.856797,35.670717],[139.857411,35.671643],[139.859546,35.67599],[139.861465,35.679809],[139.862852,35.682429],[139.863783,35.68418]]},"properties":{"route_id":"Rinkai22","route_title":"臨海２２ 船堀駅前行","pattern_id":"64901","direction_id":"1","stop_count":16,"origin_stop_name":"臨海車庫","destination_stop_name":"船堀駅前","path_type":"odpt-busstop-order-shape","source_stop_count":16,"solve_stop_count":16,"snap_fallback":true}},{"type":"Feature","id":"shape-Rinkai22-64901-2","geometry":{"type":"LineString","coordinates":[[139.864007,35.683958],[139.862765,35.681947],[139.861621,35.679778],[139.859166,35.67497],[139.857861,35.672787],[139.856475,35.669621],[139.856169,35.666008],[139.859202,35.664217],[139.859154,35.658855],[139.861185,35.657362],[139.863842,35.656226],[139.863562,35.652719],[139.862626,35.649815],[139.860693,35.648359],[139.859377,35.647369],[139.858875,35.646933]]},"properties":{"route_id":"Rinkai22","route_title":"臨海２２ 臨海車庫行","pattern_id":"64901","direction_id":"2","stop_count":16,"origin_stop_name":"船堀駅前","destination_stop_name":"臨海車庫","path_type":"odpt-busstop-order-shape","source_stop_count":16,"solve_stop_count":16,"snap_fallback":true}},{"type":"Feature","id":"shape-Shinko21-68505-1","geometry":{"type":"LineString","coordinates":[[139.864787,35.688148],[139.864007,35.683958]]},"properties":{"route_id":"Shinko21","route_title":"新小２１ 船堀駅前行","pattern_id":"68505","direction_id":"1","stop_count":2,"origin_stop_name":"東小松川車庫前","destination_stop_name":"船堀駅前","path_type":"odpt-busstop-order-shape","source_stop_count":2,"solve_stop_count":2,"snap_fallback":true}},{"type":"Feature","id":"shape-Rinkai28-1-68903-1","geometry":{"type":"LineString","coordinates":[[139.873275,35.663072],[139.872947,35.658705],[139.87263,35.653859],[139.872377,35.650658],[139.871935,35.647812],[139.870117,35.645746],[139.868951,35.644663],[139.86182,35.643662]]},"properties":{"route_id":"Rinkai28-1","route_title":"臨海２８－１ 葛西臨海公園駅前行","pattern_id":"68903","direction_id":"1","stop_count":8,"origin_stop_name":"葛西駅前","destination_stop_name":"葛西臨海公園駅前","path_type":"odpt-busstop-order-shape","source_stop_count":8,"solve_stop_count":8,"snap_fallback":true}},{"type":"Feature","id":"shape-Kasai22-65001-1","geometry":{"type":"LineString","coordinates":[[139.873744,35.663026],[139.87302,35.659803],[139.876226,35.65789],[139.879994,35.656925],[139.88399,35.655901],[139.884493,35.659029],[139.884357,35.666468],[139.88357,35.668699],[139.883373,35.671511],[139.88455,35.674735],[139.885314,35.677633],[139.885243,35.679443],[139.887049,35.680878],[139.888599,35.682591],[139.883756,35.685932]]},"properties":{"route_id":"Kasai22","route_title":"葛西２２ 一之江駅前行","pattern_id":"65001","direction_id":"1","stop_count":15,"origin_stop_name":"葛西駅前","destination_stop_name":"一之江駅前","path_type":"odpt-busstop-order-shape","source_stop_count":15,"solve_stop_count":15,"snap_fallback":true}},{"type":"Feature","id":"shape-Kasai22-65001-2","geometry":{"type":"LineString","coordinates":[[139.883756,35.685932],[139.888714,35.682871],[139.887092,35.680745],[139.885418,35.67786],[139.883996,35.673362],[139.883669,35.668807],[139.884645,35.666137],[139.88462,35.660201],[139.884412,35.656205],[139.879155,35.657082],[139.875393,35.658058],[139.872779,35.661159],[139.873744,35.663026]]},"properties":{"route_id":"Kasai22","route_title":"葛西２２ 葛西駅前行","pattern_id":"65001","direction_id":"2","stop_count":13,"origin_stop_name":"一之江駅前","destination_stop_name":"葛西駅前","path_type":"odpt-busstop-order-shape","source_stop_count":13,"solve_stop_count":13,"snap_fallback":true}},{"type":"Feature","id":"shape-Nishiki11-65201-2","geometry":{"type":"LineString","coordinates":[[139.771584,35.667445],[139.772389,35.669849],[139.773504,35.671744],[139.774136,35.67396],[139.775773,35.676982],[139.778527,35.68128],[139.780863,35.682477],[139.783506,35.68346],[139.786086,35.684724],[139.789949,35.686549],[139.796626,35.688054],[139.79911,35.688138],[139.801694,35.688281],[139.805417,35.688451],[139.808674,35.688624],[139.810621,35.689279],[139.810487,35.690644],[139.809574,35.694178],[139.810308,35.695455],[139.813873,35.695761]]},"properties":{"route_id":"Nishiki11","route_title":"錦１１ 錦糸町駅前行","pattern_id":"65201","direction_id":"2","stop_count":20,"origin_stop_name":"築地駅前","destination_stop_name":"錦糸町駅前","path_type":"odpt-busstop-order-shape","source_stop_count":20,"solve_stop_count":20,"snap_fallback":true}},{"type":"Feature","id":"shape-Nishiki11-65202-1","geometry":{"type":"LineString","coordinates":[[139.824702,35.698084],[139.821023,35.696184],[139.817532,35.695691],[139.815258,35.694996],[139.815312,35.694386],[139.815557,35.691907],[139.814925,35.688883],[139.812325,35.688726],[139.80791,35.688417],[139.805539,35.688294],[139.802574,35.688143],[139.799042,35.687951],[139.794758,35.687879],[139.789857,35.686271],[139.78748,35.685121],[139.783701,35.683294],[139.780862,35.682337],[139.77869,35.681242],[139.776531,35.677904],[139.774718,35.67504],[139.773843,35.672119],[139.772479,35.669727],[139.770666,35.668094]]},"properties":{"route_id":"Nishiki11","route_title":"錦１１ 築地駅前行","pattern_id":"65202","direction_id":"1","stop_count":23,"origin_stop_name":"亀戸駅前","destination_stop_name":"築地駅前","path_type":"odpt-busstop-order-shape","source_stop_count":23,"solve_stop_count":23,"snap_fallback":true}},{"type":"Feature","id":"shape-Nishiki11-65202-2","geometry":{"type":"LineString","coordinates":[[139.771584,35.667445],[139.772389,35.669849],[139.773504,35.671744],[139.774136,35.67396],[139.775773,35.676982],[139.778527,35.68128],[139.780863,35.682477],[139.783506,35.68346],[139.786086,35.684724],[139.789949,35.686549],[139.796626,35.688054],[139.79911,35.688138],[139.801694,35.688281],[139.805417,35.688451],[139.808674,35.688624],[139.810621,35.689279],[139.810487,35.690644],[139.809574,35.694178],[139.810308,35.695455],[139.814201,35.695709],[139.817638,35.696105],[139.820808,35.696473],[139.824902,35.696694],[139.825244,35.6979]]},"properties":{"route_id":"Nishiki11","route_title":"錦１１ 亀戸駅前行","pattern_id":"65202","direction_id":"2","stop_count":24,"origin_stop_name":"築地駅前","destination_stop_name":"亀戸駅前","path_type":"odpt-busstop-order-shape","source_stop_count":24,"solve_stop_count":24,"snap_fallback":true}},{"type":"Feature","id":"shape-Hira28-65304-3","geometry":{"type":"LineString","coordinates":[[139.849033,35.689414],[139.848525,35.691935],[139.849182,35.694176],[139.848945,35.695626],[139.850265,35.697593],[139.848643,35.699892],[139.846763,35.703439],[139.843044,35.706366],[139.842209,35.706699],[139.838892,35.705539],[139.840247,35.702695],[139.844672,35.699698],[139.846255,35.698976],[139.848343,35.697172],[139.848421,35.696315],[139.849394,35.696542],[139.850997,35.696923],[139.851691,35.695449],[139.850983,35.694523],[139.849433,35.69424],[139.848664,35.691376],[139.848803,35.689151]]},"properties":{"route_id":"Hira28","route_title":"平２８ 東大島駅前行","pattern_id":"65304","direction_id":"3","stop_count":22,"origin_stop_name":"東大島駅前","destination_stop_name":"東大島駅前","path_type":"odpt-busstop-order-shape","source_stop_count":22,"solve_stop_count":22,"snap_fallback":true}},{"type":"Feature","id":"shape-Fune28-65601-1","geometry":{"type":"LineString","coordinates":[[139.864156,35.68349],[139.867087,35.682045],[139.870426,35.686168],[139.871837,35.690844],[139.87233,35.693007],[139.8737,35.694138],[139.875061,35.695166],[139.87666,35.697236],[139.878149,35.699973],[139.879147,35.702796],[139.887621,35.70224],[139.893393,35.701904],[139.895736,35.701774],[139.901842,35.702999],[139.904,35.705975]]},"properties":{"route_id":"Fune28","route_title":"船２８ 篠崎駅前行","pattern_id":"65601","direction_id":"1","stop_count":15,"origin_stop_name":"船堀駅前","destination_stop_name":"篠崎駅前","path_type":"odpt-busstop-order-shape","source_stop_count":15,"solve_stop_count":15,"snap_fallback":true}},{"type":"Feature","id":"shape-Nishiki25-68003-2","geometry":{"type":"LineString","coordinates":[[139.863887,35.683998],[139.862765,35.681947],[139.86518,35.680129],[139.866902,35.678999],[139.869104,35.677471],[139.871315,35.6756],[139.871976,35.673159],[139.872217,35.671341],[139.873508,35.666699],[139.873351,35.66394]]},"properties":{"route_id":"Nishiki25","route_title":"錦２５ 葛西駅前行","pattern_id":"68003","direction_id":"2","stop_count":10,"origin_stop_name":"船堀駅前","destination_stop_name":"葛西駅前","path_type":"odpt-busstop-order-shape","source_stop_count":10,"solve_stop_count":10,"snap_fallback":true}},{"type":"Feature","id":"shape-Fune28-65601-2","geometry":{"type":"LineString","coordinates":[[139.904,35.705975],[139.901011,35.702357],[139.896681,35.701521],[139.893551,35.701682],[139.888487,35.702016],[139.878952,35.702598],[139.878342,35.700474],[139.876835,35.697282],[139.875291,35.695324],[139.873715,35.694027],[139.872428,35.692916],[139.871961,35.690855],[139.870307,35.685717],[139.867449,35.681673],[139.864156,35.68349]]},"properties":{"route_id":"Fune28","route_title":"船２８ 船堀駅前行","pattern_id":"65601","direction_id":"2","stop_count":15,"origin_stop_name":"篠崎駅前","destination_stop_name":"船堀駅前","path_type":"odpt-busstop-order-shape","source_stop_count":15,"solve_stop_count":15,"snap_fallback":true}},{"type":"Feature","id":"shape-Ryou28-66001-1","geometry":{"type":"LineString","coordinates":[[139.865279,35.667199],[139.864301,35.668963],[139.85798,35.669895],[139.855077,35.67036],[139.84074,35.67267],[139.840033,35.675376],[139.83728,35.675737],[139.834696,35.676031],[139.830105,35.676654],[139.828929,35.676769],[139.827315,35.678991],[139.827333,35.681886],[139.826407,35.687379],[139.826184,35.690002],[139.825965,35.692559],[139.825696,35.695927],[139.821023,35.696184],[139.817532,35.695691],[139.814114,35.695377],[139.809983,35.695118],[139.804714,35.69487],[139.800987,35.694595],[139.798478,35.694511],[139.797274,35.6975],[139.793971,35.699023],[139.791988,35.695257]]},"properties":{"route_id":"Ryou28","route_title":"両２８ 両国駅前行","pattern_id":"66001","direction_id":"1","stop_count":26,"origin_stop_name":"第六葛西小学校前","destination_stop_name":"両国駅前","path_type":"odpt-busstop-order-shape","source_stop_count":26,"solve_stop_count":26,"snap_fallback":true}},{"type":"Feature","id":"shape-Ryou28-66003-2","geometry":{"type":"LineString","coordinates":[[139.814117,35.695984],[139.817638,35.696105],[139.820808,35.696473],[139.825938,35.695691],[139.826168,35.69245],[139.826474,35.688918],[139.826614,35.687431],[139.827566,35.681837],[139.827578,35.679554],[139.827868,35.677089],[139.83109,35.6767],[139.834491,35.676283],[139.83822,35.675786],[139.840593,35.674959],[139.840828,35.67291],[139.854036,35.670707],[139.857611,35.670171],[139.862034,35.669494],[139.865582,35.667149]]},"properties":{"route_id":"Ryou28","route_title":"両２８ 第六葛西小学校前行","pattern_id":"66003","direction_id":"2","stop_count":19,"origin_stop_name":"錦糸町駅前","destination_stop_name":"第六葛西小学校前","path_type":"odpt-busstop-order-shape","source_stop_count":19,"solve_stop_count":19,"snap_fallback":true}},{"type":"Feature","id":"shape-Ryou28-66004-1","geometry":{"type":"LineString","coordinates":[[139.858875,35.646933],[139.859011,35.647387],[139.86147,35.649223],[139.862917,35.650503],[139.863246,35.651985],[139.86356,35.655913],[139.861049,35.657273],[139.858991,35.658853],[139.858773,35.664421],[139.860661,35.667987],[139.85798,35.669895],[139.855077,35.67036],[139.84074,35.67267],[139.840033,35.675376],[139.83728,35.675737],[139.834696,35.676031],[139.830105,35.676654],[139.828929,35.676769],[139.827315,35.678991],[139.827333,35.681886],[139.826407,35.687379],[139.826184,35.690002],[139.825965,35.692559],[139.825696,35.695927],[139.821023,35.696184],[139.817532,35.695691],[139.814114,35.695377],[139.809983,35.695118],[139.804714,35.69487],[139.800987,35.694595],[139.798478,35.694511],[139.797274,35.6975],[139.793971,35.699023],[139.791988,35.695257]]},"properties":{"route_id":"Ryou28","route_title":"両２８ 両国駅前行","pattern_id":"66004","direction_id":"1","stop_count":34,"origin_stop_name":"臨海車庫","destination_stop_name":"両国駅前","path_type":"odpt-busstop-order-shape","source_stop_count":34,"solve_stop_count":34,"snap_fallback":true}},{"type":"Feature","id":"shape-Ryou28-66004-2","geometry":{"type":"LineString","coordinates":[[139.792013,35.695008],[139.793059,35.694361],[139.795376,35.69449],[139.798581,35.694695],[139.802098,35.69487],[139.806443,35.695131],[139.810308,35.695455],[139.814201,35.695709],[139.817638,35.696105],[139.820808,35.696473],[139.825938,35.695691],[139.826168,35.69245],[139.826474,35.688918],[139.826614,35.687431],[139.827566,35.681837],[139.827578,35.679554],[139.827868,35.677089],[139.83109,35.6767],[139.834491,35.676283],[139.83822,35.675786],[139.840593,35.674959],[139.840828,35.67291],[139.854036,35.670707],[139.857611,35.670171],[139.860042,35.667325],[139.859202,35.664217],[139.859154,35.658855],[139.861185,35.657362],[139.863842,35.656226],[139.863562,35.652719],[139.862626,35.649815],[139.860693,35.648359],[139.859377,35.647369],[139.858875,35.646933]]},"properties":{"route_id":"Ryou28","route_title":"両２８ 臨海車庫行","pattern_id":"66004","direction_id":"2","stop_count":34,"origin_stop_name":"両国駅前","destination_stop_name":"臨海車庫","path_type":"odpt-busstop-order-shape","source_stop_count":34,"solve_stop_count":34,"snap_fallback":true}},{"type":"Feature","id":"shape-Ryou28-66005-1","geometry":{"type":"LineString","coordinates":[[139.858875,35.646933],[139.859011,35.647387],[139.86147,35.649223],[139.862917,35.650503],[139.863246,35.651985],[139.86356,35.655913],[139.861049,35.657273],[139.858991,35.658853],[139.858773,35.664421],[139.860661,35.667987],[139.85798,35.669895],[139.855077,35.67036],[139.84074,35.67267],[139.840033,35.675376],[139.83728,35.675737],[139.834696,35.676031],[139.830105,35.676654],[139.828929,35.676769],[139.827315,35.678991],[139.827333,35.681886],[139.826407,35.687379],[139.826184,35.690002],[139.825965,35.692559],[139.825696,35.695927],[139.825797,35.697888]]},"properties":{"route_id":"Ryou28","route_title":"両２８ 亀戸駅前行","pattern_id":"66005","direction_id":"1","stop_count":25,"origin_stop_name":"臨海車庫","destination_stop_name":"亀戸駅前","path_type":"odpt-busstop-order-shape","source_stop_count":25,"solve_stop_count":25,"snap_fallback":true}},{"type":"Feature","id":"shape-Ryou28-66005-2","geometry":{"type":"LineString","coordinates":[[139.825797,35.697888],[139.825938,35.695691],[139.826168,35.69245],[139.826474,35.688918],[139.826614,35.687431],[139.827566,35.681837],[139.827578,35.679554],[139.827868,35.677089],[139.83109,35.6767],[139.834491,35.676283],[139.83822,35.675786],[139.840593,35.674959],[139.840828,35.67291],[139.854036,35.670707],[139.857611,35.670171],[139.860042,35.667325],[139.859202,35.664217],[139.859154,35.658855],[139.861185,35.657362],[139.863842,35.656226],[139.863562,35.652719],[139.862626,35.649815],[139.860693,35.648359],[139.859377,35.647369],[139.858875,35.646933]]},"properties":{"route_id":"Ryou28","route_title":"両２８ 臨海車庫行","pattern_id":"66005","direction_id":"2","stop_count":25,"origin_stop_name":"亀戸駅前","destination_stop_name":"臨海車庫","path_type":"odpt-busstop-order-shape","source_stop_count":25,"solve_stop_count":25,"snap_fallback":true}},{"type":"Feature","id":"shape-Ryou28-66101-1","geometry":{"type":"LineString","coordinates":[[139.858875,35.646933],[139.859011,35.647387],[139.86147,35.649223],[139.862917,35.650503],[139.863246,35.651985],[139.86356,35.655913],[139.861049,35.657273],[139.858991,35.658853],[139.856028,35.66316],[139.8371,35.665784],[139.834439,35.666362],[139.833071,35.666742],[139.830206,35.66766],[139.825836,35.670773],[139.826296,35.672727],[139.826914,35.676303],[139.827315,35.678991],[139.827333,35.681886],[139.826407,35.687379],[139.826184,35.690002],[139.825965,35.692559],[139.825696,35.695927],[139.821023,35.696184],[139.817532,35.695691],[139.814114,35.695377],[139.809983,35.695118],[139.804714,35.69487],[139.800987,35.694595],[139.798478,35.694511],[139.797274,35.6975],[139.793971,35.699023],[139.791988,35.695257]]},"properties":{"route_id":"Ryou28","route_title":"両２８ 両国駅前行","pattern_id":"66101","direction_id":"1","stop_count":32,"origin_stop_name":"臨海車庫","destination_stop_name":"両国駅前","path_type":"odpt-busstop-order-shape","source_stop_count":32,"solve_stop_count":32,"snap_fallback":true}},{"type":"Feature","id":"shape-Ryou28-66101-2","geometry":{"type":"LineString","coordinates":[[139.791988,35.695257],[139.793059,35.694361],[139.795376,35.69449],[139.798581,35.694695],[139.802098,35.69487],[139.806443,35.695131],[139.810308,35.695455],[139.814201,35.695709],[139.817638,35.696105],[139.820808,35.696473],[139.825938,35.695691],[139.826168,35.69245],[139.826474,35.688918],[139.826614,35.687431],[139.827566,35.681837],[139.827578,35.679554],[139.82715,35.676604],[139.826626,35.673352],[139.826125,35.671081],[139.832234,35.66726],[139.833865,35.666754],[139.858561,35.66123],[139.859154,35.658855],[139.861185,35.657362],[139.863842,35.656226],[139.863562,35.652719],[139.862626,35.649815],[139.860693,35.648359],[139.859377,35.647369],[139.858875,35.646933]]},"properties":{"route_id":"Ryou28","route_title":"両２８ 臨海車庫行","pattern_id":"66101","direction_id":"2","stop_count":30,"origin_stop_name":"両国駅前","destination_stop_name":"臨海車庫","path_type":"odpt-busstop-order-shape","source_stop_count":30,"solve_stop_count":30,"snap_fallback":true}},{"type":"Feature","id":"shape-Rinkai28-3-66201-1","geometry":{"type":"LineString","coordinates":[[139.858875,35.646933],[139.859011,35.647387],[139.86147,35.649223],[139.862917,35.650503],[139.863246,35.651985],[139.86356,35.655913],[139.863797,35.659269],[139.866554,35.661394],[139.869396,35.660986],[139.872709,35.663254]]},"properties":{"route_id":"Rinkai28-3","route_title":"臨海２８－３ 葛西駅前行","pattern_id":"66201","direction_id":"1","stop_count":10,"origin_stop_name":"臨海車庫","destination_stop_name":"葛西駅前","path_type":"odpt-busstop-order-shape","source_stop_count":10,"solve_stop_count":10,"snap_fallback":true}},{"type":"Feature","id":"shape-Rinkai28-3-66201-2","geometry":{"type":"LineString","coordinates":[[139.873275,35.663072],[139.869996,35.660572],[139.866191,35.661136],[139.863975,35.658078],[139.863842,35.656226],[139.863562,35.652719],[139.862626,35.649815],[139.860693,35.648359],[139.859377,35.647369],[139.858875,35.646933]]},"properties":{"route_id":"Rinkai28-3","route_title":"臨海２８－３ 臨海車庫行","pattern_id":"66201","direction_id":"2","stop_count":10,"origin_stop_name":"葛西駅前","destination_stop_name":"臨海車庫","path_type":"odpt-busstop-order-shape","source_stop_count":10,"solve_stop_count":10,"snap_fallback":true}},{"type":"Feature","id":"shape-Nishiki25-68001-1","geometry":{"type":"LineString","coordinates":[[139.872974,35.663957],[139.873145,35.666866],[139.871979,35.670629],[139.87175,35.673441],[139.871054,35.675499],[139.86958,35.676924],[139.867285,35.678615],[139.864776,35.680243],[139.862852,35.682429],[139.863783,35.68418],[139.864386,35.68529],[139.866222,35.688716],[139.867605,35.693046],[139.867693,35.695301],[139.867744,35.697743],[139.867867,35.701884],[139.863829,35.702103],[139.849785,35.699215],[139.847876,35.698555],[139.844265,35.697449],[139.839259,35.697163],[139.835512,35.696972],[139.832341,35.696843],[139.828669,35.696602],[139.824547,35.69642],[139.821023,35.696184],[139.817532,35.695691],[139.813873,35.695761]]},"properties":{"route_id":"Nishiki25","route_title":"錦２５ 錦糸町駅前行","pattern_id":"68001","direction_id":"1","stop_count":28,"origin_stop_name":"葛西駅前","destination_stop_name":"錦糸町駅前","path_type":"odpt-busstop-order-shape","source_stop_count":28,"solve_stop_count":28,"snap_fallback":true}},{"type":"Feature","id":"shape-Nishiki25-68001-2","geometry":{"type":"LineString","coordinates":[[139.81425,35.695786],[139.817638,35.696105],[139.820808,35.696473],[139.824902,35.696694],[139.828993,35.696897],[139.830976,35.697043],[139.835754,35.697246],[139.83939,35.697404],[139.844165,35.697775],[139.846558,35.69851],[139.849799,35.699437],[139.864895,35.702628],[139.868032,35.702316],[139.867917,35.699442],[139.867823,35.695117],[139.867698,35.691882],[139.866706,35.689283],[139.863887,35.683998],[139.862765,35.681947],[139.86518,35.680129],[139.866902,35.678999],[139.869104,35.677471],[139.871315,35.6756],[139.871976,35.673159],[139.872217,35.671341],[139.873508,35.666699],[139.873351,35.66394]]},"properties":{"route_id":"Nishiki25","route_title":"錦２５ 葛西駅前行","pattern_id":"68001","direction_id":"2","stop_count":27,"origin_stop_name":"錦糸町駅前","destination_stop_name":"葛西駅前","path_type":"odpt-busstop-order-shape","source_stop_count":27,"solve_stop_count":27,"snap_fallback":true}},{"type":"Feature","id":"shape-Nishiki25-68002-2","geometry":{"type":"LineString","coordinates":[[139.81425,35.695786],[139.817638,35.696105],[139.820808,35.696473],[139.824902,35.696694],[139.828993,35.696897],[139.830976,35.697043],[139.835754,35.697246],[139.83939,35.697404],[139.844165,35.697775],[139.846558,35.69851],[139.849799,35.699437],[139.864895,35.702628],[139.868032,35.702316],[139.867917,35.699442],[139.867823,35.695117],[139.867698,35.691882],[139.866706,35.689283],[139.863887,35.683998]]},"properties":{"route_id":"Nishiki25","route_title":"錦２５ 船堀駅前行","pattern_id":"68002","direction_id":"2","stop_count":18,"origin_stop_name":"錦糸町駅前","destination_stop_name":"船堀駅前","path_type":"odpt-busstop-order-shape","source_stop_count":18,"solve_stop_count":18,"snap_fallback":true}},{"type":"Feature","id":"shape-Nishiki25-68005-1","geometry":{"type":"LineString","coordinates":[[139.864787,35.688148],[139.866222,35.688716],[139.867605,35.693046],[139.867693,35.695301],[139.867744,35.697743],[139.867867,35.701884],[139.863829,35.702103],[139.849785,35.699215],[139.847876,35.698555],[139.844265,35.697449],[139.839259,35.697163],[139.835512,35.696972],[139.832341,35.696843],[139.828669,35.696602],[139.824547,35.69642],[139.821023,35.696184],[139.817532,35.695691],[139.813873,35.695761]]},"properties":{"route_id":"Nishiki25","route_title":"錦２５ 錦糸町駅前行","pattern_id":"68005","direction_id":"1","stop_count":18,"origin_stop_name":"東小松川車庫前","destination_stop_name":"錦糸町駅前","path_type":"odpt-busstop-order-shape","source_stop_count":18,"solve_stop_count":18,"snap_fallback":true}},{"type":"Feature","id":"shape-Nishiki25Shutsunyuu-68006-1","geometry":{"type":"LineString","coordinates":[[139.867609,35.668375],[139.873508,35.666699],[139.873351,35.66394]]},"properties":{"route_id":"Nishiki25Shutsunyuu","route_title":"錦２５出入 葛西駅前行","pattern_id":"68006","direction_id":"1","stop_count":3,"origin_stop_name":"江戸川車庫前","destination_stop_name":"葛西駅前","path_type":"odpt-busstop-order-shape","source_stop_count":3,"solve_stop_count":3,"snap_fallback":true}},{"type":"Feature","id":"shape-Nishiki25Shutsunyuu-68006-2","geometry":{"type":"LineString","coordinates":[[139.872974,35.663957],[139.873145,35.666866],[139.867998,35.668339]]},"properties":{"route_id":"Nishiki25Shutsunyuu","route_title":"錦２５出入 江戸川車庫前行","pattern_id":"68006","direction_id":"2","stop_count":3,"origin_stop_name":"葛西駅前","destination_stop_name":"江戸川車庫前","path_type":"odpt-busstop-order-shape","source_stop_count":3,"solve_stop_count":3,"snap_fallback":true}},{"type":"Feature","id":"shape-Shinko21-68007-1","geometry":{"type":"LineString","coordinates":[[139.864787,35.688148],[139.864007,35.683958]]},"properties":{"route_id":"Shinko21","route_title":"新小２１ 船堀駅前行","pattern_id":"68007","direction_id":"1","stop_count":2,"origin_stop_name":"東小松川車庫前","destination_stop_name":"船堀駅前","path_type":"odpt-busstop-order-shape","source_stop_count":2,"solve_stop_count":2,"snap_fallback":true}},{"type":"Feature","id":"shape-Shinko21-68007-2","geometry":{"type":"LineString","coordinates":[[139.864282,35.683409],[139.864386,35.68529],[139.864545,35.688313]]},"properties":{"route_id":"Shinko21","route_title":"新小２１ 東小松川車庫前行","pattern_id":"68007","direction_id":"2","stop_count":3,"origin_stop_name":"船堀駅前","destination_stop_name":"東小松川車庫前","path_type":"odpt-busstop-order-shape","source_stop_count":3,"solve_stop_count":3,"snap_fallback":true}},{"type":"Feature","id":"shape-Nishiki25-68008-1","geometry":{"type":"LineString","coordinates":[[139.872974,35.663957],[139.873145,35.666866],[139.871979,35.670629],[139.87175,35.673441],[139.871054,35.675499],[139.86958,35.676924],[139.867285,35.678615],[139.864776,35.680243],[139.862852,35.682429],[139.863783,35.68418],[139.864386,35.68529],[139.864545,35.688313]]},"properties":{"route_id":"Nishiki25","route_title":"錦２５ 東小松川車庫前行","pattern_id":"68008","direction_id":"1","stop_count":12,"origin_stop_name":"葛西駅前","destination_stop_name":"東小松川車庫前","path_type":"odpt-busstop-order-shape","source_stop_count":12,"solve_stop_count":12,"snap_fallback":true}},{"type":"Feature","id":"shape-Nishiki25-68009-1","geometry":{"type":"LineString","coordinates":[[139.866222,35.688716],[139.867605,35.693046],[139.867693,35.695301],[139.867744,35.697743],[139.867867,35.701884],[139.863829,35.702103],[139.849785,35.699215],[139.847876,35.698555],[139.844265,35.697449],[139.839259,35.697163],[139.835512,35.696972],[139.832341,35.696843],[139.828669,35.696602],[139.824547,35.69642],[139.821023,35.696184],[139.817532,35.695691],[139.813873,35.695761]]},"properties":{"route_id":"Nishiki25","route_title":"錦２５ 錦糸町駅前行","pattern_id":"68009","direction_id":"1","stop_count":17,"origin_stop_name":"松江第一中学校前","destination_stop_name":"錦糸町駅前","path_type":"odpt-busstop-order-shape","source_stop_count":17,"solve_stop_count":17,"snap_fallback":true}},{"type":"Feature","id":"shape-Kame24-68101-1","geometry":{"type":"LineString","coordinates":[[139.842417,35.672639],[139.842993,35.675682],[139.843663,35.678604],[139.844431,35.68189],[139.84483,35.683808],[139.844979,35.688342],[139.844702,35.68928],[139.843559,35.690447],[139.842344,35.69038],[139.838489,35.689998],[139.833595,35.689563],[139.829096,35.689202],[139.826184,35.690002],[139.825965,35.692559],[139.825696,35.695927],[139.825403,35.697773]]},"properties":{"route_id":"Kame24","route_title":"亀２４ 亀戸駅前行","pattern_id":"68101","direction_id":"1","stop_count":16,"origin_stop_name":"葛西橋","destination_stop_name":"亀戸駅前","path_type":"odpt-busstop-order-shape","source_stop_count":16,"solve_stop_count":16,"snap_fallback":true}},{"type":"Feature","id":"shape-Kame24-68101-2","geometry":{"type":"LineString","coordinates":[[139.825773,35.698027],[139.825939,35.695828],[139.826168,35.69245],[139.826915,35.689432],[139.829457,35.689354],[139.833509,35.689676],[139.837294,35.690046],[139.842612,35.690558],[139.844792,35.68997],[139.845285,35.688333],[139.844856,35.68321],[139.844436,35.681361],[139.843771,35.678427],[139.843207,35.675984],[139.842845,35.674157],[139.842486,35.672148]]},"properties":{"route_id":"Kame24","route_title":"亀２４ 葛西橋行","pattern_id":"68101","direction_id":"2","stop_count":16,"origin_stop_name":"亀戸駅前","destination_stop_name":"葛西橋","path_type":"odpt-busstop-order-shape","source_stop_count":16,"solve_stop_count":16,"snap_fallback":true}},{"type":"Feature","id":"shape-Shinko21-68503-2","geometry":{"type":"LineString","coordinates":[[139.858348,35.716641],[139.861972,35.714609],[139.864239,35.712532],[139.866069,35.710169],[139.86787,35.706995],[139.868032,35.702316],[139.867917,35.699442],[139.867823,35.695117],[139.867698,35.691882],[139.866706,35.689283],[139.864007,35.683958]]},"properties":{"route_id":"Shinko21","route_title":"新小２１ 船堀駅前行","pattern_id":"68503","direction_id":"2","stop_count":11,"origin_stop_name":"新小岩駅前","destination_stop_name":"船堀駅前","path_type":"odpt-busstop-order-shape","source_stop_count":11,"solve_stop_count":11,"snap_fallback":true}},{"type":"Feature","id":"shape-Kame24-68105-1","geometry":{"type":"LineString","coordinates":[[139.842993,35.675682],[139.843663,35.678604],[139.844431,35.68189],[139.84483,35.683808],[139.844979,35.688342],[139.844702,35.68928],[139.843559,35.690447],[139.842344,35.69038],[139.838489,35.689998],[139.833595,35.689563],[139.829096,35.689202],[139.826184,35.690002],[139.825965,35.692559],[139.825696,35.695927],[139.825403,35.697773]]},"properties":{"route_id":"Kame24","route_title":"亀２４ 亀戸駅前行","pattern_id":"68105","direction_id":"1","stop_count":15,"origin_stop_name":"東砂五丁目","destination_stop_name":"亀戸駅前","path_type":"odpt-busstop-order-shape","source_stop_count":15,"solve_stop_count":15,"snap_fallback":true}},{"type":"Feature","id":"shape-Kame29-68201-1","geometry":{"type":"LineString","coordinates":[[139.879678,35.647065],[139.874754,35.647029],[139.870536,35.64769],[139.869193,35.649457],[139.869664,35.654009],[139.868505,35.655878],[139.86956,35.659486],[139.869996,35.660572],[139.866191,35.661136],[139.863425,35.661572],[139.858773,35.664421],[139.860661,35.667987],[139.85798,35.669895],[139.855077,35.67036],[139.84074,35.67267],[139.840033,35.675376],[139.83728,35.675737],[139.834696,35.676031],[139.830105,35.676654],[139.828929,35.676769],[139.827315,35.678991],[139.827333,35.681886],[139.826407,35.687379],[139.826184,35.690002],[139.825965,35.692559],[139.825696,35.695927],[139.825244,35.6979]]},"properties":{"route_id":"Kame29","route_title":"亀２９ 亀戸駅前行","pattern_id":"68201","direction_id":"1","stop_count":27,"origin_stop_name":"なぎさニュータウン","destination_stop_name":"亀戸駅前","path_type":"odpt-busstop-order-shape","source_stop_count":27,"solve_stop_count":27,"snap_fallback":true}},{"type":"Feature","id":"shape-Kame29-68201-2","geometry":{"type":"LineString","coordinates":[[139.825797,35.697888],[139.825938,35.695691],[139.826168,35.69245],[139.826474,35.688918],[139.826614,35.687431],[139.827566,35.681837],[139.827578,35.679554],[139.827868,35.677089],[139.83109,35.6767],[139.834491,35.676283],[139.83822,35.675786],[139.840593,35.674959],[139.840828,35.67291],[139.854036,35.670707],[139.857611,35.670171],[139.860042,35.667325],[139.858937,35.664177],[139.863292,35.661878],[139.866554,35.661394],[139.869396,35.660986],[139.87034,35.65988],[139.86865,35.655806],[139.869886,35.654173],[139.869282,35.6492],[139.870785,35.647722],[139.87502,35.647095],[139.879412,35.646996]]},"properties":{"route_id":"Kame29","route_title":"亀２９ なぎさニュータウン行","pattern_id":"68201","direction_id":"2","stop_count":27,"origin_stop_name":"亀戸駅前","destination_stop_name":"なぎさニュータウン","path_type":"odpt-busstop-order-shape","source_stop_count":27,"solve_stop_count":27,"snap_fallback":true}},{"type":"Feature","id":"shape-Kame29-68202-1","geometry":{"type":"LineString","coordinates":[[139.858773,35.664421],[139.860661,35.667987],[139.85798,35.669895],[139.855077,35.67036],[139.84074,35.67267],[139.840033,35.675376],[139.83728,35.675737],[139.834696,35.676031],[139.830105,35.676654],[139.828929,35.676769],[139.827315,35.678991],[139.827333,35.681886],[139.826407,35.687379],[139.826184,35.690002],[139.825965,35.692559],[139.825696,35.695927],[139.825244,35.6979]]},"properties":{"route_id":"Kame29","route_title":"亀２９ 亀戸駅前行","pattern_id":"68202","direction_id":"1","stop_count":17,"origin_stop_name":"西葛西駅前","destination_stop_name":"亀戸駅前","path_type":"odpt-busstop-order-shape","source_stop_count":17,"solve_stop_count":17,"snap_fallback":true}},{"type":"Feature","id":"shape-Kame29-68202-2","geometry":{"type":"LineString","coordinates":[[139.825797,35.697888],[139.825938,35.695691],[139.826168,35.69245],[139.826474,35.688918],[139.826614,35.687431],[139.827566,35.681837],[139.827578,35.679554],[139.827868,35.677089],[139.83109,35.6767],[139.834491,35.676283],[139.83822,35.675786],[139.840593,35.674959],[139.840828,35.67291],[139.854036,35.670707],[139.857611,35.670171],[139.860042,35.667325],[139.85901,35.664812]]},"properties":{"route_id":"Kame29","route_title":"亀２９ 西葛西駅前行","pattern_id":"68202","direction_id":"2","stop_count":17,"origin_stop_name":"亀戸駅前","destination_stop_name":"西葛西駅前","path_type":"odpt-busstop-order-shape","source_stop_count":17,"solve_stop_count":17,"snap_fallback":true}},{"type":"Feature","id":"shape-Shinko29-68301-1","geometry":{"type":"LineString","coordinates":[[139.872709,35.663254],[139.873755,35.668631],[139.875447,35.67141],[139.877601,35.675335],[139.879173,35.678289],[139.880927,35.682353],[139.882106,35.685992],[139.88096,35.688564],[139.878553,35.690391],[139.876555,35.691909],[139.873715,35.694027],[139.871342,35.696813],[139.873058,35.69961],[139.873458,35.702709],[139.873658,35.705636],[139.873972,35.710428],[139.874163,35.713258],[139.874128,35.715385],[139.871455,35.71699],[139.869899,35.718021],[139.868424,35.718896],[139.865878,35.7201],[139.864891,35.719485],[139.861153,35.717571],[139.857822,35.718294],[139.858164,35.720214],[139.860495,35.721857],[139.862072,35.722957],[139.866068,35.724825]]},"properties":{"route_id":"Shinko29","route_title":"新小２９ 東新小岩四丁目行","pattern_id":"68301","direction_id":"1","stop_count":29,"origin_stop_name":"葛西駅前","destination_stop_name":"東新小岩四丁目","path_type":"odpt-busstop-order-shape","source_stop_count":29,"solve_stop_count":29,"snap_fallback":true}},{"type":"Feature","id":"shape-Shinko29-68302-2","geometry":{"type":"LineString","coordinates":[[139.882585,35.685884],[139.881213,35.682211],[139.879478,35.678371],[139.878261,35.675868],[139.875685,35.671345],[139.873508,35.666699],[139.873351,35.66394]]},"properties":{"route_id":"Shinko29","route_title":"新小２９ 葛西駅前行","pattern_id":"68302","direction_id":"2","stop_count":7,"origin_stop_name":"一之江駅前","destination_stop_name":"葛西駅前","path_type":"odpt-busstop-order-shape","source_stop_count":7,"solve_stop_count":7,"snap_fallback":true}},{"type":"Feature","id":"shape-Shinko29-68303-1","geometry":{"type":"LineString","coordinates":[[139.882106,35.685992],[139.88096,35.688564],[139.878553,35.690391],[139.876555,35.691909],[139.873715,35.694027],[139.871342,35.696813],[139.873058,35.69961],[139.873458,35.702709],[139.873658,35.705636],[139.873972,35.710428],[139.874163,35.713258],[139.874128,35.715385],[139.871455,35.71699],[139.869899,35.718021],[139.868424,35.718896],[139.865878,35.7201],[139.864891,35.719485],[139.861153,35.717571],[139.857822,35.718294],[139.858164,35.720214],[139.860495,35.721857],[139.862072,35.722957],[139.866068,35.724825]]},"properties":{"route_id":"Shinko29","route_title":"新小２９ 東新小岩四丁目行","pattern_id":"68303","direction_id":"1","stop_count":23,"origin_stop_name":"一之江駅前","destination_stop_name":"東新小岩四丁目","path_type":"odpt-busstop-order-shape","source_stop_count":23,"solve_stop_count":23,"snap_fallback":true}},{"type":"Feature","id":"shape-Shinko29-68306-2","geometry":{"type":"LineString","coordinates":[[139.865192,35.724899],[139.863123,35.723446],[139.860678,35.721738],[139.858683,35.720352],[139.858385,35.717904],[139.861521,35.717835],[139.865082,35.719843],[139.865975,35.720163],[139.867799,35.719313],[139.870116,35.717936],[139.871433,35.717063],[139.873213,35.716214],[139.874213,35.712752],[139.874049,35.710197],[139.873808,35.706628],[139.873602,35.703712],[139.873395,35.700112],[139.871292,35.696579],[139.872556,35.695008],[139.876165,35.692304],[139.878412,35.690603],[139.881994,35.687887],[139.882585,35.685884],[139.881213,35.682211],[139.879478,35.678371],[139.878261,35.675868],[139.875685,35.671345],[139.873508,35.666699],[139.873351,35.66394]]},"properties":{"route_id":"Shinko29","route_title":"新小２９ 葛西駅前行","pattern_id":"68306","direction_id":"2","stop_count":29,"origin_stop_name":"東新小岩四丁目","destination_stop_name":"葛西駅前","path_type":"odpt-busstop-order-shape","source_stop_count":29,"solve_stop_count":29,"snap_fallback":true}},{"type":"Feature","id":"shape-Shinko29-68307-2","geometry":{"type":"LineString","coordinates":[[139.865192,35.724899],[139.863123,35.723446],[139.860678,35.721738],[139.858683,35.720352],[139.858385,35.717904],[139.861521,35.717835],[139.865082,35.719843],[139.865975,35.720163],[139.867799,35.719313],[139.870116,35.717936],[139.871433,35.717063],[139.873213,35.716214],[139.874213,35.712752],[139.874049,35.710197],[139.873808,35.706628],[139.873602,35.703712],[139.873395,35.700112],[139.871292,35.696579],[139.872556,35.695008],[139.876165,35.692304],[139.878412,35.690603],[139.881994,35.687887],[139.882585,35.685884]]},"properties":{"route_id":"Shinko29","route_title":"新小２９ 一之江駅前行","pattern_id":"68307","direction_id":"2","stop_count":23,"origin_stop_name":"東新小岩四丁目","destination_stop_name":"一之江駅前","path_type":"odpt-busstop-order-shape","source_stop_count":23,"solve_stop_count":23,"snap_fallback":true}},{"type":"Feature","id":"shape-Shinko29-68308-1","geometry":{"type":"LineString","coordinates":[[139.871342,35.696813],[139.873058,35.69961],[139.873458,35.702709],[139.873658,35.705636],[139.873972,35.710428],[139.874163,35.713258],[139.874128,35.715385],[139.871455,35.71699],[139.869899,35.718021],[139.868424,35.718896],[139.865878,35.7201],[139.864891,35.719485],[139.861153,35.717571],[139.857822,35.718294],[139.858164,35.720214],[139.860495,35.721857],[139.862072,35.722957],[139.866068,35.724825]]},"properties":{"route_id":"Shinko29","route_title":"新小２９ 東新小岩四丁目行","pattern_id":"68308","direction_id":"1","stop_count":18,"origin_stop_name":"松江","destination_stop_name":"東新小岩四丁目","path_type":"odpt-busstop-order-shape","source_stop_count":18,"solve_stop_count":18,"snap_fallback":true}},{"type":"Feature","id":"shape-Shinko29-68315-1","geometry":{"type":"LineString","coordinates":[[139.854996,35.651536],[139.855973,35.653617],[139.860155,35.653381],[139.862785,35.653235],[139.86356,35.655913],[139.863797,35.659269],[139.866554,35.661394],[139.869396,35.660986],[139.872709,35.663254],[139.873755,35.668631],[139.875447,35.67141],[139.877601,35.675335],[139.879173,35.678289],[139.880927,35.682353],[139.882106,35.685992],[139.88096,35.688564],[139.878553,35.690391],[139.876555,35.691909],[139.873715,35.694027],[139.871342,35.696813],[139.873058,35.69961],[139.873458,35.702709],[139.873658,35.705636],[139.873972,35.710428],[139.874163,35.713258],[139.874128,35.715385],[139.871455,35.71699],[139.869899,35.718021],[139.868424,35.718896],[139.865878,35.7201],[139.864891,35.719485],[139.861153,35.717571],[139.857822,35.718294],[139.858164,35.720214],[139.860495,35.721857],[139.862072,35.722957],[139.866068,35.724825]]},"properties":{"route_id":"Shinko29","route_title":"新小２９ 東新小岩四丁目行","pattern_id":"68315","direction_id":"1","stop_count":37,"origin_stop_name":"東京臨海病院前","destination_stop_name":"東新小岩四丁目","path_type":"odpt-busstop-order-shape","source_stop_count":37,"solve_stop_count":37,"snap_fallback":true}},{"type":"Feature","id":"shape-Shinko29-68317-2","geometry":{"type":"LineString","coordinates":[[139.865192,35.724899],[139.863123,35.723446],[139.860678,35.721738],[139.858683,35.720352],[139.858385,35.717904],[139.861521,35.717835],[139.865082,35.719843],[139.865975,35.720163],[139.867799,35.719313],[139.870116,35.717936],[139.871433,35.717063],[139.873213,35.716214],[139.874213,35.712752],[139.874049,35.710197],[139.873808,35.706628],[139.873602,35.703712],[139.873395,35.700112],[139.871292,35.696579],[139.872556,35.695008],[139.876165,35.692304],[139.878412,35.690603],[139.881994,35.687887],[139.882585,35.685884],[139.881213,35.682211],[139.879478,35.678371],[139.878261,35.675868],[139.875685,35.671345],[139.873508,35.666699],[139.873275,35.663072],[139.869996,35.660572],[139.866191,35.661136],[139.863975,35.658078],[139.863842,35.656226],[139.860858,35.653125],[139.859137,35.653217],[139.855793,35.653359],[139.853999,35.653483]]},"properties":{"route_id":"Shinko29","route_title":"新小２９ 東京臨海病院前行","pattern_id":"68317","direction_id":"2","stop_count":37,"origin_stop_name":"東新小岩四丁目","destination_stop_name":"東京臨海病院前","path_type":"odpt-busstop-order-shape","source_stop_count":37,"solve_stop_count":37,"snap_fallback":true}},{"type":"Feature","id":"shape-Shinko21-68501-1","geometry":{"type":"LineString","coordinates":[[139.859059,35.664136],[139.855958,35.666064],[139.856797,35.670717],[139.855744,35.672049],[139.853149,35.674112],[139.85322,35.677101],[139.856401,35.67929],[139.858219,35.679764],[139.862852,35.682429],[139.864282,35.683409],[139.864386,35.68529],[139.866222,35.688716],[139.867605,35.693046],[139.867693,35.695301],[139.867792,35.699779],[139.867867,35.701884],[139.867657,35.707633],[139.865788,35.710315],[139.863842,35.712723],[139.861455,35.714907],[139.859054,35.716455]]},"properties":{"route_id":"Shinko21","route_title":"新小２１ 新小岩駅前行","pattern_id":"68501","direction_id":"1","stop_count":21,"origin_stop_name":"西葛西駅前","destination_stop_name":"新小岩駅前","path_type":"odpt-busstop-order-shape","source_stop_count":21,"solve_stop_count":21,"snap_fallback":true}},{"type":"Feature","id":"shape-Shinko21-68501-2","geometry":{"type":"LineString","coordinates":[[139.858348,35.716641],[139.861972,35.714609],[139.864239,35.712532],[139.866069,35.710169],[139.86787,35.706995],[139.868032,35.702316],[139.867917,35.699442],[139.867823,35.695117],[139.867698,35.691882],[139.866706,35.689283],[139.864007,35.683958],[139.862765,35.681947],[139.859222,35.67993],[139.856962,35.679377],[139.853296,35.677426],[139.853332,35.673952],[139.856317,35.67179],[139.856475,35.669621],[139.856169,35.666008],[139.85901,35.664812]]},"properties":{"route_id":"Shinko21","route_title":"新小２１ 西葛西駅前行","pattern_id":"68501","direction_id":"2","stop_count":20,"origin_stop_name":"新小岩駅前","destination_stop_name":"西葛西駅前","path_type":"odpt-busstop-order-shape","source_stop_count":20,"solve_stop_count":20,"snap_fallback":true}},{"type":"Feature","id":"shape-Shinko21-68502-1","geometry":{"type":"LineString","coordinates":[[139.859059,35.664136],[139.855958,35.666064],[139.856797,35.670717],[139.855744,35.672049],[139.853149,35.674112],[139.85322,35.677101],[139.856401,35.67929],[139.858219,35.679764],[139.862852,35.682429],[139.864156,35.68349]]},"properties":{"route_id":"Shinko21","route_title":"新小２１ 船堀駅前行","pattern_id":"68502","direction_id":"1","stop_count":10,"origin_stop_name":"西葛西駅前","destination_stop_name":"船堀駅前","path_type":"odpt-busstop-order-shape","source_stop_count":10,"solve_stop_count":10,"snap_fallback":true}},{"type":"Feature","id":"shape-Shinko21-68502-2","geometry":{"type":"LineString","coordinates":[[139.864007,35.683958],[139.862765,35.681947],[139.859222,35.67993],[139.856962,35.679377],[139.853296,35.677426],[139.853332,35.673952],[139.856317,35.67179],[139.856475,35.669621],[139.856169,35.666008],[139.85901,35.664812]]},"properties":{"route_id":"Shinko21","route_title":"新小２１ 西葛西駅前行","pattern_id":"68502","direction_id":"2","stop_count":10,"origin_stop_name":"船堀駅前","destination_stop_name":"西葛西駅前","path_type":"odpt-busstop-order-shape","source_stop_count":10,"solve_stop_count":10,"snap_fallback":true}},{"type":"Feature","id":"shape-Shinko21-68503-1","geometry":{"type":"LineString","coordinates":[[139.864282,35.683409],[139.864386,35.68529],[139.866222,35.688716],[139.867605,35.693046],[139.867693,35.695301],[139.867792,35.699779],[139.867867,35.701884],[139.867657,35.707633],[139.865788,35.710315],[139.863842,35.712723],[139.861455,35.714907],[139.859054,35.716455]]},"properties":{"route_id":"Shinko21","route_title":"新小２１ 新小岩駅前行","pattern_id":"68503","direction_id":"1","stop_count":12,"origin_stop_name":"船堀駅前","destination_stop_name":"新小岩駅前","path_type":"odpt-busstop-order-shape","source_stop_count":12,"solve_stop_count":12,"snap_fallback":true}},{"type":"Feature","id":"shape-Shinko21-68505-2","geometry":{"type":"LineString","coordinates":[[139.864282,35.683409],[139.864386,35.68529],[139.864545,35.688313]]},"properties":{"route_id":"Shinko21","route_title":"新小２１ 東小松川車庫前行","pattern_id":"68505","direction_id":"2","stop_count":3,"origin_stop_name":"船堀駅前","destination_stop_name":"東小松川車庫前","path_type":"odpt-busstop-order-shape","source_stop_count":3,"solve_stop_count":3,"snap_fallback":true}},{"type":"Feature","id":"shape-Shinko21-68506-1","geometry":{"type":"LineString","coordinates":[[139.864787,35.688148],[139.866222,35.688716],[139.867605,35.693046],[139.867693,35.695301],[139.867792,35.699779],[139.867867,35.701884],[139.867657,35.707633],[139.865788,35.710315],[139.863842,35.712723],[139.861455,35.714907],[139.859054,35.716455]]},"properties":{"route_id":"Shinko21","route_title":"新小２１ 新小岩駅前行","pattern_id":"68506","direction_id":"1","stop_count":11,"origin_stop_name":"東小松川車庫前","destination_stop_name":"新小岩駅前","path_type":"odpt-busstop-order-shape","source_stop_count":11,"solve_stop_count":11,"snap_fallback":true}},{"type":"Feature","id":"shape-Shinko21-68507-2","geometry":{"type":"LineString","coordinates":[[139.868032,35.702316],[139.867917,35.699442],[139.867823,35.695117],[139.867698,35.691882],[139.866706,35.689283],[139.864007,35.683958],[139.862765,35.681947],[139.859222,35.67993],[139.856962,35.679377],[139.853296,35.677426],[139.853332,35.673952],[139.856317,35.67179],[139.856475,35.669621],[139.856169,35.666008],[139.85901,35.664812]]},"properties":{"route_id":"Shinko21","route_title":"新小２１ 西葛西駅前行","pattern_id":"68507","direction_id":"2","stop_count":15,"origin_stop_name":"京葉交差点","destination_stop_name":"西葛西駅前","path_type":"odpt-busstop-order-shape","source_stop_count":15,"solve_stop_count":15,"snap_fallback":true}},{"type":"Feature","id":"shape-Nishikatsu27-68602-1","geometry":{"type":"LineString","coordinates":[[139.859121,35.664449],[139.85549,35.661727],[139.85577,35.658131],[139.852586,35.657077],[139.854035,35.653703],[139.855973,35.653617],[139.859148,35.6532],[139.861439,35.650784],[139.862917,35.650503],[139.863246,35.651985],[139.862611,35.653014]]},"properties":{"route_id":"Nishikatsu27","route_title":"西葛２７ 臨海町二丁目団地前行","pattern_id":"68602","direction_id":"1","stop_count":11,"origin_stop_name":"西葛西駅前","destination_stop_name":"臨海町二丁目団地前","path_type":"odpt-busstop-order-shape","source_stop_count":11,"solve_stop_count":11,"snap_fallback":true}},{"type":"Feature","id":"shape-Nishikatsu27-68602-2","geometry":{"type":"LineString","coordinates":[[139.860858,35.653125],[139.859137,35.653217],[139.855793,35.653359],[139.853999,35.653483],[139.853692,35.657227],[139.855566,35.658953],[139.855348,35.661276],[139.859121,35.664449]]},"properties":{"route_id":"Nishikatsu27","route_title":"西葛２７ 西葛西駅前行","pattern_id":"68602","direction_id":"2","stop_count":8,"origin_stop_name":"臨海町二丁目団地前","destination_stop_name":"西葛西駅前","path_type":"odpt-busstop-order-shape","source_stop_count":8,"solve_stop_count":8,"snap_fallback":true}},{"type":"Feature","id":"shape-Nishikatsu27-68603-1","geometry":{"type":"LineString","coordinates":[[139.859121,35.664449],[139.85549,35.661727],[139.85577,35.658131],[139.852586,35.657077],[139.853628,35.650596],[139.855973,35.653617],[139.859148,35.6532],[139.861439,35.650784],[139.862917,35.650503],[139.863246,35.651985],[139.862611,35.653014]]},"properties":{"route_id":"Nishikatsu27","route_title":"西葛２７ 臨海町二丁目団地前行","pattern_id":"68603","direction_id":"1","stop_count":11,"origin_stop_name":"西葛西駅前","destination_stop_name":"臨海町二丁目団地前","path_type":"odpt-busstop-order-shape","source_stop_count":11,"solve_stop_count":11,"snap_fallback":true}},{"type":"Feature","id":"shape-Nishikatsu27-68604-2","geometry":{"type":"LineString","coordinates":[[139.853628,35.650596],[139.853999,35.653483],[139.853692,35.657227],[139.855566,35.658953],[139.855348,35.661276],[139.859121,35.664449]]},"properties":{"route_id":"Nishikatsu27","route_title":"西葛２７ 西葛西駅前行","pattern_id":"68604","direction_id":"2","stop_count":6,"origin_stop_name":"葛西水再生センター前","destination_stop_name":"西葛西駅前","path_type":"odpt-busstop-order-shape","source_stop_count":6,"solve_stop_count":6,"snap_fallback":true}},{"type":"Feature","id":"shape-Nishikatsu27-68608-1","geometry":{"type":"LineString","coordinates":[[139.859121,35.664449],[139.85549,35.661727],[139.85577,35.658131],[139.852586,35.657077],[139.854035,35.653703],[139.855973,35.653617],[139.860155,35.653381]]},"properties":{"route_id":"Nishikatsu27","route_title":"西葛２７ 臨海町二丁目団地前行","pattern_id":"68608","direction_id":"1","stop_count":7,"origin_stop_name":"西葛西駅前","destination_stop_name":"臨海町二丁目団地前","path_type":"odpt-busstop-order-shape","source_stop_count":7,"solve_stop_count":7,"snap_fallback":true}},{"type":"Feature","id":"shape-Nishikatsu27-68609-1","geometry":{"type":"LineString","coordinates":[[139.859121,35.664449],[139.85549,35.661727],[139.85577,35.658131],[139.852586,35.657077],[139.854035,35.653703],[139.855973,35.653617],[139.859148,35.6532],[139.861439,35.650784],[139.862917,35.650503],[139.863246,35.651985]]},"properties":{"route_id":"Nishikatsu27","route_title":"西葛２７ 中左近橋行","pattern_id":"68609","direction_id":"1","stop_count":10,"origin_stop_name":"西葛西駅前","destination_stop_name":"中左近橋","path_type":"odpt-busstop-order-shape","source_stop_count":10,"solve_stop_count":10,"snap_fallback":true}},{"type":"Feature","id":"shape-Nishiki28-68701-1","geometry":{"type":"LineString","coordinates":[[139.845574,35.69007],[139.845285,35.688333],[139.843053,35.684621],[139.840601,35.684483],[139.836966,35.684402],[139.832254,35.683994],[139.829274,35.683855],[139.826407,35.687379],[139.825978,35.689254],[139.821799,35.689126],[139.818575,35.689012],[139.815543,35.689679],[139.81541,35.691304],[139.813873,35.695761]]},"properties":{"route_id":"Nishiki28","route_title":"錦２８ 錦糸町駅前行","pattern_id":"68701","direction_id":"1","stop_count":14,"origin_stop_name":"東大島駅前","destination_stop_name":"錦糸町駅前","path_type":"odpt-busstop-order-shape","source_stop_count":14,"solve_stop_count":14,"snap_fallback":true}},{"type":"Feature","id":"shape-Nishiki28-68701-2","geometry":{"type":"LineString","coordinates":[[139.814367,35.695799],[139.815557,35.691907],[139.815767,35.689631],[139.819029,35.689171],[139.821312,35.689263],[139.826491,35.688674],[139.826614,35.687431],[139.829707,35.683933],[139.832826,35.684154],[139.837415,35.68451],[139.841644,35.684608],[139.844055,35.684716],[139.844979,35.688342],[139.845478,35.689942]]},"properties":{"route_id":"Nishiki28","route_title":"錦２８ 東大島駅前行","pattern_id":"68701","direction_id":"2","stop_count":14,"origin_stop_name":"錦糸町駅前","destination_stop_name":"東大島駅前","path_type":"odpt-busstop-order-shape","source_stop_count":14,"solve_stop_count":14,"snap_fallback":true}},{"type":"Feature","id":"shape-Shinko22-68801-1","geometry":{"type":"LineString","coordinates":[[139.872875,35.663256],[139.873755,35.668631],[139.875447,35.67141],[139.878735,35.674901],[139.881959,35.674889],[139.88455,35.674735],[139.885314,35.677633],[139.885243,35.679443],[139.887049,35.680878],[139.888599,35.682591],[139.883525,35.686131],[139.88096,35.688564],[139.878553,35.690391],[139.876555,35.691909],[139.873715,35.694027],[139.871309,35.695842],[139.867792,35.699779],[139.867867,35.701884],[139.867657,35.707633],[139.865788,35.710315],[139.863842,35.712723],[139.861455,35.714907],[139.859054,35.716455]]},"properties":{"route_id":"Shinko22","route_title":"新小２２ 新小岩駅前行","pattern_id":"68801","direction_id":"1","stop_count":23,"origin_stop_name":"葛西駅前","destination_stop_name":"新小岩駅前","path_type":"odpt-busstop-order-shape","source_stop_count":23,"solve_stop_count":23,"snap_fallback":true}},{"type":"Feature","id":"shape-Shinko22-68801-2","geometry":{"type":"LineString","coordinates":[[139.858269,35.716366],[139.861972,35.714609],[139.864239,35.712532],[139.866069,35.710169],[139.86787,35.706995],[139.868032,35.702316],[139.867917,35.699442],[139.870607,35.696469],[139.872556,35.695008],[139.876165,35.692304],[139.878412,35.690603],[139.881994,35.687887],[139.883569,35.685966],[139.888714,35.682871],[139.887092,35.680745],[139.885418,35.67786],[139.88303,35.674622],[139.87836,35.674727],[139.875685,35.671345],[139.873508,35.666699],[139.873351,35.66394]]},"properties":{"route_id":"Shinko22","route_title":"新小２２ 葛西駅前行","pattern_id":"68801","direction_id":"2","stop_count":21,"origin_stop_name":"新小岩駅前","destination_stop_name":"葛西駅前","path_type":"odpt-busstop-order-shape","source_stop_count":21,"solve_stop_count":21,"snap_fallback":true}},{"type":"Feature","id":"shape-Shinko22-68802-1","geometry":{"type":"LineString","coordinates":[[139.872875,35.663256],[139.873755,35.668631],[139.875447,35.67141],[139.878735,35.674901],[139.881959,35.674889],[139.88455,35.674735],[139.885314,35.677633],[139.885243,35.679443],[139.887049,35.680878],[139.888599,35.682591],[139.883525,35.686131]]},"properties":{"route_id":"Shinko22","route_title":"新小２２ 一之江駅前行","pattern_id":"68802","direction_id":"1","stop_count":11,"origin_stop_name":"葛西駅前","destination_stop_name":"一之江駅前","path_type":"odpt-busstop-order-shape","source_stop_count":11,"solve_stop_count":11,"snap_fallback":true}},{"type":"Feature","id":"shape-Shinko22-68802-2","geometry":{"type":"LineString","coordinates":[[139.883569,35.685966],[139.888714,35.682871],[139.887092,35.680745],[139.885418,35.67786],[139.88303,35.674622],[139.87836,35.674727],[139.875685,35.671345],[139.873508,35.666699],[139.873351,35.66394]]},"properties":{"route_id":"Shinko22","route_title":"新小２２ 葛西駅前行","pattern_id":"68802","direction_id":"2","stop_count":9,"origin_stop_name":"一之江駅前","destination_stop_name":"葛西駅前","path_type":"odpt-busstop-order-shape","source_stop_count":9,"solve_stop_count":9,"snap_fallback":true}},{"type":"Feature","id":"shape-Shinko22-68803-1","geometry":{"type":"LineString","coordinates":[[139.883525,35.686131],[139.88096,35.688564],[139.878553,35.690391],[139.876555,35.691909],[139.873715,35.694027],[139.871309,35.695842],[139.867792,35.699779],[139.867867,35.701884],[139.867657,35.707633],[139.865788,35.710315],[139.863842,35.712723],[139.861455,35.714907],[139.859054,35.716455]]},"properties":{"route_id":"Shinko22","route_title":"新小２２ 新小岩駅前行","pattern_id":"68803","direction_id":"1","stop_count":13,"origin_stop_name":"一之江駅前","destination_stop_name":"新小岩駅前","path_type":"odpt-busstop-order-shape","source_stop_count":13,"solve_stop_count":13,"snap_fallback":true}},{"type":"Feature","id":"shape-Shinko22-68805-2","geometry":{"type":"LineString","coordinates":[[139.870607,35.696469],[139.872556,35.695008],[139.876165,35.692304],[139.878412,35.690603],[139.881994,35.687887],[139.883569,35.685966],[139.888714,35.682871],[139.887092,35.680745],[139.885418,35.67786],[139.88303,35.674622],[139.87836,35.674727],[139.875685,35.671345],[139.873508,35.666699],[139.873351,35.66394]]},"properties":{"route_id":"Shinko22","route_title":"新小２２ 葛西駅前行","pattern_id":"68805","direction_id":"2","stop_count":14,"origin_stop_name":"松江","destination_stop_name":"葛西駅前","path_type":"odpt-busstop-order-shape","source_stop_count":14,"solve_stop_count":14,"snap_fallback":true}},{"type":"Feature","id":"shape-Shinko21-68806-1","geometry":{"type":"LineString","coordinates":[[139.864787,35.688148],[139.864007,35.683958]]},"properties":{"route_id":"Shinko21","route_title":"新小２１ 船堀駅前行","pattern_id":"68806","direction_id":"1","stop_count":2,"origin_stop_name":"東小松川車庫前","destination_stop_name":"船堀駅前","path_type":"odpt-busstop-order-shape","source_stop_count":2,"solve_stop_count":2,"snap_fallback":true}},{"type":"Feature","id":"shape-Nishiki25-68807-2","geometry":{"type":"LineString","coordinates":[[139.863887,35.683998],[139.862765,35.681947],[139.86518,35.680129],[139.866902,35.678999],[139.869104,35.677471],[139.871315,35.6756],[139.871976,35.673159],[139.872217,35.671341],[139.873508,35.666699],[139.873351,35.66394]]},"properties":{"route_id":"Nishiki25","route_title":"錦２５ 葛西駅前行","pattern_id":"68807","direction_id":"2","stop_count":10,"origin_stop_name":"船堀駅前","destination_stop_name":"葛西駅前","path_type":"odpt-busstop-order-shape","source_stop_count":10,"solve_stop_count":10,"snap_fallback":true}},{"type":"Feature","id":"shape-Nishiki25Shutsunyuu-68808-1","geometry":{"type":"LineString","coordinates":[[139.867609,35.668375],[139.873508,35.666699],[139.873351,35.66394]]},"properties":{"route_id":"Nishiki25Shutsunyuu","route_title":"錦２５出入 葛西駅前行","pattern_id":"68808","direction_id":"1","stop_count":3,"origin_stop_name":"江戸川車庫前","destination_stop_name":"葛西駅前","path_type":"odpt-busstop-order-shape","source_stop_count":3,"solve_stop_count":3,"snap_fallback":true}},{"type":"Feature","id":"shape-Nishiki25Shutsunyuu-68808-2","geometry":{"type":"LineString","coordinates":[[139.872974,35.663957],[139.873145,35.666866],[139.867998,35.668339]]},"properties":{"route_id":"Nishiki25Shutsunyuu","route_title":"錦２５出入 江戸川車庫前行","pattern_id":"68808","direction_id":"2","stop_count":3,"origin_stop_name":"葛西駅前","destination_stop_name":"江戸川車庫前","path_type":"odpt-busstop-order-shape","source_stop_count":3,"solve_stop_count":3,"snap_fallback":true}},{"type":"Feature","id":"shape-Nishiki25-68809-1","geometry":{"type":"LineString","coordinates":[[139.872974,35.663957],[139.873145,35.666866],[139.871979,35.670629],[139.87175,35.673441],[139.871054,35.675499],[139.86958,35.676924],[139.867285,35.678615],[139.864776,35.680243],[139.862852,35.682429],[139.863783,35.68418],[139.864386,35.68529],[139.864545,35.688313]]},"properties":{"route_id":"Nishiki25","route_title":"錦２５ 東小松川車庫前行","pattern_id":"68809","direction_id":"1","stop_count":12,"origin_stop_name":"葛西駅前","destination_stop_name":"東小松川車庫前","path_type":"odpt-busstop-order-shape","source_stop_count":12,"solve_stop_count":12,"snap_fallback":true}},{"type":"Feature","id":"shape-Shinko22-68810-1","geometry":{"type":"LineString","coordinates":[[139.872875,35.663256],[139.873755,35.668631],[139.875447,35.67141],[139.878735,35.674901],[139.881959,35.674889],[139.88455,35.674735],[139.885314,35.677633],[139.885243,35.679443],[139.887049,35.680878],[139.888599,35.682591],[139.883525,35.686131],[139.88096,35.688564],[139.878553,35.690391],[139.876555,35.691909],[139.873715,35.694027],[139.871309,35.695842],[139.868219,35.698131]]},"properties":{"route_id":"Shinko22","route_title":"新小２２ 東小松川一丁目行","pattern_id":"68810","direction_id":"1","stop_count":17,"origin_stop_name":"葛西駅前","destination_stop_name":"東小松川一丁目","path_type":"odpt-busstop-order-shape","source_stop_count":17,"solve_stop_count":17,"snap_fallback":true}},{"type":"Feature","id":"shape-Rinkai28-1-68901-1","geometry":{"type":"LineString","coordinates":[[139.88188,35.700616],[139.882329,35.69693],[139.882637,35.693795],[139.883082,35.690099],[139.882585,35.685884],[139.881213,35.682211],[139.879478,35.678371],[139.878261,35.675868],[139.875685,35.671345],[139.873508,35.666699],[139.873275,35.663072],[139.872947,35.658705],[139.87263,35.653859],[139.872377,35.650658],[139.871935,35.647812],[139.870117,35.645746],[139.868951,35.644663],[139.86182,35.643662]]},"properties":{"route_id":"Rinkai28-1","route_title":"臨海２８－１ 葛西臨海公園駅前行","pattern_id":"68901","direction_id":"1","stop_count":18,"origin_stop_name":"一之江橋西詰","destination_stop_name":"葛西臨海公園駅前","path_type":"odpt-busstop-order-shape","source_stop_count":18,"solve_stop_count":18,"snap_fallback":true}},{"type":"Feature","id":"shape-Rinkai28-1-68902-1","geometry":{"type":"LineString","coordinates":[[139.882585,35.685884],[139.881213,35.682211],[139.879478,35.678371],[139.878261,35.675868],[139.875685,35.671345],[139.873508,35.666699],[139.873275,35.663072],[139.872947,35.658705],[139.87263,35.653859],[139.872377,35.650658],[139.871935,35.647812],[139.870117,35.645746],[139.868951,35.644663],[139.86182,35.643662]]},"properties":{"route_id":"Rinkai28-1","route_title":"臨海２８－１ 葛西臨海公園駅前行","pattern_id":"68902","direction_id":"1","stop_count":14,"origin_stop_name":"一之江駅前","destination_stop_name":"葛西臨海公園駅前","path_type":"odpt-busstop-order-shape","source_stop_count":14,"solve_stop_count":14,"snap_fallback":true}},{"type":"Feature","id":"shape-Rinkai28-1-68902-2","geometry":{"type":"LineString","coordinates":[[139.862432,35.643891],[139.867981,35.644194],[139.869942,35.645993],[139.871586,35.647981],[139.872021,35.650742],[139.872316,35.654806],[139.872513,35.657693],[139.872779,35.661159],[139.87287,35.663106],[139.873755,35.668631],[139.875447,35.67141],[139.877601,35.675335],[139.879173,35.678289],[139.880927,35.682353],[139.882106,35.685992]]},"properties":{"route_id":"Rinkai28-1","route_title":"臨海２８－１ 一之江駅前行","pattern_id":"68902","direction_id":"2","stop_count":15,"origin_stop_name":"葛西臨海公園駅前","destination_stop_name":"一之江駅前","path_type":"odpt-busstop-order-shape","source_stop_count":15,"solve_stop_count":15,"snap_fallback":true}},{"type":"Feature","id":"shape-Rinkai28-1-68903-2","geometry":{"type":"LineString","coordinates":[[139.862432,35.643891],[139.867981,35.644194],[139.869942,35.645993],[139.871586,35.647981],[139.872021,35.650742],[139.872316,35.654806],[139.872513,35.657693],[139.872779,35.661159],[139.873437,35.663217]]},"properties":{"route_id":"Rinkai28-1","route_title":"臨海２８－１ 葛西駅前行","pattern_id":"68903","direction_id":"2","stop_count":9,"origin_stop_name":"葛西臨海公園駅前","destination_stop_name":"葛西駅前","path_type":"odpt-busstop-order-shape","source_stop_count":9,"solve_stop_count":9,"snap_fallback":true}},{"type":"Feature","id":"shape-Rinkai28-1-68905-1","geometry":{"type":"LineString","coordinates":[[139.873508,35.666699],[139.873275,35.663072],[139.872947,35.658705],[139.87263,35.653859],[139.872377,35.650658],[139.871935,35.647812],[139.870117,35.645746],[139.868951,35.644663],[139.86182,35.643662]]},"properties":{"route_id":"Rinkai28-1","route_title":"臨海２８－１ 葛西臨海公園駅前行","pattern_id":"68905","direction_id":"1","stop_count":9,"origin_stop_name":"長島町交差点","destination_stop_name":"葛西臨海公園駅前","path_type":"odpt-busstop-order-shape","source_stop_count":9,"solve_stop_count":9,"snap_fallback":true}},{"type":"Feature","id":"shape-Rinkai28-1-68907-1","geometry":{"type":"LineString","coordinates":[[139.859011,35.647387],[139.861669,35.648643],[139.86357,35.647942],[139.866281,35.646953],[139.869942,35.645993],[139.871586,35.647981],[139.872021,35.650742],[139.872316,35.654806],[139.872513,35.657693],[139.872779,35.661159],[139.87287,35.663106],[139.873755,35.668631],[139.875447,35.67141],[139.877601,35.675335],[139.879173,35.678289],[139.880927,35.682353],[139.882106,35.685992],[139.882641,35.69108],[139.882403,35.693641],[139.881791,35.698359],[139.881445,35.701473]]},"properties":{"route_id":"Rinkai28-1","route_title":"臨海２８－１ 一之江橋西詰行","pattern_id":"68907","direction_id":"1","stop_count":21,"origin_stop_name":"臨海車庫前","destination_stop_name":"一之江橋西詰","path_type":"odpt-busstop-order-shape","source_stop_count":21,"solve_stop_count":21,"snap_fallback":true}},{"type":"Feature","id":"shape-Rinkai28-1-68908-2","geometry":{"type":"LineString","coordinates":[[139.882585,35.685884],[139.881213,35.682211],[139.879478,35.678371],[139.878261,35.675868],[139.875685,35.671345],[139.873508,35.666699],[139.873275,35.663072],[139.872947,35.658705],[139.87263,35.653859],[139.872377,35.650658],[139.871935,35.647812],[139.869021,35.645777],[139.866244,35.646803],[139.863563,35.647776],[139.860693,35.648359],[139.859377,35.647369]]},"properties":{"route_id":"Rinkai28-1","route_title":"臨海２８－１ 臨海車庫前行","pattern_id":"68908","direction_id":"2","stop_count":16,"origin_stop_name":"一之江駅前","destination_stop_name":"臨海車庫前","path_type":"odpt-busstop-order-shape","source_stop_count":16,"solve_stop_count":16,"snap_fallback":true}},{"type":"Feature","id":"shape-Rinkai28-1-68909-1","geometry":{"type":"LineString","coordinates":[[139.859011,35.647387],[139.861669,35.648643],[139.86357,35.647942],[139.866281,35.646953],[139.869942,35.645993],[139.871586,35.647981],[139.872021,35.650742],[139.872316,35.654806],[139.872513,35.657693],[139.872779,35.661159],[139.873437,35.663217]]},"properties":{"route_id":"Rinkai28-1","route_title":"臨海２８－１ 葛西駅前行","pattern_id":"68909","direction_id":"1","stop_count":11,"origin_stop_name":"臨海車庫前","destination_stop_name":"葛西駅前","path_type":"odpt-busstop-order-shape","source_stop_count":11,"solve_stop_count":11,"snap_fallback":true}},{"type":"Feature","id":"shape-Rinkai28-1-68909-2","geometry":{"type":"LineString","coordinates":[[139.873275,35.663072],[139.872947,35.658705],[139.87263,35.653859],[139.872377,35.650658],[139.871935,35.647812],[139.869021,35.645777],[139.866244,35.646803],[139.863563,35.647776],[139.860693,35.648359],[139.859377,35.647369]]},"properties":{"route_id":"Rinkai28-1","route_title":"臨海２８－１ 臨海車庫前行","pattern_id":"68909","direction_id":"2","stop_count":10,"origin_stop_name":"葛西駅前","destination_stop_name":"臨海車庫前","path_type":"odpt-busstop-order-shape","source_stop_count":10,"solve_stop_count":10,"snap_fallback":true}},{"type":"Feature","id":"shape-Rinkai28-2-69006-1","geometry":{"type":"LineString","coordinates":[[139.858875,35.646933],[139.859011,35.647387],[139.861669,35.648643],[139.86357,35.647942],[139.866281,35.646953],[139.869942,35.645993],[139.871586,35.647981],[139.872021,35.650742],[139.872316,35.654806],[139.872513,35.657693],[139.872779,35.661159],[139.87287,35.663106],[139.873755,35.668631],[139.875447,35.67141],[139.877601,35.675335],[139.879173,35.678289],[139.880927,35.682353],[139.882106,35.685992]]},"properties":{"route_id":"Rinkai28-2","route_title":"臨海２８－２ 一之江駅前行","pattern_id":"69006","direction_id":"1","stop_count":18,"origin_stop_name":"臨海車庫","destination_stop_name":"一之江駅前","path_type":"odpt-busstop-order-shape","source_stop_count":18,"solve_stop_count":18,"snap_fallback":true}},{"type":"Feature","id":"shape-Rinkai28-2-69006-2","geometry":{"type":"LineString","coordinates":[[139.882585,35.685884],[139.881213,35.682211],[139.879478,35.678371],[139.878261,35.675868],[139.875685,35.671345],[139.873508,35.666699],[139.873275,35.663072],[139.872947,35.658705],[139.87263,35.653859],[139.872377,35.650658],[139.871935,35.647812],[139.869021,35.645777],[139.866244,35.646803],[139.863563,35.647776],[139.860693,35.648359],[139.859377,35.647369],[139.858875,35.646933]]},"properties":{"route_id":"Rinkai28-2","route_title":"臨海２８－２ 臨海車庫行","pattern_id":"69006","direction_id":"2","stop_count":17,"origin_stop_name":"一之江駅前","destination_stop_name":"臨海車庫","path_type":"odpt-busstop-order-shape","source_stop_count":17,"solve_stop_count":17,"snap_fallback":true}},{"type":"Feature","id":"shape-Rinkai28-2-69007-1","geometry":{"type":"LineString","coordinates":[[139.858875,35.646933],[139.859011,35.647387],[139.861669,35.648643],[139.86357,35.647942],[139.866281,35.646953],[139.869942,35.645993],[139.871586,35.647981],[139.872021,35.650742],[139.872316,35.654806],[139.872513,35.657693],[139.872779,35.661159],[139.873462,35.66306]]},"properties":{"route_id":"Rinkai28-2","route_title":"臨海２８－２ 葛西駅前行","pattern_id":"69007","direction_id":"1","stop_count":12,"origin_stop_name":"臨海車庫","destination_stop_name":"葛西駅前","path_type":"odpt-busstop-order-shape","source_stop_count":12,"solve_stop_count":12,"snap_fallback":true}},{"type":"Feature","id":"shape-Rinkai28-2-69007-2","geometry":{"type":"LineString","coordinates":[[139.873275,35.663072],[139.872947,35.658705],[139.87263,35.653859],[139.872377,35.650658],[139.871935,35.647812],[139.869021,35.645777],[139.866244,35.646803],[139.863563,35.647776],[139.860693,35.648359],[139.859377,35.647369],[139.858875,35.646933]]},"properties":{"route_id":"Rinkai28-2","route_title":"臨海２８－２ 臨海車庫行","pattern_id":"69007","direction_id":"2","stop_count":11,"origin_stop_name":"葛西駅前","destination_stop_name":"臨海車庫","path_type":"odpt-busstop-order-shape","source_stop_count":11,"solve_stop_count":11,"snap_fallback":true}},{"type":"Feature","id":"shape-Toyosu01-73306-1","geometry":{"type":"LineString","coordinates":[[139.797086,35.654318],[139.801593,35.649201],[139.802956,35.646707],[139.804561,35.646468],[139.804369,35.647886]]},"properties":{"route_id":"Toyosu01","route_title":"豊洲０１ キャナルコート４街区前行","pattern_id":"73306","direction_id":"1","stop_count":5,"origin_stop_name":"豊洲駅前","destination_stop_name":"キャナルコート４街区前","path_type":"odpt-busstop-order-shape","source_stop_count":5,"solve_stop_count":5,"snap_fallback":true}},{"type":"Feature","id":"shape-Rinkai28-2-69008-1","geometry":{"type":"LineString","coordinates":[[139.872648,35.643304],[139.87282,35.64375],[139.875587,35.645124],[139.875711,35.646395],[139.876005,35.649892],[139.874643,35.651799],[139.872316,35.654806],[139.872513,35.657693],[139.872779,35.661159],[139.873462,35.66306]]},"properties":{"route_id":"Rinkai28-2","route_title":"臨海２８－２ 葛西駅前行","pattern_id":"69008","direction_id":"1","stop_count":10,"origin_stop_name":"コーシャハイム南葛西","destination_stop_name":"葛西駅前","path_type":"odpt-busstop-order-shape","source_stop_count":10,"solve_stop_count":10,"snap_fallback":true}},{"type":"Feature","id":"shape-Rinkai28-2-69008-2","geometry":{"type":"LineString","coordinates":[[139.873229,35.66246],[139.872947,35.658705],[139.87263,35.653859],[139.87277,35.652123],[139.876139,35.649928],[139.875827,35.646393],[139.875725,35.645336],[139.872089,35.643374]]},"properties":{"route_id":"Rinkai28-2","route_title":"臨海２８－２ コーシャハイム南葛西行","pattern_id":"69008","direction_id":"2","stop_count":8,"origin_stop_name":"葛西駅前","destination_stop_name":"コーシャハイム南葛西","path_type":"odpt-busstop-order-shape","source_stop_count":8,"solve_stop_count":8,"snap_fallback":true}},{"type":"Feature","id":"shape-Kasai24-69101-1","geometry":{"type":"LineString","coordinates":[[139.864066,35.68408],[139.862765,35.681947],[139.862215,35.67975],[139.865685,35.676151],[139.864446,35.675084],[139.86458,35.673145],[139.866054,35.672299],[139.86648,35.669818],[139.865582,35.667149],[139.86981,35.666221],[139.873274,35.663183],[139.872947,35.658705],[139.87263,35.653859],[139.872377,35.650658],[139.871935,35.647812],[139.87502,35.647095],[139.879412,35.646996]]},"properties":{"route_id":"Kasai24","route_title":"葛西２４ なぎさニュータウン行","pattern_id":"69101","direction_id":"1","stop_count":17,"origin_stop_name":"船堀駅前","destination_stop_name":"なぎさニュータウン","path_type":"odpt-busstop-order-shape","source_stop_count":17,"solve_stop_count":17,"snap_fallback":true}},{"type":"Feature","id":"shape-Kasai24-69102-2","geometry":{"type":"LineString","coordinates":[[139.871586,35.647981],[139.872021,35.650742],[139.872316,35.654806],[139.872513,35.657693],[139.872779,35.661159],[139.87287,35.663106],[139.869377,35.666063],[139.865279,35.667199],[139.866138,35.669288],[139.866032,35.672213],[139.864135,35.673346],[139.864152,35.674924],[139.866024,35.676598],[139.863485,35.67884],[139.862852,35.682429],[139.864156,35.68349]]},"properties":{"route_id":"Kasai24","route_title":"葛西２４ 船堀駅前行","pattern_id":"69102","direction_id":"2","stop_count":16,"origin_stop_name":"堀江団地","destination_stop_name":"船堀駅前","path_type":"odpt-busstop-order-shape","source_stop_count":16,"solve_stop_count":16,"snap_fallback":true}},{"type":"Feature","id":"shape-Kasai24-69103-1","geometry":{"type":"LineString","coordinates":[[139.873274,35.663183],[139.872947,35.658705],[139.87263,35.653859],[139.872377,35.650658],[139.871935,35.647812],[139.87502,35.647095],[139.879412,35.646996]]},"properties":{"route_id":"Kasai24","route_title":"葛西２４ なぎさニュータウン行","pattern_id":"69103","direction_id":"1","stop_count":7,"origin_stop_name":"葛西駅前","destination_stop_name":"なぎさニュータウン","path_type":"odpt-busstop-order-shape","source_stop_count":7,"solve_stop_count":7,"snap_fallback":true}},{"type":"Feature","id":"shape-Kasai24-69103-2","geometry":{"type":"LineString","coordinates":[[139.879687,35.647187],[139.874754,35.647029],[139.871586,35.647981],[139.872021,35.650742],[139.872316,35.654806],[139.872513,35.657693],[139.872779,35.661159],[139.873437,35.663217]]},"properties":{"route_id":"Kasai24","route_title":"葛西２４ 葛西駅前行","pattern_id":"69103","direction_id":"2","stop_count":8,"origin_stop_name":"なぎさニュータウン","destination_stop_name":"葛西駅前","path_type":"odpt-busstop-order-shape","source_stop_count":8,"solve_stop_count":8,"snap_fallback":true}},{"type":"Feature","id":"shape-T03-73507-1","geometry":{"type":"LineString","coordinates":[[139.773363,35.652299],[139.775045,35.650937],[139.77946,35.653963],[139.780929,35.655812],[139.77817,35.658639],[139.776323,35.660462],[139.772052,35.664928],[139.770098,35.666857],[139.768853,35.667885],[139.76569,35.670568],[139.762572,35.672744],[139.760094,35.67441],[139.751773,35.677192],[139.744175,35.682201],[139.742294,35.683948],[139.740506,35.684051],[139.738817,35.683848],[139.733552,35.6845],[139.730223,35.686366]]},"properties":{"route_id":"T03","route_title":"都０３ 四谷駅行","pattern_id":"73507","direction_id":"1","stop_count":19,"origin_stop_name":"晴海五丁目ターミナル","destination_stop_name":"四谷駅","path_type":"odpt-busstop-order-shape","source_stop_count":19,"solve_stop_count":19,"snap_fallback":true}},{"type":"Feature","id":"shape-Nishikatsu20Kou-69201-1","geometry":{"type":"LineString","coordinates":[[139.859181,35.664117],[139.859154,35.658855],[139.861185,35.657362],[139.864389,35.656592],[139.86865,35.655806],[139.869886,35.654173],[139.869282,35.6492],[139.870785,35.647722],[139.87502,35.647095],[139.879412,35.646996]]},"properties":{"route_id":"Nishikatsu20Kou","route_title":"西葛２０甲 なぎさニュータウン行","pattern_id":"69201","direction_id":"1","stop_count":10,"origin_stop_name":"西葛西駅前","destination_stop_name":"なぎさニュータウン","path_type":"odpt-busstop-order-shape","source_stop_count":10,"solve_stop_count":10,"snap_fallback":true}},{"type":"Feature","id":"shape-Nishikatsu20Kou-69201-2","geometry":{"type":"LineString","coordinates":[[139.879678,35.647065],[139.874754,35.647029],[139.870536,35.64769],[139.869193,35.649457],[139.869664,35.654009],[139.868505,35.655878],[139.864222,35.656497],[139.861049,35.657273],[139.858991,35.658853],[139.859181,35.664117]]},"properties":{"route_id":"Nishikatsu20Kou","route_title":"西葛２０甲 西葛西駅前行","pattern_id":"69201","direction_id":"2","stop_count":10,"origin_stop_name":"なぎさニュータウン","destination_stop_name":"西葛西駅前","path_type":"odpt-busstop-order-shape","source_stop_count":10,"solve_stop_count":10,"snap_fallback":true}},{"type":"Feature","id":"shape-Nishikatsu20Otsu-69202-1","geometry":{"type":"LineString","coordinates":[[139.859202,35.664217],[139.859154,35.658855],[139.861185,35.657362],[139.863842,35.656226],[139.863562,35.652719],[139.862626,35.649815],[139.861669,35.648643],[139.86357,35.647942],[139.866281,35.646953],[139.868739,35.646051],[139.868951,35.644663],[139.86182,35.643662]]},"properties":{"route_id":"Nishikatsu20Otsu","route_title":"西葛２０乙 葛西臨海公園駅前行","pattern_id":"69202","direction_id":"1","stop_count":12,"origin_stop_name":"西葛西駅前","destination_stop_name":"葛西臨海公園駅前","path_type":"odpt-busstop-order-shape","source_stop_count":12,"solve_stop_count":12,"snap_fallback":true}},{"type":"Feature","id":"shape-Nishikatsu20Otsu-69202-2","geometry":{"type":"LineString","coordinates":[[139.862225,35.643965],[139.867981,35.644194],[139.869021,35.645777],[139.866244,35.646803],[139.863563,35.647776],[139.86147,35.649223],[139.862917,35.650503],[139.863246,35.651985],[139.86356,35.655913],[139.861049,35.657273],[139.858991,35.658853],[139.859202,35.664217]]},"properties":{"route_id":"Nishikatsu20Otsu","route_title":"西葛２０乙 西葛西駅前行","pattern_id":"69202","direction_id":"2","stop_count":12,"origin_stop_name":"葛西臨海公園駅前","destination_stop_name":"西葛西駅前","path_type":"odpt-busstop-order-shape","source_stop_count":12,"solve_stop_count":12,"snap_fallback":true}},{"type":"Feature","id":"shape-Ki11Kou-72009-1","geometry":{"type":"LineString","coordinates":[[139.816922,35.669697],[139.821475,35.669892],[139.824875,35.66534],[139.823837,35.66273],[139.82395,35.660899],[139.824133,35.658434],[139.825201,35.649828],[139.826025,35.645614]]},"properties":{"route_id":"Ki11Kou","route_title":"木１１甲 新木場駅前（構内）行","pattern_id":"72009","direction_id":"1","stop_count":8,"origin_stop_name":"東陽町駅前","destination_stop_name":"新木場駅前（構内）","path_type":"odpt-busstop-order-shape","source_stop_count":8,"solve_stop_count":8,"snap_fallback":true}},{"type":"Feature","id":"shape-Kasai21-69301-1","geometry":{"type":"LineString","coordinates":[[139.873437,35.663217],[139.87733,35.65979],[139.879778,35.659425],[139.881324,35.657871],[139.88099,35.655908],[139.88041,35.652582],[139.880016,35.649931],[139.879711,35.647342],[139.875827,35.646393],[139.875725,35.645336],[139.872089,35.643374],[139.87134,35.642442],[139.86182,35.643662]]},"properties":{"route_id":"Kasai21","route_title":"葛西２１ 葛西臨海公園駅前行","pattern_id":"69301","direction_id":"1","stop_count":13,"origin_stop_name":"葛西駅前","destination_stop_name":"葛西臨海公園駅前","path_type":"odpt-busstop-order-shape","source_stop_count":13,"solve_stop_count":13,"snap_fallback":true}},{"type":"Feature","id":"shape-Kasai21-69302-1","geometry":{"type":"LineString","coordinates":[[139.873437,35.663217],[139.87733,35.65979],[139.879778,35.659425],[139.881324,35.657871],[139.88099,35.655908],[139.88041,35.652582],[139.880016,35.649931],[139.879711,35.647342],[139.875827,35.646393],[139.875725,35.645336],[139.872089,35.643374]]},"properties":{"route_id":"Kasai21","route_title":"葛西２１ コーシャハイム南葛西行","pattern_id":"69302","direction_id":"1","stop_count":11,"origin_stop_name":"葛西駅前","destination_stop_name":"コーシャハイム南葛西","path_type":"odpt-busstop-order-shape","source_stop_count":11,"solve_stop_count":11,"snap_fallback":true}},{"type":"Feature","id":"shape-Kasai21-69306-1","geometry":{"type":"LineString","coordinates":[[139.873437,35.663217],[139.87733,35.65979],[139.879778,35.659425],[139.881324,35.657871],[139.88099,35.655908],[139.88041,35.652582],[139.880016,35.649931],[139.879711,35.647342],[139.875827,35.646393],[139.875725,35.645336],[139.872089,35.643374],[139.86182,35.643662]]},"properties":{"route_id":"Kasai21","route_title":"葛西２１ 葛西臨海公園駅前行","pattern_id":"69306","direction_id":"1","stop_count":12,"origin_stop_name":"葛西駅前","destination_stop_name":"葛西臨海公園駅前","path_type":"odpt-busstop-order-shape","source_stop_count":12,"solve_stop_count":12,"snap_fallback":true}},{"type":"Feature","id":"shape-Kasai21-69308-2","geometry":{"type":"LineString","coordinates":[[139.861978,35.644039],[139.87105,35.643103],[139.87282,35.64375],[139.875587,35.645124],[139.875711,35.646395],[139.879412,35.646996],[139.879635,35.64884],[139.880088,35.652185],[139.880741,35.655948],[139.881102,35.658059],[139.879513,35.659166],[139.876383,35.659633],[139.873437,35.663217]]},"properties":{"route_id":"Kasai21","route_title":"葛西２１ 葛西駅前行","pattern_id":"69308","direction_id":"2","stop_count":13,"origin_stop_name":"葛西臨海公園駅前","destination_stop_name":"葛西駅前","path_type":"odpt-busstop-order-shape","source_stop_count":13,"solve_stop_count":13,"snap_fallback":true}},{"type":"Feature","id":"shape-Higashi16-73003-2","geometry":{"type":"LineString","coordinates":[[139.783694,35.674376],[139.781974,35.674495],[139.779792,35.675944],[139.777684,35.676699],[139.77574,35.67745],[139.770868,35.679398],[139.767963,35.67924]]},"properties":{"route_id":"Higashi16","route_title":"東１６ 東京駅八重洲口行","pattern_id":"73003","direction_id":"2","stop_count":7,"origin_stop_name":"住友ツインビル前","destination_stop_name":"東京駅八重洲口","path_type":"odpt-busstop-order-shape","source_stop_count":7,"solve_stop_count":7,"snap_fallback":true}},{"type":"Feature","id":"shape-Kasai21-69309-2","geometry":{"type":"LineString","coordinates":[[139.872648,35.643304],[139.87282,35.64375],[139.875587,35.645124],[139.875711,35.646395],[139.879412,35.646996],[139.879635,35.64884],[139.880088,35.652185],[139.880741,35.655948],[139.881102,35.658059],[139.879513,35.659166],[139.876383,35.659633],[139.873437,35.663217]]},"properties":{"route_id":"Kasai21","route_title":"葛西２１ 葛西駅前行","pattern_id":"69309","direction_id":"2","stop_count":12,"origin_stop_name":"コーシャハイム南葛西","destination_stop_name":"葛西駅前","path_type":"odpt-busstop-order-shape","source_stop_count":12,"solve_stop_count":12,"snap_fallback":true}},{"type":"Feature","id":"shape-Ki11Kou-72001-3","geometry":{"type":"LineString","coordinates":[[139.806468,35.669486],[139.810303,35.669429],[139.813733,35.669555],[139.816922,35.669697],[139.821475,35.669892],[139.824875,35.66534],[139.823837,35.66273],[139.82395,35.660899],[139.824133,35.658434],[139.825201,35.649828],[139.826485,35.645477],[139.832063,35.645249],[139.835705,35.644309],[139.835115,35.640098],[139.836817,35.636596],[139.834645,35.634663],[139.82916,35.632893],[139.824864,35.63254],[139.823348,35.635707],[139.823108,35.637428],[139.823907,35.641731],[139.825462,35.645613],[139.82497,35.649533],[139.823848,35.658597],[139.823717,35.66019],[139.824916,35.665618],[139.821512,35.669647],[139.817132,35.669471]]},"properties":{"route_id":"Ki11Kou","route_title":"木１１甲 東陽町駅前行","pattern_id":"72001","direction_id":"3","stop_count":28,"origin_stop_name":"木場駅前","destination_stop_name":"東陽町駅前","path_type":"odpt-busstop-order-shape","source_stop_count":28,"solve_stop_count":28,"snap_fallback":true}},{"type":"Feature","id":"shape-Ki11Kou-72002-1","geometry":{"type":"LineString","coordinates":[[139.816922,35.669697],[139.821475,35.669892],[139.824875,35.66534],[139.823837,35.66273],[139.82395,35.660899],[139.824133,35.658434],[139.825201,35.649828],[139.82651,35.645327],[139.832063,35.645249],[139.835705,35.644309],[139.835115,35.640098],[139.836817,35.636596],[139.836319,35.631335],[139.832366,35.628827],[139.831042,35.627524],[139.832387,35.626297],[139.833547,35.624922],[139.834562,35.619529]]},"properties":{"route_id":"Ki11Kou","route_title":"木１１甲 若洲キャンプ場前行","pattern_id":"72002","direction_id":"1","stop_count":18,"origin_stop_name":"東陽町駅前","destination_stop_name":"若洲キャンプ場前","path_type":"odpt-busstop-order-shape","source_stop_count":18,"solve_stop_count":18,"snap_fallback":true}},{"type":"Feature","id":"shape-Ki11Kou-72002-2","geometry":{"type":"LineString","coordinates":[[139.834562,35.619529],[139.833526,35.62472],[139.832217,35.626484],[139.8308,35.627472],[139.832514,35.62863],[139.835555,35.629463],[139.834645,35.634663],[139.82916,35.632893],[139.824864,35.63254],[139.823348,35.635707],[139.823108,35.637428],[139.823907,35.641731],[139.825462,35.645613],[139.82497,35.649533],[139.823848,35.658597],[139.823717,35.66019],[139.824916,35.665618],[139.821512,35.669647],[139.817132,35.669471]]},"properties":{"route_id":"Ki11Kou","route_title":"木１１甲 東陽町駅前行","pattern_id":"72002","direction_id":"2","stop_count":19,"origin_stop_name":"若洲キャンプ場前","destination_stop_name":"東陽町駅前","path_type":"odpt-busstop-order-shape","source_stop_count":19,"solve_stop_count":19,"snap_fallback":true}},{"type":"Feature","id":"shape-Ki11Kou-72003-1","geometry":{"type":"LineString","coordinates":[[139.82651,35.645327],[139.832063,35.645249],[139.835705,35.644309],[139.835115,35.640098],[139.836817,35.636596],[139.836319,35.631335],[139.832366,35.628827],[139.831042,35.627524],[139.832387,35.626297],[139.833547,35.624922],[139.834562,35.619529]]},"properties":{"route_id":"Ki11Kou","route_title":"木１１甲 若洲キャンプ場前行","pattern_id":"72003","direction_id":"1","stop_count":11,"origin_stop_name":"新木場駅前（構内）","destination_stop_name":"若洲キャンプ場前","path_type":"odpt-busstop-order-shape","source_stop_count":11,"solve_stop_count":11,"snap_fallback":true}},{"type":"Feature","id":"shape-Ki11Kou-72003-2","geometry":{"type":"LineString","coordinates":[[139.834562,35.619529],[139.833526,35.62472],[139.832217,35.626484],[139.8308,35.627472],[139.832514,35.62863],[139.835555,35.629463],[139.834645,35.634663],[139.82916,35.632893],[139.824864,35.63254],[139.823348,35.635707],[139.823108,35.637428],[139.823907,35.641731],[139.826025,35.645614]]},"properties":{"route_id":"Ki11Kou","route_title":"木１１甲 新木場駅前（構内）行","pattern_id":"72003","direction_id":"2","stop_count":13,"origin_stop_name":"若洲キャンプ場前","destination_stop_name":"新木場駅前（構内）","path_type":"odpt-busstop-order-shape","source_stop_count":13,"solve_stop_count":13,"snap_fallback":true}},{"type":"Feature","id":"shape-Ki11Kou-72004-1","geometry":{"type":"LineString","coordinates":[[139.816922,35.669697],[139.821475,35.669892],[139.824875,35.66534],[139.823837,35.66273],[139.82395,35.660899],[139.824133,35.658434],[139.825201,35.649828],[139.82651,35.645327],[139.832063,35.645249],[139.835705,35.644309],[139.835115,35.640098],[139.836817,35.636596],[139.836319,35.631335],[139.834562,35.619529]]},"properties":{"route_id":"Ki11Kou","route_title":"木１１甲 若洲キャンプ場前行","pattern_id":"72004","direction_id":"1","stop_count":14,"origin_stop_name":"東陽町駅前","destination_stop_name":"若洲キャンプ場前","path_type":"odpt-busstop-order-shape","source_stop_count":14,"solve_stop_count":14,"snap_fallback":true}},{"type":"Feature","id":"shape-Ki11Kou-72004-2","geometry":{"type":"LineString","coordinates":[[139.834562,35.619529],[139.835555,35.629463],[139.834645,35.634663],[139.82916,35.632893],[139.824864,35.63254],[139.823348,35.635707],[139.823108,35.637428],[139.823907,35.641731],[139.825462,35.645613],[139.82497,35.649533],[139.823848,35.658597],[139.823717,35.66019],[139.824916,35.665618],[139.821512,35.669647],[139.817132,35.669471]]},"properties":{"route_id":"Ki11Kou","route_title":"木１１甲 東陽町駅前行","pattern_id":"72004","direction_id":"2","stop_count":15,"origin_stop_name":"若洲キャンプ場前","destination_stop_name":"東陽町駅前","path_type":"odpt-busstop-order-shape","source_stop_count":15,"solve_stop_count":15,"snap_fallback":true}},{"type":"Feature","id":"shape-Ki11Kou-72005-3","geometry":{"type":"LineString","coordinates":[[139.816922,35.669697],[139.821475,35.669892],[139.824875,35.66534],[139.823837,35.66273],[139.82395,35.660899],[139.824133,35.658434],[139.825201,35.649828],[139.826485,35.645477],[139.832063,35.645249],[139.835705,35.644309],[139.835115,35.640098],[139.836817,35.636596],[139.834645,35.634663],[139.82916,35.632893],[139.824864,35.63254],[139.823348,35.635707],[139.823108,35.637428],[139.823907,35.641731],[139.825462,35.645613],[139.82497,35.649533],[139.823848,35.658597],[139.823717,35.66019],[139.824916,35.665618],[139.821512,35.669647],[139.817132,35.669471],[139.813518,35.669319],[139.811608,35.669242],[139.806562,35.669304]]},"properties":{"route_id":"Ki11Kou","route_title":"木１１甲 木場駅前行","pattern_id":"72005","direction_id":"3","stop_count":28,"origin_stop_name":"東陽町駅前","destination_stop_name":"木場駅前","path_type":"odpt-busstop-order-shape","source_stop_count":28,"solve_stop_count":28,"snap_fallback":true}},{"type":"Feature","id":"shape-Ki11Kou-72006-3","geometry":{"type":"LineString","coordinates":[[139.816922,35.669697],[139.821475,35.669892],[139.824875,35.66534],[139.823837,35.66273],[139.82395,35.660899],[139.824133,35.658434],[139.825201,35.649828],[139.826485,35.645477],[139.832063,35.645249],[139.835705,35.644309],[139.835115,35.640098],[139.836817,35.636596],[139.834645,35.634663],[139.82916,35.632893],[139.824864,35.63254],[139.823348,35.635707],[139.823108,35.637428],[139.823907,35.641731],[139.825462,35.645613],[139.82497,35.649533],[139.823848,35.658597],[139.823717,35.66019],[139.824916,35.665618],[139.821512,35.669647],[139.817132,35.669471]]},"properties":{"route_id":"Ki11Kou","route_title":"木１１甲 東陽町駅前行","pattern_id":"72006","direction_id":"3","stop_count":25,"origin_stop_name":"東陽町駅前","destination_stop_name":"東陽町駅前","path_type":"odpt-busstop-order-shape","source_stop_count":25,"solve_stop_count":25,"snap_fallback":true}},{"type":"Feature","id":"shape-Ki11Kou-72007-3","geometry":{"type":"LineString","coordinates":[[139.816922,35.669697],[139.821475,35.669892],[139.824875,35.66534],[139.823837,35.66273],[139.82395,35.660899],[139.824133,35.658434],[139.825201,35.649828],[139.826485,35.645477],[139.832063,35.645249],[139.835705,35.644309],[139.835115,35.640098],[139.836817,35.636596],[139.834645,35.634663],[139.82916,35.632893],[139.824864,35.63254],[139.823348,35.635707],[139.823108,35.637428],[139.823907,35.641731],[139.826025,35.645614]]},"properties":{"route_id":"Ki11Kou","route_title":"木１１甲 新木場駅前（構内）行","pattern_id":"72007","direction_id":"3","stop_count":19,"origin_stop_name":"東陽町駅前","destination_stop_name":"新木場駅前（構内）","path_type":"odpt-busstop-order-shape","source_stop_count":19,"solve_stop_count":19,"snap_fallback":true}},{"type":"Feature","id":"shape-Ki11Kou-72008-3","geometry":{"type":"LineString","coordinates":[[139.826485,35.645477],[139.832063,35.645249],[139.835705,35.644309],[139.835115,35.640098],[139.836817,35.636596],[139.834645,35.634663],[139.82916,35.632893],[139.824864,35.63254],[139.823348,35.635707],[139.823108,35.637428],[139.823907,35.641731],[139.825462,35.645613],[139.82497,35.649533],[139.823848,35.658597],[139.823717,35.66019],[139.824916,35.665618],[139.821512,35.669647],[139.817132,35.669471]]},"properties":{"route_id":"Ki11Kou","route_title":"木１１甲 東陽町駅前行","pattern_id":"72008","direction_id":"3","stop_count":18,"origin_stop_name":"新木場駅前（構内）","destination_stop_name":"東陽町駅前","path_type":"odpt-busstop-order-shape","source_stop_count":18,"solve_stop_count":18,"snap_fallback":true}},{"type":"Feature","id":"shape-Ki11Kou-72009-2","geometry":{"type":"LineString","coordinates":[[139.825462,35.645613],[139.82497,35.649533],[139.823848,35.658597],[139.823717,35.66019],[139.824916,35.665618],[139.821512,35.669647],[139.817132,35.669471]]},"properties":{"route_id":"Ki11Kou","route_title":"木１１甲 東陽町駅前行","pattern_id":"72009","direction_id":"2","stop_count":7,"origin_stop_name":"新木場駅前（明治通り）","destination_stop_name":"東陽町駅前","path_type":"odpt-busstop-order-shape","source_stop_count":7,"solve_stop_count":7,"snap_fallback":true}},{"type":"Feature","id":"shape-Ki11Kou-72010-1","geometry":{"type":"LineString","coordinates":[[139.82395,35.660899],[139.824133,35.658434],[139.825201,35.649828],[139.826025,35.645614]]},"properties":{"route_id":"Ki11Kou","route_title":"木１１甲 新木場駅前（構内）行","pattern_id":"72010","direction_id":"1","stop_count":4,"origin_stop_name":"新東京郵便局前","destination_stop_name":"新木場駅前（構内）","path_type":"odpt-busstop-order-shape","source_stop_count":4,"solve_stop_count":4,"snap_fallback":true}},{"type":"Feature","id":"shape-Ki11Kou-72011-2","geometry":{"type":"LineString","coordinates":[[139.823717,35.66019],[139.824916,35.665618],[139.821512,35.669647],[139.817132,35.669471]]},"properties":{"route_id":"Ki11Kou","route_title":"木１１甲 東陽町駅前行","pattern_id":"72011","direction_id":"2","stop_count":4,"origin_stop_name":"新東京郵便局前","destination_stop_name":"東陽町駅前","path_type":"odpt-busstop-order-shape","source_stop_count":4,"solve_stop_count":4,"snap_fallback":true}},{"type":"Feature","id":"shape-Ki11Kou-72012-3","geometry":{"type":"LineString","coordinates":[[139.826485,35.645477],[139.832063,35.645249],[139.835705,35.644309],[139.835115,35.640098],[139.836817,35.636596],[139.834645,35.634663],[139.82916,35.632893],[139.824864,35.63254],[139.823348,35.635707],[139.823108,35.637428],[139.823907,35.641731],[139.826025,35.645614]]},"properties":{"route_id":"Ki11Kou","route_title":"木１１甲 新木場駅前（構内）行","pattern_id":"72012","direction_id":"3","stop_count":12,"origin_stop_name":"新木場駅前（構内）","destination_stop_name":"新木場駅前（構内）","path_type":"odpt-busstop-order-shape","source_stop_count":12,"solve_stop_count":12,"snap_fallback":true}},{"type":"Feature","id":"shape-Higashi16-73005-1","geometry":{"type":"LineString","coordinates":[[139.768326,35.679839],[139.772418,35.679149],[139.775934,35.677646],[139.777156,35.677169],[139.780264,35.675847],[139.78321,35.673396],[139.785346,35.668495],[139.786046,35.667456],[139.786043,35.665177],[139.78827,35.659457],[139.790654,35.659121],[139.79277,35.658676],[139.794522,35.65688],[139.797249,35.654154],[139.798675,35.652672],[139.801593,35.649201],[139.801908,35.647065],[139.802205,35.645147],[139.802619,35.643281]]},"properties":{"route_id":"Higashi16","route_title":"東１６ 深川車庫前行","pattern_id":"73005","direction_id":"1","stop_count":19,"origin_stop_name":"東京駅八重洲口","destination_stop_name":"深川車庫前","path_type":"odpt-busstop-order-shape","source_stop_count":19,"solve_stop_count":19,"snap_fallback":true}},{"type":"Feature","id":"shape-Higashi16-73005-2","geometry":{"type":"LineString","coordinates":[[139.802599,35.643136],[139.801586,35.646797],[139.801294,35.649075],[139.798395,35.652375],[139.795161,35.65489],[139.794463,35.656371],[139.793225,35.657604],[139.790741,35.658779],[139.788003,35.659296],[139.785872,35.665343],[139.785879,35.66738],[139.785027,35.669007],[139.781974,35.674495],[139.779792,35.675944],[139.777684,35.676699],[139.77574,35.67745],[139.770868,35.679398],[139.767963,35.67924]]},"properties":{"route_id":"Higashi16","route_title":"東１６ 東京駅八重洲口行","pattern_id":"73005","direction_id":"2","stop_count":18,"origin_stop_name":"深川車庫前","destination_stop_name":"東京駅八重洲口","path_type":"odpt-busstop-order-shape","source_stop_count":18,"solve_stop_count":18,"snap_fallback":true}},{"type":"Feature","id":"shape-Ki11Kou-72014-1","geometry":{"type":"LineString","coordinates":[[139.82651,35.645327],[139.832063,35.645249],[139.835705,35.644309],[139.835115,35.640098],[139.836817,35.636596],[139.836319,35.631335],[139.834562,35.619529]]},"properties":{"route_id":"Ki11Kou","route_title":"木１１甲 若洲キャンプ場前行","pattern_id":"72014","direction_id":"1","stop_count":7,"origin_stop_name":"新木場駅前（構内）","destination_stop_name":"若洲キャンプ場前","path_type":"odpt-busstop-order-shape","source_stop_count":7,"solve_stop_count":7,"snap_fallback":true}},{"type":"Feature","id":"shape-Ki11Kou-72014-2","geometry":{"type":"LineString","coordinates":[[139.834562,35.619529],[139.835555,35.629463],[139.834645,35.634663],[139.82916,35.632893],[139.824864,35.63254],[139.823348,35.635707],[139.823108,35.637428],[139.823907,35.641731],[139.826025,35.645614]]},"properties":{"route_id":"Ki11Kou","route_title":"木１１甲 新木場駅前（構内）行","pattern_id":"72014","direction_id":"2","stop_count":9,"origin_stop_name":"若洲キャンプ場前","destination_stop_name":"新木場駅前（構内）","path_type":"odpt-busstop-order-shape","source_stop_count":9,"solve_stop_count":9,"snap_fallback":true}},{"type":"Feature","id":"shape-Nishiki13-72102-1","geometry":{"type":"LineString","coordinates":[[139.814529,35.695894],[139.815312,35.694386],[139.815557,35.691907],[139.814925,35.688883],[139.810858,35.688157],[139.811107,35.685753],[139.811348,35.683327],[139.811626,35.68082],[139.812004,35.677931],[139.812199,35.675119],[139.811493,35.672081],[139.810989,35.669848],[139.811055,35.667468],[139.811531,35.663924],[139.80798,35.663044],[139.806481,35.661606],[139.807411,35.658843],[139.804407,35.656856],[139.801598,35.657765],[139.798407,35.655633],[139.797086,35.654318]]},"properties":{"route_id":"Nishiki13","route_title":"錦１３ 豊洲駅前行","pattern_id":"72102","direction_id":"1","stop_count":21,"origin_stop_name":"錦糸町駅前","destination_stop_name":"豊洲駅前","path_type":"odpt-busstop-order-shape","source_stop_count":21,"solve_stop_count":21,"snap_fallback":true}},{"type":"Feature","id":"shape-Nishiki13-72102-2","geometry":{"type":"LineString","coordinates":[[139.797318,35.655265],[139.798442,35.656019],[139.802642,35.658053],[139.80452,35.657131],[139.807247,35.658924],[139.80613,35.661587],[139.808455,35.663264],[139.810773,35.664187],[139.810758,35.667469],[139.810942,35.670209],[139.811383,35.672179],[139.812092,35.675182],[139.811771,35.678715],[139.81149,35.680889],[139.811164,35.683962],[139.810917,35.686331],[139.810621,35.689279],[139.810487,35.690644],[139.809574,35.694178],[139.810308,35.695455],[139.814529,35.695894]]},"properties":{"route_id":"Nishiki13","route_title":"錦１３ 錦糸町駅前行","pattern_id":"72102","direction_id":"2","stop_count":21,"origin_stop_name":"豊洲駅前","destination_stop_name":"錦糸町駅前","path_type":"odpt-busstop-order-shape","source_stop_count":21,"solve_stop_count":21,"snap_fallback":true}},{"type":"Feature","id":"shape-Higashi16-73006-1","geometry":{"type":"LineString","coordinates":[[139.768326,35.679839],[139.772418,35.679149],[139.775934,35.677646],[139.777156,35.677169],[139.780264,35.675847],[139.78321,35.673396],[139.785346,35.668495],[139.786046,35.667456],[139.786043,35.665177],[139.78827,35.659457],[139.790654,35.659121],[139.79277,35.658676],[139.794522,35.65688],[139.797249,35.654154],[139.798675,35.652672],[139.801593,35.649201],[139.801908,35.647065],[139.801311,35.645461],[139.799814,35.645321],[139.797713,35.643582],[139.795542,35.641035],[139.79368,35.639726],[139.791799,35.638672],[139.788025,35.636646],[139.785323,35.635145]]},"properties":{"route_id":"Higashi16","route_title":"東１６ 有明一丁目行","pattern_id":"73006","direction_id":"1","stop_count":25,"origin_stop_name":"東京駅八重洲口","destination_stop_name":"有明一丁目","path_type":"odpt-busstop-order-shape","source_stop_count":25,"solve_stop_count":25,"snap_fallback":true}},{"type":"Feature","id":"shape-Higashi16-73007-1","geometry":{"type":"LineString","coordinates":[[139.768326,35.679839],[139.772418,35.679149],[139.775934,35.677646],[139.777156,35.677169],[139.780264,35.675847],[139.78321,35.673396],[139.785346,35.668495],[139.786046,35.667456],[139.786043,35.665177],[139.783595,35.661627],[139.785578,35.659746],[139.790654,35.659121],[139.79277,35.658676],[139.794522,35.65688],[139.797249,35.654154],[139.798675,35.652672],[139.801593,35.649201],[139.801908,35.647065],[139.802205,35.645147],[139.802619,35.643281]]},"properties":{"route_id":"Higashi16","route_title":"東１６ 深川車庫前行","pattern_id":"73007","direction_id":"1","stop_count":20,"origin_stop_name":"東京駅八重洲口","destination_stop_name":"深川車庫前","path_type":"odpt-busstop-order-shape","source_stop_count":20,"solve_stop_count":20,"snap_fallback":true}},{"type":"Feature","id":"shape-Higashi16-73007-2","geometry":{"type":"LineString","coordinates":[[139.802599,35.643136],[139.801586,35.646797],[139.801294,35.649075],[139.798395,35.652375],[139.795161,35.65489],[139.794463,35.656371],[139.793225,35.657604],[139.790741,35.658779],[139.786016,35.657912],[139.783393,35.658226],[139.781621,35.660086],[139.781815,35.662395],[139.785872,35.665343],[139.785879,35.66738],[139.785027,35.669007],[139.781974,35.674495],[139.779792,35.675944],[139.777684,35.676699],[139.77574,35.67745],[139.770868,35.679398],[139.767963,35.67924]]},"properties":{"route_id":"Higashi16","route_title":"東１６ 東京駅八重洲口行","pattern_id":"73007","direction_id":"2","stop_count":21,"origin_stop_name":"深川車庫前","destination_stop_name":"東京駅八重洲口","path_type":"odpt-busstop-order-shape","source_stop_count":21,"solve_stop_count":21,"snap_fallback":true}},{"type":"Feature","id":"shape-Nishiki13-72104-2","geometry":{"type":"LineString","coordinates":[[139.810942,35.670209],[139.811383,35.672179],[139.812092,35.675182],[139.811771,35.678715],[139.81149,35.680889],[139.811164,35.683962],[139.810917,35.686331],[139.810621,35.689279],[139.810487,35.690644],[139.809574,35.694178],[139.810308,35.695455],[139.814529,35.695894]]},"properties":{"route_id":"Nishiki13","route_title":"錦１３ 錦糸町駅前行","pattern_id":"72104","direction_id":"2","stop_count":12,"origin_stop_name":"東陽三丁目","destination_stop_name":"錦糸町駅前","path_type":"odpt-busstop-order-shape","source_stop_count":12,"solve_stop_count":12,"snap_fallback":true}},{"type":"Feature","id":"shape-Nishiki13-72106-1","geometry":{"type":"LineString","coordinates":[[139.814529,35.695894],[139.815312,35.694386],[139.815557,35.691907],[139.814925,35.688883],[139.810858,35.688157],[139.811107,35.685753],[139.811348,35.683327],[139.811626,35.68082],[139.812004,35.677931],[139.812199,35.675119],[139.811493,35.672081],[139.810989,35.669848],[139.811055,35.667468],[139.811531,35.663924],[139.80798,35.663044],[139.806481,35.661606],[139.808293,35.658844],[139.811277,35.655469],[139.811923,35.65145],[139.812404,35.648087],[139.812564,35.647056],[139.812457,35.642047],[139.804276,35.640858],[139.802619,35.643281]]},"properties":{"route_id":"Nishiki13","route_title":"錦１３ 深川車庫前行","pattern_id":"72106","direction_id":"1","stop_count":24,"origin_stop_name":"錦糸町駅前","destination_stop_name":"深川車庫前","path_type":"odpt-busstop-order-shape","source_stop_count":24,"solve_stop_count":24,"snap_fallback":true}},{"type":"Feature","id":"shape-Nishiki13-72106-2","geometry":{"type":"LineString","coordinates":[[139.802599,35.643136],[139.804455,35.640925],[139.811992,35.642148],[139.812234,35.646796],[139.811925,35.648916],[139.811617,35.651121],[139.810421,35.656235],[139.807992,35.658767],[139.80613,35.661587],[139.808455,35.663264],[139.810773,35.664187],[139.810758,35.667469],[139.810942,35.670209],[139.811383,35.672179],[139.812092,35.675182],[139.811771,35.678715],[139.81149,35.680889],[139.811164,35.683962],[139.810917,35.686331],[139.810621,35.689279],[139.810487,35.690644],[139.809574,35.694178],[139.810308,35.695455],[139.814529,35.695894]]},"properties":{"route_id":"Nishiki13","route_title":"錦１３ 錦糸町駅前行","pattern_id":"72106","direction_id":"2","stop_count":24,"origin_stop_name":"深川車庫前","destination_stop_name":"錦糸町駅前","path_type":"odpt-busstop-order-shape","source_stop_count":24,"solve_stop_count":24,"snap_fallback":true}},{"type":"Feature","id":"shape-Nishiki13-72107-1","geometry":{"type":"LineString","coordinates":[[139.811055,35.667468],[139.811531,35.663924],[139.80798,35.663044],[139.806481,35.661606],[139.808293,35.658844],[139.811277,35.655469],[139.811923,35.65145],[139.812404,35.648087],[139.812564,35.647056],[139.812457,35.642047],[139.804276,35.640858],[139.802619,35.643281]]},"properties":{"route_id":"Nishiki13","route_title":"錦１３ 深川車庫前行","pattern_id":"72107","direction_id":"1","stop_count":12,"origin_stop_name":"東陽一丁目","destination_stop_name":"深川車庫前","path_type":"odpt-busstop-order-shape","source_stop_count":12,"solve_stop_count":12,"snap_fallback":true}},{"type":"Feature","id":"shape-Nishiki13-72112-1","geometry":{"type":"LineString","coordinates":[[139.814529,35.695894],[139.815312,35.694386],[139.815557,35.691907],[139.814925,35.688883],[139.810858,35.688157],[139.811107,35.685753],[139.811348,35.683327],[139.811626,35.68082],[139.812004,35.677931],[139.812199,35.675119],[139.811493,35.672081],[139.810989,35.669848],[139.811055,35.667468],[139.811531,35.663924],[139.80798,35.663044],[139.806481,35.661606],[139.807411,35.658843],[139.804407,35.656856],[139.801598,35.657765],[139.798407,35.655633],[139.795263,35.654799],[139.794463,35.656371],[139.793225,35.657604],[139.790741,35.658779],[139.786016,35.657912],[139.783637,35.656295],[139.781223,35.654678],[139.779877,35.653728],[139.775138,35.650572],[139.773195,35.64708]]},"properties":{"route_id":"Nishiki13","route_title":"錦１３ 晴海埠頭行","pattern_id":"72112","direction_id":"1","stop_count":30,"origin_stop_name":"錦糸町駅前","destination_stop_name":"晴海埠頭","path_type":"odpt-busstop-order-shape","source_stop_count":30,"solve_stop_count":30,"snap_fallback":true}},{"type":"Feature","id":"shape-Nishiki13Shutsunyuu-72113-2","geometry":{"type":"LineString","coordinates":[[139.773023,35.647617],[139.772342,35.648287],[139.775045,35.650937],[139.77946,35.653963],[139.782145,35.655767],[139.783871,35.656933],[139.785519,35.658038],[139.790654,35.659121],[139.79277,35.658676],[139.794522,35.65688],[139.797249,35.654154],[139.798675,35.652672],[139.801593,35.649201],[139.801908,35.647065],[139.801311,35.645461],[139.799814,35.645321],[139.799906,35.642476],[139.801436,35.642094],[139.802619,35.643281]]},"properties":{"route_id":"Nishiki13Shutsunyuu","route_title":"錦１３出入 深川車庫前行","pattern_id":"72113","direction_id":"2","stop_count":19,"origin_stop_name":"晴海埠頭","destination_stop_name":"深川車庫前","path_type":"odpt-busstop-order-shape","source_stop_count":19,"solve_stop_count":19,"snap_fallback":true}},{"type":"Feature","id":"shape-Higashi15-72201-1","geometry":{"type":"LineString","coordinates":[[139.802599,35.643136],[139.79978,35.642292],[139.799854,35.645517],[139.801075,35.645617],[139.801586,35.646797],[139.801294,35.649075],[139.798395,35.652375],[139.795068,35.654982],[139.794463,35.656371],[139.793225,35.657604],[139.790741,35.658779],[139.786016,35.657912],[139.783637,35.656295],[139.780929,35.655812],[139.77817,35.658639],[139.776323,35.660462],[139.77585,35.665159],[139.777777,35.666881],[139.77859,35.668886],[139.779105,35.670569],[139.779977,35.672084],[139.782594,35.673588],[139.781974,35.674495],[139.779792,35.675944],[139.777684,35.676699],[139.77574,35.67745],[139.770868,35.679398],[139.767963,35.67924]]},"properties":{"route_id":"Higashi15","route_title":"東１５ 東京駅八重洲口行","pattern_id":"72201","direction_id":"1","stop_count":28,"origin_stop_name":"深川車庫前","destination_stop_name":"東京駅八重洲口","path_type":"odpt-busstop-order-shape","source_stop_count":28,"solve_stop_count":28,"snap_fallback":true}},{"type":"Feature","id":"shape-Higashi15-72201-2","geometry":{"type":"LineString","coordinates":[[139.76824,35.679684],[139.772418,35.679149],[139.775934,35.677646],[139.777156,35.677169],[139.780264,35.675847],[139.781101,35.67476],[139.78022,35.672478],[139.779455,35.670963],[139.778642,35.668488],[139.77797,35.666859],[139.776201,35.665259],[139.776576,35.660615],[139.778522,35.658684],[139.78056,35.656745],[139.782145,35.655767],[139.783871,35.656933],[139.785519,35.658038],[139.790654,35.659121],[139.79277,35.658676],[139.794522,35.65688],[139.797249,35.654154],[139.798675,35.652672],[139.801593,35.649201],[139.801908,35.647065],[139.801311,35.645461],[139.799814,35.645321],[139.799906,35.642476],[139.801436,35.642094],[139.802619,35.643281]]},"properties":{"route_id":"Higashi15","route_title":"東１５ 深川車庫前行","pattern_id":"72201","direction_id":"2","stop_count":29,"origin_stop_name":"東京駅八重洲口","destination_stop_name":"深川車庫前","path_type":"odpt-busstop-order-shape","source_stop_count":29,"solve_stop_count":29,"snap_fallback":true}},{"type":"Feature","id":"shape-Higashi15-72202-1","geometry":{"type":"LineString","coordinates":[[139.802599,35.643136],[139.804632,35.640986],[139.811992,35.642148],[139.812221,35.64691],[139.811935,35.648944],[139.810309,35.65041],[139.807307,35.650136],[139.802516,35.64962],[139.798395,35.652375],[139.795068,35.654982],[139.794463,35.656371],[139.793225,35.657604],[139.790741,35.658779],[139.786016,35.657912],[139.783637,35.656295],[139.780929,35.655812],[139.77817,35.658639],[139.776323,35.660462],[139.77585,35.665159],[139.777777,35.666881],[139.77859,35.668886],[139.779105,35.670569],[139.779977,35.672084],[139.782594,35.673588],[139.781974,35.674495],[139.779792,35.675944],[139.777684,35.676699],[139.77574,35.67745],[139.770868,35.679398],[139.767963,35.67924]]},"properties":{"route_id":"Higashi15","route_title":"東１５ 東京駅八重洲口行","pattern_id":"72202","direction_id":"1","stop_count":30,"origin_stop_name":"深川車庫前","destination_stop_name":"東京駅八重洲口","path_type":"odpt-busstop-order-shape","source_stop_count":30,"solve_stop_count":30,"snap_fallback":true}},{"type":"Feature","id":"shape-T04-72301-1","geometry":{"type":"LineString","coordinates":[[139.769399,35.653795],[139.771121,35.655004],[139.772743,35.656117],[139.775707,35.658115],[139.776771,35.658849],[139.776323,35.660462],[139.772052,35.664928],[139.770098,35.666857],[139.768853,35.667885],[139.76569,35.670568],[139.762546,35.675581],[139.763491,35.678493],[139.764696,35.680858]]},"properties":{"route_id":"T04","route_title":"都０４ 東京駅丸の内南口行","pattern_id":"72301","direction_id":"1","stop_count":13,"origin_stop_name":"豊海水産埠頭","destination_stop_name":"東京駅丸の内南口","path_type":"odpt-busstop-order-shape","source_stop_count":13,"solve_stop_count":13,"snap_fallback":true}},{"type":"Feature","id":"shape-T04-72301-2","geometry":{"type":"LineString","coordinates":[[139.764696,35.680858],[139.763346,35.677469],[139.762715,35.675401],[139.762412,35.673234],[139.766037,35.670623],[139.769295,35.667865],[139.77036,35.666983],[139.773148,35.664239],[139.77709,35.658767],[139.775415,35.657631],[139.773291,35.656155],[139.771791,35.655172],[139.769529,35.653659]]},"properties":{"route_id":"T04","route_title":"都０４ 豊海水産埠頭行","pattern_id":"72301","direction_id":"2","stop_count":13,"origin_stop_name":"東京駅丸の内南口","destination_stop_name":"豊海水産埠頭","path_type":"odpt-busstop-order-shape","source_stop_count":13,"solve_stop_count":13,"snap_fallback":true}},{"type":"Feature","id":"shape-T04-72302-1","geometry":{"type":"LineString","coordinates":[[139.778522,35.658684],[139.78056,35.656745],[139.789651,35.647722],[139.793841,35.64242],[139.79368,35.639726],[139.791799,35.638672],[139.788025,35.636646],[139.785323,35.635145]]},"properties":{"route_id":"T04","route_title":"都０４ 有明一丁目行","pattern_id":"72302","direction_id":"1","stop_count":8,"origin_stop_name":"勝どき駅前","destination_stop_name":"有明一丁目","path_type":"odpt-busstop-order-shape","source_stop_count":8,"solve_stop_count":8,"snap_fallback":true}},{"type":"Feature","id":"shape-T04-72302-2","geometry":{"type":"LineString","coordinates":[[139.78495,35.635215],[139.786652,35.63613],[139.788937,35.637364],[139.792794,35.639442],[139.794491,35.641031],[139.788552,35.648294],[139.780929,35.655812],[139.77817,35.658639]]},"properties":{"route_id":"T04","route_title":"都０４ 勝どき駅前行","pattern_id":"72302","direction_id":"2","stop_count":8,"origin_stop_name":"有明一丁目","destination_stop_name":"勝どき駅前","path_type":"odpt-busstop-order-shape","source_stop_count":8,"solve_stop_count":8,"snap_fallback":true}},{"type":"Feature","id":"shape-T05-2Shutsunyuu-72403-2","geometry":{"type":"LineString","coordinates":[[139.765721,35.679934],[139.763346,35.677469],[139.762715,35.675401],[139.762412,35.673234],[139.766037,35.670623],[139.769295,35.667865],[139.77036,35.666983],[139.773148,35.664239],[139.776576,35.660615],[139.778522,35.658684],[139.78056,35.656745],[139.782145,35.655767],[139.783871,35.656933],[139.785519,35.658038],[139.790654,35.659121],[139.79277,35.658676],[139.794522,35.65688],[139.797249,35.654154],[139.798675,35.652672],[139.801593,35.649201],[139.801908,35.647065],[139.801311,35.645461],[139.799814,35.645321],[139.799906,35.642476],[139.801436,35.642094],[139.802619,35.643281]]},"properties":{"route_id":"T05-2Shutsunyuu","route_title":"都０５－１出入 深川車庫前行","pattern_id":"72403","direction_id":"2","stop_count":26,"origin_stop_name":"東京駅丸の内南口","destination_stop_name":"深川車庫前","path_type":"odpt-busstop-order-shape","source_stop_count":26,"solve_stop_count":26,"snap_fallback":true}},{"type":"Feature","id":"shape-T05-1-72414-1","geometry":{"type":"LineString","coordinates":[[139.772781,35.647358],[139.772342,35.648287],[139.775045,35.650937],[139.77946,35.653963],[139.780929,35.655812],[139.77817,35.658639],[139.776323,35.660462],[139.772052,35.664928],[139.770098,35.666857],[139.768853,35.667885],[139.76569,35.670568],[139.762546,35.675581],[139.763491,35.678493],[139.765588,35.680125]]},"properties":{"route_id":"T05-1","route_title":"都０５－１ 東京駅丸の内南口行","pattern_id":"72414","direction_id":"1","stop_count":14,"origin_stop_name":"晴海埠頭","destination_stop_name":"東京駅丸の内南口","path_type":"odpt-busstop-order-shape","source_stop_count":14,"solve_stop_count":14,"snap_fallback":true}},{"type":"Feature","id":"shape-T05-1-72414-2","geometry":{"type":"LineString","coordinates":[[139.765721,35.679934],[139.763346,35.677469],[139.762715,35.675401],[139.762412,35.673234],[139.766037,35.670623],[139.769295,35.667865],[139.77036,35.666983],[139.773148,35.664239],[139.776576,35.660615],[139.778522,35.658684],[139.78056,35.656745],[139.781223,35.654678],[139.779877,35.653728],[139.775138,35.650572],[139.773195,35.64708]]},"properties":{"route_id":"T05-1","route_title":"都０５－１ 晴海埠頭行","pattern_id":"72414","direction_id":"2","stop_count":15,"origin_stop_name":"東京駅丸の内南口","destination_stop_name":"晴海埠頭","path_type":"odpt-busstop-order-shape","source_stop_count":15,"solve_stop_count":15,"snap_fallback":true}},{"type":"Feature","id":"shape-Toyosu01-73302-1","geometry":{"type":"LineString","coordinates":[[139.802956,35.646707],[139.804561,35.646468],[139.804369,35.647886],[139.802516,35.64962],[139.797051,35.653771]]},"properties":{"route_id":"Toyosu01","route_title":"豊洲０１ 豊洲駅前行","pattern_id":"73302","direction_id":"1","stop_count":5,"origin_stop_name":"キャナルコート３街区前","destination_stop_name":"豊洲駅前","path_type":"odpt-busstop-order-shape","source_stop_count":5,"solve_stop_count":5,"snap_fallback":true}},{"type":"Feature","id":"shape-T05-2Shutsunyuu-72416-1","geometry":{"type":"LineString","coordinates":[[139.802599,35.643136],[139.79978,35.642292],[139.799854,35.645517],[139.801075,35.645617],[139.801586,35.646797],[139.801294,35.649075],[139.798395,35.652375],[139.797051,35.653771],[139.794463,35.656371],[139.793225,35.657604],[139.790741,35.658779],[139.786016,35.657912],[139.783637,35.656295],[139.781223,35.654678],[139.779877,35.653728],[139.775138,35.650572],[139.773195,35.64708]]},"properties":{"route_id":"T05-2Shutsunyuu","route_title":"都０５－１出入 晴海埠頭行","pattern_id":"72416","direction_id":"1","stop_count":17,"origin_stop_name":"深川車庫前","destination_stop_name":"晴海埠頭","path_type":"odpt-busstop-order-shape","source_stop_count":17,"solve_stop_count":17,"snap_fallback":true}},{"type":"Feature","id":"shape-T05-2Shutsunyuu-72416-2","geometry":{"type":"LineString","coordinates":[[139.772781,35.647358],[139.772342,35.648287],[139.775045,35.650937],[139.77946,35.653963],[139.782145,35.655767],[139.783871,35.656933],[139.785519,35.658038],[139.790654,35.659121],[139.79277,35.658676],[139.794522,35.65688],[139.797249,35.654154],[139.798675,35.652672],[139.801593,35.649201],[139.801908,35.647065],[139.801311,35.645461],[139.799814,35.645321],[139.799906,35.642476],[139.801436,35.642094],[139.802619,35.643281]]},"properties":{"route_id":"T05-2Shutsunyuu","route_title":"都０５－１出入 深川車庫前行","pattern_id":"72416","direction_id":"2","stop_count":19,"origin_stop_name":"晴海埠頭","destination_stop_name":"深川車庫前","path_type":"odpt-busstop-order-shape","source_stop_count":19,"solve_stop_count":19,"snap_fallback":true}},{"type":"Feature","id":"shape-Nari10-72501-1","geometry":{"type":"LineString","coordinates":[[139.759481,35.667523],[139.76143,35.67099],[139.766317,35.67038],[139.769295,35.667865],[139.77036,35.666983],[139.773148,35.664239],[139.776576,35.660615],[139.778029,35.659714],[139.781815,35.662395],[139.783595,35.661627],[139.785578,35.659746],[139.790654,35.659121],[139.79277,35.658676],[139.794522,35.65688],[139.797123,35.65515],[139.798442,35.656019],[139.802642,35.658053],[139.80452,35.657131],[139.807247,35.658924],[139.80613,35.661587],[139.805254,35.663321],[139.805111,35.667518],[139.805787,35.66987],[139.806351,35.672825],[139.80671,35.674767],[139.80685,35.677277],[139.806653,35.679672],[139.80641,35.682904],[139.806206,35.685343],[139.806038,35.687231],[139.805645,35.69161],[139.805375,35.69536],[139.805121,35.698029],[139.804841,35.701014],[139.804631,35.704296],[139.80448,35.7061],[139.80522,35.708758],[139.808383,35.710273]]},"properties":{"route_id":"Nari10","route_title":"業１０ とうきょうスカイツリー駅前行","pattern_id":"72501","direction_id":"1","stop_count":38,"origin_stop_name":"新橋","destination_stop_name":"とうきょうスカイツリー駅前","path_type":"odpt-busstop-order-shape","source_stop_count":38,"solve_stop_count":38,"snap_fallback":true}},{"type":"Feature","id":"shape-Nari10-72501-2","geometry":{"type":"LineString","coordinates":[[139.808383,35.710273],[139.805183,35.712085],[139.804487,35.707996],[139.8047,35.70543],[139.804903,35.703535],[139.805031,35.701195],[139.805347,35.697713],[139.80564,35.694572],[139.805884,35.691527],[139.806201,35.687646],[139.806407,35.685402],[139.806602,35.683134],[139.806983,35.678743],[139.807127,35.676789],[139.80697,35.674822],[139.80661,35.672905],[139.806174,35.67067],[139.805479,35.667856],[139.80558,35.663506],[139.806481,35.661606],[139.807411,35.658843],[139.804407,35.656856],[139.801598,35.657765],[139.798407,35.655633],[139.795679,35.655154],[139.794463,35.656371],[139.793225,35.657604],[139.790741,35.658779],[139.786016,35.657912],[139.783393,35.658226],[139.781621,35.660086],[139.780006,35.660813],[139.776323,35.660462],[139.772052,35.664928],[139.770098,35.666857],[139.768853,35.667885],[139.76569,35.670568],[139.761623,35.670877],[139.759074,35.667301]]},"properties":{"route_id":"Nari10","route_title":"業１０ 新橋行","pattern_id":"72501","direction_id":"2","stop_count":39,"origin_stop_name":"とうきょうスカイツリー駅前","destination_stop_name":"新橋","path_type":"odpt-busstop-order-shape","source_stop_count":39,"solve_stop_count":39,"snap_fallback":true}},{"type":"Feature","id":"shape-Nari10-72505-1","geometry":{"type":"LineString","coordinates":[[139.805787,35.66987],[139.806351,35.672825],[139.80671,35.674767],[139.80685,35.677277],[139.806653,35.679672],[139.80641,35.682904],[139.806206,35.685343],[139.806038,35.687231],[139.805645,35.69161],[139.805375,35.69536],[139.805121,35.698029],[139.804841,35.701014],[139.804631,35.704296],[139.80448,35.7061],[139.80522,35.708758],[139.808383,35.710273]]},"properties":{"route_id":"Nari10","route_title":"業１０ とうきょうスカイツリー駅前行","pattern_id":"72505","direction_id":"1","stop_count":16,"origin_stop_name":"木場駅前","destination_stop_name":"とうきょうスカイツリー駅前","path_type":"odpt-busstop-order-shape","source_stop_count":16,"solve_stop_count":16,"snap_fallback":true}},{"type":"Feature","id":"shape-Nari10-72505-2","geometry":{"type":"LineString","coordinates":[[139.808383,35.710273],[139.805183,35.712085],[139.804487,35.707996],[139.8047,35.70543],[139.804903,35.703535],[139.805031,35.701195],[139.805347,35.697713],[139.80564,35.694572],[139.805884,35.691527],[139.806201,35.687646],[139.806407,35.685402],[139.806602,35.683134],[139.806983,35.678743],[139.807127,35.676789],[139.80697,35.674822],[139.80661,35.672905],[139.806174,35.67067]]},"properties":{"route_id":"Nari10","route_title":"業１０ 木場駅前行","pattern_id":"72505","direction_id":"2","stop_count":17,"origin_stop_name":"とうきょうスカイツリー駅前","destination_stop_name":"木場駅前","path_type":"odpt-busstop-order-shape","source_stop_count":17,"solve_stop_count":17,"snap_fallback":true}},{"type":"Feature","id":"shape-Nari10-72506-2","geometry":{"type":"LineString","coordinates":[[139.806201,35.687646],[139.806407,35.685402],[139.806602,35.683134],[139.806983,35.678743],[139.807127,35.676789],[139.80697,35.674822],[139.80661,35.672905],[139.806174,35.67067],[139.805479,35.667856],[139.80558,35.663506],[139.806481,35.661606],[139.807411,35.658843],[139.804407,35.656856],[139.801598,35.657765],[139.798407,35.655633],[139.795679,35.655154],[139.794463,35.656371],[139.793225,35.657604],[139.790741,35.658779],[139.786016,35.657912],[139.783393,35.658226],[139.781621,35.660086],[139.780006,35.660813],[139.776323,35.660462],[139.772052,35.664928],[139.770098,35.666857],[139.768853,35.667885],[139.76569,35.670568],[139.761623,35.670877],[139.759074,35.667301]]},"properties":{"route_id":"Nari10","route_title":"業１０ 新橋行","pattern_id":"72506","direction_id":"2","stop_count":30,"origin_stop_name":"菊川駅前","destination_stop_name":"新橋","path_type":"odpt-busstop-order-shape","source_stop_count":30,"solve_stop_count":30,"snap_fallback":true}},{"type":"Feature","id":"shape-Nari10-72507-1","geometry":{"type":"LineString","coordinates":[[139.778029,35.659714],[139.781815,35.662395],[139.783595,35.661627],[139.785578,35.659746],[139.790654,35.659121],[139.79277,35.658676],[139.794522,35.65688],[139.797123,35.65515],[139.798442,35.656019],[139.802642,35.658053],[139.80452,35.657131],[139.807247,35.658924],[139.80613,35.661587],[139.805254,35.663321],[139.805111,35.667518],[139.805787,35.66987],[139.806351,35.672825],[139.80671,35.674767],[139.80685,35.677277],[139.806653,35.679672],[139.80641,35.682904],[139.806206,35.685343],[139.806038,35.687231],[139.805645,35.69161],[139.805375,35.69536],[139.805121,35.698029],[139.804841,35.701014],[139.804631,35.704296],[139.80448,35.7061],[139.80522,35.708758],[139.808383,35.710273]]},"properties":{"route_id":"Nari10","route_title":"業１０ とうきょうスカイツリー駅前行","pattern_id":"72507","direction_id":"1","stop_count":31,"origin_stop_name":"勝どき駅前","destination_stop_name":"とうきょうスカイツリー駅前","path_type":"odpt-busstop-order-shape","source_stop_count":31,"solve_stop_count":31,"snap_fallback":true}},{"type":"Feature","id":"shape-Nari10Shutsunyuu-72508-1","geometry":{"type":"LineString","coordinates":[[139.802599,35.643136],[139.801586,35.646797],[139.801294,35.649075],[139.798395,35.652375],[139.797123,35.65515],[139.798442,35.656019],[139.802642,35.658053],[139.80452,35.657131],[139.807247,35.658924],[139.80613,35.661587],[139.805254,35.663321],[139.805111,35.667518],[139.805787,35.66987],[139.806351,35.672825],[139.80671,35.674767],[139.80685,35.677277],[139.806653,35.679672],[139.80641,35.682904],[139.806206,35.685343],[139.806038,35.687231],[139.805645,35.69161],[139.805375,35.69536],[139.805121,35.698029],[139.804841,35.701014],[139.804631,35.704296],[139.80448,35.7061],[139.80522,35.708758],[139.808383,35.710273]]},"properties":{"route_id":"Nari10Shutsunyuu","route_title":"業１０出入 とうきょうスカイツリー駅前行","pattern_id":"72508","direction_id":"1","stop_count":28,"origin_stop_name":"深川車庫前","destination_stop_name":"とうきょうスカイツリー駅前","path_type":"odpt-busstop-order-shape","source_stop_count":28,"solve_stop_count":28,"snap_fallback":true}},{"type":"Feature","id":"shape-Nari10Shutsunyuu-72508-2","geometry":{"type":"LineString","coordinates":[[139.808383,35.710273],[139.805183,35.712085],[139.804487,35.707996],[139.8047,35.70543],[139.804903,35.703535],[139.805031,35.701195],[139.805347,35.697713],[139.80564,35.694572],[139.805884,35.691527],[139.806201,35.687646],[139.806407,35.685402],[139.806602,35.683134],[139.806983,35.678743],[139.807127,35.676789],[139.80697,35.674822],[139.80661,35.672905],[139.806174,35.67067],[139.805479,35.667856],[139.80558,35.663506],[139.806481,35.661606],[139.807411,35.658843],[139.804407,35.656856],[139.801598,35.657765],[139.798407,35.655633],[139.797249,35.654154],[139.798675,35.652672],[139.801593,35.649201],[139.801908,35.647065],[139.802205,35.645147],[139.802619,35.643281]]},"properties":{"route_id":"Nari10Shutsunyuu","route_title":"業１０出入 深川車庫前行","pattern_id":"72508","direction_id":"2","stop_count":30,"origin_stop_name":"とうきょうスカイツリー駅前","destination_stop_name":"深川車庫前","path_type":"odpt-busstop-order-shape","source_stop_count":30,"solve_stop_count":30,"snap_fallback":true}},{"type":"Feature","id":"shape-Nari10Shutsunyuu-72509-1","geometry":{"type":"LineString","coordinates":[[139.802526,35.643119],[139.79978,35.642292],[139.799854,35.645517],[139.801075,35.645617],[139.801586,35.646797],[139.801294,35.649075],[139.798395,35.652375],[139.795679,35.655154],[139.794463,35.656371],[139.793225,35.657604],[139.790741,35.658779],[139.786016,35.657912],[139.783393,35.658226],[139.781621,35.660086],[139.780006,35.660813],[139.776323,35.660462],[139.772052,35.664928],[139.770098,35.666857],[139.768853,35.667885],[139.76569,35.670568],[139.761623,35.670877],[139.759074,35.667301]]},"properties":{"route_id":"Nari10Shutsunyuu","route_title":"業１０出入 新橋行","pattern_id":"72509","direction_id":"1","stop_count":22,"origin_stop_name":"深川車庫前","destination_stop_name":"新橋","path_type":"odpt-busstop-order-shape","source_stop_count":22,"solve_stop_count":22,"snap_fallback":true}},{"type":"Feature","id":"shape-Nari10Shutsunyuu-72509-2","geometry":{"type":"LineString","coordinates":[[139.759481,35.667523],[139.76143,35.67099],[139.766317,35.67038],[139.769295,35.667865],[139.77036,35.666983],[139.773148,35.664239],[139.776576,35.660615],[139.778029,35.659714],[139.781815,35.662395],[139.783595,35.661627],[139.785578,35.659746],[139.790654,35.659121],[139.79277,35.658676],[139.794522,35.65688],[139.797249,35.654154],[139.798675,35.652672],[139.801593,35.649201],[139.801908,35.647065],[139.801311,35.645461],[139.799814,35.645321],[139.799906,35.642476],[139.801436,35.642094],[139.802619,35.643281]]},"properties":{"route_id":"Nari10Shutsunyuu","route_title":"業１０出入 深川車庫前行","pattern_id":"72509","direction_id":"2","stop_count":23,"origin_stop_name":"新橋","destination_stop_name":"深川車庫前","path_type":"odpt-busstop-order-shape","source_stop_count":23,"solve_stop_count":23,"snap_fallback":true}},{"type":"Feature","id":"shape-Toyosu01-73305-3","geometry":{"type":"LineString","coordinates":[[139.797086,35.654318],[139.801593,35.649201],[139.802956,35.646707],[139.804561,35.646468],[139.804369,35.647886],[139.802516,35.64962],[139.797051,35.653771]]},"properties":{"route_id":"Toyosu01","route_title":"豊洲０１ 豊洲駅前行","pattern_id":"73305","direction_id":"3","stop_count":7,"origin_stop_name":"豊洲駅前","destination_stop_name":"豊洲駅前","path_type":"odpt-busstop-order-shape","source_stop_count":7,"solve_stop_count":7,"snap_fallback":true}},{"type":"Feature","id":"shape-Nari10Shutsunyuu-72510-2","geometry":{"type":"LineString","coordinates":[[139.758461,35.666933],[139.763597,35.669994],[139.766317,35.67038],[139.769295,35.667865],[139.77036,35.666983],[139.773148,35.664239],[139.776576,35.660615],[139.778029,35.659714],[139.781815,35.662395],[139.783595,35.661627],[139.785578,35.659746],[139.790654,35.659121],[139.79277,35.658676],[139.794522,35.65688],[139.797249,35.654154],[139.798675,35.652672],[139.801593,35.649201],[139.801908,35.647065],[139.801311,35.645461],[139.799814,35.645321],[139.799906,35.642476],[139.801436,35.642094],[139.802619,35.643281]]},"properties":{"route_id":"Nari10Shutsunyuu","route_title":"業１０出入 深川車庫前行","pattern_id":"72510","direction_id":"2","stop_count":23,"origin_stop_name":"新橋","destination_stop_name":"深川車庫前","path_type":"odpt-busstop-order-shape","source_stop_count":23,"solve_stop_count":23,"snap_fallback":true}},{"type":"Feature","id":"shape-Nari10Shutsunyuu-72511-1","geometry":{"type":"LineString","coordinates":[[139.802526,35.643119],[139.801586,35.646797],[139.801294,35.649075],[139.798395,35.652375],[139.795679,35.655154],[139.794463,35.656371],[139.793225,35.657604],[139.790741,35.658779],[139.786016,35.657912],[139.783393,35.658226],[139.781621,35.660086],[139.780006,35.660813],[139.776323,35.660462],[139.772052,35.664928],[139.770098,35.666857],[139.768853,35.667885],[139.76569,35.670568],[139.761623,35.670877],[139.759074,35.667301]]},"properties":{"route_id":"Nari10Shutsunyuu","route_title":"業１０出入 新橋行","pattern_id":"72511","direction_id":"1","stop_count":19,"origin_stop_name":"深川車庫前","destination_stop_name":"新橋","path_type":"odpt-busstop-order-shape","source_stop_count":19,"solve_stop_count":19,"snap_fallback":true}},{"type":"Feature","id":"shape-T05-2-72601-1","geometry":{"type":"LineString","coordinates":[[139.793027,35.629883],[139.791363,35.630019],[139.787466,35.63068],[139.785634,35.63288],[139.78495,35.635215],[139.786652,35.63613],[139.788937,35.637364],[139.792794,35.639442],[139.794491,35.641031],[139.788552,35.648294],[139.780929,35.655812],[139.77817,35.658639],[139.776323,35.660462],[139.772052,35.664928],[139.770098,35.666857],[139.768853,35.667885],[139.76569,35.670568],[139.762546,35.675581],[139.763491,35.678493],[139.76482,35.680679]]},"properties":{"route_id":"T05-2","route_title":"都０５－２ 東京駅丸の内南口行","pattern_id":"72601","direction_id":"1","stop_count":20,"origin_stop_name":"東京ビッグサイト","destination_stop_name":"東京駅丸の内南口","path_type":"odpt-busstop-order-shape","source_stop_count":20,"solve_stop_count":20,"snap_fallback":true}},{"type":"Feature","id":"shape-T05-2-72601-2","geometry":{"type":"LineString","coordinates":[[139.76482,35.680679],[139.763346,35.677469],[139.762715,35.675401],[139.762412,35.673234],[139.766461,35.670244],[139.769295,35.667865],[139.77036,35.666983],[139.773148,35.664239],[139.776576,35.660615],[139.778522,35.658684],[139.78056,35.656745],[139.789651,35.647722],[139.793841,35.64242],[139.79368,35.639726],[139.791799,35.638672],[139.788025,35.636646],[139.785323,35.635145],[139.787727,35.630737],[139.789563,35.629425],[139.793248,35.62986]]},"properties":{"route_id":"T05-2","route_title":"都０５－２ 東京ビッグサイト行","pattern_id":"72601","direction_id":"2","stop_count":20,"origin_stop_name":"東京駅丸の内南口","destination_stop_name":"東京ビッグサイト","path_type":"odpt-busstop-order-shape","source_stop_count":20,"solve_stop_count":20,"snap_fallback":true}},{"type":"Feature","id":"shape-T05-2-72602-1","geometry":{"type":"LineString","coordinates":[[139.78495,35.635215],[139.786652,35.63613],[139.788937,35.637364],[139.792794,35.639442],[139.794491,35.641031],[139.788552,35.648294],[139.780929,35.655812],[139.77817,35.658639],[139.776323,35.660462],[139.772052,35.664928],[139.770098,35.666857],[139.768853,35.667885],[139.76569,35.670568],[139.762546,35.675581],[139.763491,35.678493],[139.76482,35.680679]]},"properties":{"route_id":"T05-2","route_title":"都０５－２ 東京駅丸の内南口行","pattern_id":"72602","direction_id":"1","stop_count":16,"origin_stop_name":"有明一丁目","destination_stop_name":"東京駅丸の内南口","path_type":"odpt-busstop-order-shape","source_stop_count":16,"solve_stop_count":16,"snap_fallback":true}},{"type":"Feature","id":"shape-T05-2-72602-2","geometry":{"type":"LineString","coordinates":[[139.76482,35.680679],[139.763346,35.677469],[139.762715,35.675401],[139.762412,35.673234],[139.766461,35.670244],[139.769295,35.667865],[139.77036,35.666983],[139.773148,35.664239],[139.776576,35.660615],[139.778522,35.658684],[139.78056,35.656745],[139.789651,35.647722],[139.793841,35.64242],[139.79368,35.639726],[139.791799,35.638672],[139.788025,35.636646],[139.785323,35.635145]]},"properties":{"route_id":"T05-2","route_title":"都０５－２ 有明一丁目行","pattern_id":"72602","direction_id":"2","stop_count":17,"origin_stop_name":"東京駅丸の内南口","destination_stop_name":"有明一丁目","path_type":"odpt-busstop-order-shape","source_stop_count":17,"solve_stop_count":17,"snap_fallback":true}},{"type":"Feature","id":"shape-T05-2-72603-1","geometry":{"type":"LineString","coordinates":[[139.793311,35.638641],[139.792794,35.639442],[139.794491,35.641031],[139.788552,35.648294],[139.780929,35.655812],[139.77817,35.658639],[139.776323,35.660462],[139.772052,35.664928],[139.770098,35.666857],[139.768853,35.667885],[139.76569,35.670568],[139.762546,35.675581],[139.763491,35.678493],[139.76482,35.680679]]},"properties":{"route_id":"T05-2","route_title":"都０５－２ 東京駅丸の内南口行","pattern_id":"72603","direction_id":"1","stop_count":14,"origin_stop_name":"有明ガーデン","destination_stop_name":"東京駅丸の内南口","path_type":"odpt-busstop-order-shape","source_stop_count":14,"solve_stop_count":14,"snap_fallback":true}},{"type":"Feature","id":"shape-T05-2-72603-2","geometry":{"type":"LineString","coordinates":[[139.76482,35.680679],[139.763346,35.677469],[139.762715,35.675401],[139.762412,35.673234],[139.766461,35.670244],[139.769295,35.667865],[139.77036,35.666983],[139.773148,35.664239],[139.776576,35.660615],[139.778522,35.658684],[139.78056,35.656745],[139.789651,35.647722],[139.793841,35.64242],[139.79368,35.639726],[139.793425,35.638758]]},"properties":{"route_id":"T05-2","route_title":"都０５－２ 有明ガーデン行","pattern_id":"72603","direction_id":"2","stop_count":15,"origin_stop_name":"東京駅丸の内南口","destination_stop_name":"有明ガーデン","path_type":"odpt-busstop-order-shape","source_stop_count":15,"solve_stop_count":15,"snap_fallback":true}},{"type":"Feature","id":"shape-Mon19-72701-1","geometry":{"type":"LineString","coordinates":[[139.802599,35.643136],[139.804632,35.640986],[139.811992,35.642148],[139.812221,35.64691],[139.811935,35.648944],[139.810309,35.65041],[139.807307,35.650136],[139.802516,35.64962],[139.798395,35.652375],[139.795563,35.654993],[139.794463,35.656371],[139.793225,35.657604],[139.793523,35.660591],[139.796821,35.664312],[139.793328,35.667284],[139.791413,35.669547],[139.795071,35.672969]]},"properties":{"route_id":"Mon19","route_title":"門１９ 門前仲町行","pattern_id":"72701","direction_id":"1","stop_count":17,"origin_stop_name":"深川車庫前","destination_stop_name":"門前仲町","path_type":"odpt-busstop-order-shape","source_stop_count":17,"solve_stop_count":17,"snap_fallback":true}},{"type":"Feature","id":"shape-Mon19-72701-2","geometry":{"type":"LineString","coordinates":[[139.793854,35.672974],[139.791853,35.66872],[139.79347,35.667384],[139.796309,35.665047],[139.793222,35.659894],[139.79277,35.658676],[139.794522,35.65688],[139.797086,35.654318],[139.798675,35.652672],[139.802216,35.649894],[139.807582,35.650367],[139.810137,35.650615],[139.812404,35.648087],[139.812564,35.647056],[139.812457,35.642047],[139.804276,35.640858],[139.802619,35.643281]]},"properties":{"route_id":"Mon19","route_title":"門１９ 深川車庫前行","pattern_id":"72701","direction_id":"2","stop_count":17,"origin_stop_name":"門前仲町","destination_stop_name":"深川車庫前","path_type":"odpt-busstop-order-shape","source_stop_count":17,"solve_stop_count":17,"snap_fallback":true}},{"type":"Feature","id":"shape-Mon19-72703-1","geometry":{"type":"LineString","coordinates":[[139.802599,35.643136],[139.804632,35.640986],[139.811992,35.642148],[139.812221,35.64691],[139.811935,35.648944],[139.810309,35.65041],[139.807307,35.650136],[139.802516,35.64962],[139.798395,35.652375],[139.796979,35.65505],[139.798442,35.656019],[139.80133,35.657926],[139.800661,35.659863],[139.799412,35.661635],[139.796821,35.664312],[139.793328,35.667284],[139.791413,35.669547],[139.795071,35.672969]]},"properties":{"route_id":"Mon19","route_title":"門１９ 門前仲町行","pattern_id":"72703","direction_id":"1","stop_count":18,"origin_stop_name":"深川車庫前","destination_stop_name":"門前仲町","path_type":"odpt-busstop-order-shape","source_stop_count":18,"solve_stop_count":18,"snap_fallback":true}},{"type":"Feature","id":"shape-Mon19-72703-2","geometry":{"type":"LineString","coordinates":[[139.793854,35.672974],[139.791853,35.66872],[139.79347,35.667384],[139.796309,35.665047],[139.799609,35.661827],[139.800794,35.660187],[139.801598,35.657765],[139.798407,35.655633],[139.797086,35.654318],[139.798675,35.652672],[139.802216,35.649894],[139.807582,35.650367],[139.810137,35.650615],[139.812404,35.648087],[139.812564,35.647056],[139.812457,35.642047],[139.804276,35.640858],[139.802619,35.643281]]},"properties":{"route_id":"Mon19","route_title":"門１９ 深川車庫前行","pattern_id":"72703","direction_id":"2","stop_count":18,"origin_stop_name":"門前仲町","destination_stop_name":"深川車庫前","path_type":"odpt-busstop-order-shape","source_stop_count":18,"solve_stop_count":18,"snap_fallback":true}},{"type":"Feature","id":"shape-Mon19-72704-1","geometry":{"type":"LineString","coordinates":[[139.793139,35.630141],[139.794351,35.632003],[139.793858,35.633599],[139.791573,35.633634],[139.794422,35.633504],[139.804632,35.640986],[139.811992,35.642148],[139.812221,35.64691],[139.811935,35.648944],[139.810309,35.65041],[139.807307,35.650136],[139.802516,35.64962],[139.798395,35.652375],[139.795563,35.654993],[139.794463,35.656371],[139.793225,35.657604],[139.793523,35.660591],[139.796821,35.664312],[139.793328,35.667284],[139.791413,35.669547],[139.795071,35.672969]]},"properties":{"route_id":"Mon19","route_title":"門１９ 門前仲町行","pattern_id":"72704","direction_id":"1","stop_count":21,"origin_stop_name":"東京ビッグサイト","destination_stop_name":"門前仲町","path_type":"odpt-busstop-order-shape","source_stop_count":21,"solve_stop_count":21,"snap_fallback":true}},{"type":"Feature","id":"shape-KM01-72805-1","geometry":{"type":"LineString","coordinates":[[139.797249,35.654154],[139.798675,35.652672],[139.801593,35.649201],[139.801908,35.647065],[139.801311,35.645461],[139.799814,35.645321],[139.797713,35.643582],[139.795542,35.641035],[139.79368,35.639726],[139.791799,35.638672],[139.788025,35.636646],[139.785323,35.635145],[139.778365,35.629504],[139.776246,35.628369],[139.774979,35.627674],[139.771503,35.625783],[139.773058,35.621659],[139.77524,35.618961],[139.776382,35.617548],[139.778878,35.617403],[139.7785,35.626795]]},"properties":{"route_id":"KM01","route_title":"海０１（ＫＭ０１） 東京テレポート駅前行","pattern_id":"72805","direction_id":"1","stop_count":21,"origin_stop_name":"豊洲駅前","destination_stop_name":"東京テレポート駅前","path_type":"odpt-busstop-order-shape","source_stop_count":21,"solve_stop_count":21,"snap_fallback":true}},{"type":"Feature","id":"shape-KM01-72807-1","geometry":{"type":"LineString","coordinates":[[139.79357,35.673088],[139.791853,35.66872],[139.79347,35.667384],[139.796309,35.665047],[139.799609,35.661827],[139.800794,35.660187],[139.801598,35.657765],[139.798407,35.655633],[139.797249,35.654154],[139.798675,35.652672],[139.801593,35.649201],[139.801908,35.647065],[139.801311,35.645461],[139.799814,35.645321],[139.797713,35.643582],[139.795542,35.641035],[139.79368,35.639726],[139.791799,35.638672],[139.788025,35.636646],[139.785323,35.635145]]},"properties":{"route_id":"KM01","route_title":"海０１（ＫＭ０１） 有明一丁目行","pattern_id":"72807","direction_id":"1","stop_count":20,"origin_stop_name":"門前仲町","destination_stop_name":"有明一丁目","path_type":"odpt-busstop-order-shape","source_stop_count":20,"solve_stop_count":20,"snap_fallback":true}},{"type":"Feature","id":"shape-KM01-72809-1","geometry":{"type":"LineString","coordinates":[[139.801311,35.645461],[139.799814,35.645321],[139.797713,35.643582],[139.795542,35.641035],[139.79368,35.639726],[139.791799,35.638672],[139.788025,35.636646],[139.785323,35.635145],[139.778365,35.629504],[139.776246,35.628369],[139.774979,35.627674],[139.771503,35.625783],[139.773058,35.621659],[139.77524,35.618961],[139.776382,35.617548],[139.778878,35.617403],[139.7785,35.626795]]},"properties":{"route_id":"KM01","route_title":"海０１（ＫＭ０１） 東京テレポート駅前行","pattern_id":"72809","direction_id":"1","stop_count":17,"origin_stop_name":"深川車庫入口","destination_stop_name":"東京テレポート駅前","path_type":"odpt-busstop-order-shape","source_stop_count":17,"solve_stop_count":17,"snap_fallback":true}},{"type":"Feature","id":"shape-KM01-72812-1","geometry":{"type":"LineString","coordinates":[[139.79357,35.673088],[139.791853,35.66872],[139.79347,35.667384],[139.796309,35.665047],[139.799609,35.661827],[139.800794,35.660187],[139.801598,35.657765],[139.798407,35.655633],[139.797249,35.654154],[139.798675,35.652672],[139.801593,35.649201],[139.801908,35.647065],[139.801311,35.645461],[139.799814,35.645321],[139.797713,35.643582],[139.795542,35.641035],[139.79368,35.639726],[139.791799,35.638672],[139.788025,35.636646],[139.785323,35.635145],[139.778365,35.629504],[139.776246,35.628369],[139.7785,35.626795]]},"properties":{"route_id":"KM01","route_title":"海０１（ＫＭ０１） 東京テレポート駅前行","pattern_id":"72812","direction_id":"1","stop_count":23,"origin_stop_name":"門前仲町","destination_stop_name":"東京テレポート駅前","path_type":"odpt-busstop-order-shape","source_stop_count":23,"solve_stop_count":23,"snap_fallback":true}},{"type":"Feature","id":"shape-KM01-72812-2","geometry":{"type":"LineString","coordinates":[[139.779771,35.626914],[139.77624,35.628656],[139.777906,35.629583],[139.78495,35.635215],[139.786652,35.63613],[139.788937,35.637364],[139.792794,35.639442],[139.795584,35.641376],[139.796844,35.642839],[139.799854,35.645517],[139.801075,35.645617],[139.801586,35.646797],[139.801294,35.649075],[139.798395,35.652375],[139.796979,35.65505],[139.798442,35.656019],[139.80133,35.657926],[139.800661,35.659863],[139.799412,35.661635],[139.796821,35.664312],[139.793328,35.667284],[139.791413,35.669547],[139.795071,35.672969]]},"properties":{"route_id":"KM01","route_title":"海０１（ＫＭ０１） 門前仲町行","pattern_id":"72812","direction_id":"2","stop_count":23,"origin_stop_name":"東京テレポート駅前","destination_stop_name":"門前仲町","path_type":"odpt-busstop-order-shape","source_stop_count":23,"solve_stop_count":23,"snap_fallback":true}},{"type":"Feature","id":"shape-KM01-72813-1","geometry":{"type":"LineString","coordinates":[[139.79357,35.673088],[139.791853,35.66872],[139.79347,35.667384],[139.796309,35.665047],[139.799609,35.661827],[139.800794,35.660187],[139.801598,35.657765],[139.798407,35.655633],[139.797249,35.654154],[139.798675,35.652672],[139.801593,35.649201],[139.801908,35.647065],[139.801311,35.645461],[139.799814,35.645321],[139.797713,35.643582],[139.795542,35.641035],[139.79368,35.639726],[139.791799,35.638672],[139.788025,35.636646],[139.785323,35.635145],[139.778365,35.629504],[139.776246,35.628369]]},"properties":{"route_id":"KM01","route_title":"海０１（ＫＭ０１） 台場二丁目行","pattern_id":"72813","direction_id":"1","stop_count":22,"origin_stop_name":"門前仲町","destination_stop_name":"台場二丁目","path_type":"odpt-busstop-order-shape","source_stop_count":22,"solve_stop_count":22,"snap_fallback":true}},{"type":"Feature","id":"shape-KM01-72814-2","geometry":{"type":"LineString","coordinates":[[139.779771,35.626914],[139.77624,35.628656],[139.777906,35.629583],[139.78495,35.635215],[139.786652,35.63613],[139.788937,35.637364],[139.792794,35.639442],[139.795584,35.641376],[139.796844,35.642839],[139.799854,35.645517],[139.801075,35.645617],[139.801586,35.646797],[139.801294,35.649075],[139.798395,35.652375],[139.797051,35.653771]]},"properties":{"route_id":"KM01","route_title":"海０１（ＫＭ０１） 豊洲駅前行","pattern_id":"72814","direction_id":"2","stop_count":15,"origin_stop_name":"東京テレポート駅前","destination_stop_name":"豊洲駅前","path_type":"odpt-busstop-order-shape","source_stop_count":15,"solve_stop_count":15,"snap_fallback":true}},{"type":"Feature","id":"shape-KM01-72815-1","geometry":{"type":"LineString","coordinates":[[139.79357,35.673088],[139.791853,35.66872],[139.79347,35.667384],[139.796309,35.665047],[139.799609,35.661827],[139.800794,35.660187],[139.801598,35.657765],[139.798407,35.655633],[139.797249,35.654154],[139.798675,35.652672],[139.801593,35.649201],[139.801908,35.647065],[139.801311,35.645461],[139.799814,35.645321],[139.797713,35.643582],[139.795542,35.641035]]},"properties":{"route_id":"KM01","route_title":"海０１（ＫＭ０１） 有明小中学校前行","pattern_id":"72815","direction_id":"1","stop_count":16,"origin_stop_name":"門前仲町","destination_stop_name":"有明小中学校前","path_type":"odpt-busstop-order-shape","source_stop_count":16,"solve_stop_count":16,"snap_fallback":true}},{"type":"Feature","id":"shape-Higashi16-73003-1","geometry":{"type":"LineString","coordinates":[[139.768326,35.679839],[139.772418,35.679149],[139.775934,35.677646],[139.777156,35.677169],[139.780264,35.675847],[139.783694,35.674376]]},"properties":{"route_id":"Higashi16","route_title":"東１６ 住友ツインビル前行","pattern_id":"73003","direction_id":"1","stop_count":6,"origin_stop_name":"東京駅八重洲口","destination_stop_name":"住友ツインビル前","path_type":"odpt-busstop-order-shape","source_stop_count":6,"solve_stop_count":6,"snap_fallback":true}},{"type":"Feature","id":"shape-T03-73508-2","geometry":{"type":"LineString","coordinates":[[139.760511,35.674459],[139.762412,35.673234],[139.766037,35.670623],[139.769295,35.667865],[139.77036,35.666983],[139.773148,35.664239],[139.776576,35.660615],[139.778522,35.658684],[139.78056,35.656745],[139.781223,35.654678],[139.779877,35.653728],[139.775138,35.650572],[139.771797,35.648823],[139.773195,35.65216]]},"properties":{"route_id":"T03","route_title":"都０３ 晴海五丁目ターミナル行","pattern_id":"73508","direction_id":"2","stop_count":14,"origin_stop_name":"日比谷","destination_stop_name":"晴海五丁目ターミナル","path_type":"odpt-busstop-order-shape","source_stop_count":14,"solve_stop_count":14,"snap_fallback":true}},{"type":"Feature","id":"shape-T03-73601-2","geometry":{"type":"LineString","coordinates":[[139.730074,35.686429],[139.731691,35.685585],[139.734165,35.684492],[139.736914,35.684037],[139.73996,35.684277],[139.743134,35.684143],[139.744977,35.681529],[139.751829,35.677508],[139.760511,35.674459],[139.762546,35.675581],[139.763491,35.678493],[139.765096,35.682392]]},"properties":{"route_id":"T03","route_title":"都０３ 東京駅丸の内北口行","pattern_id":"73601","direction_id":"2","stop_count":12,"origin_stop_name":"四谷駅","destination_stop_name":"東京駅丸の内北口","path_type":"odpt-busstop-order-shape","source_stop_count":12,"solve_stop_count":12,"snap_fallback":true}},{"type":"Feature","id":"shape-Koutou01-73803-3","geometry":{"type":"LineString","coordinates":[[139.817067,35.658655],[139.815472,35.658102],[139.810939,35.659916],[139.805885,35.659268],[139.802777,35.665873],[139.803516,35.6697],[139.805551,35.667864],[139.804767,35.662268],[139.803951,35.660935],[139.80573,35.659547],[139.810757,35.660082],[139.814615,35.658468],[139.817135,35.658607]]},"properties":{"route_id":"Koutou01","route_title":"江東０１ 潮見駅前行","pattern_id":"73803","direction_id":"3","stop_count":13,"origin_stop_name":"潮見駅前","destination_stop_name":"潮見駅前","path_type":"odpt-busstop-order-shape","source_stop_count":13,"solve_stop_count":13,"snap_fallback":true}},{"type":"Feature","id":"shape-Koutou01-73804-3","geometry":{"type":"LineString","coordinates":[[139.817067,35.658655],[139.815501,35.658066],[139.816072,35.656491],[139.816043,35.652357],[139.81672,35.647258],[139.812126,35.646904],[139.811917,35.64895],[139.809729,35.648988],[139.808699,35.651057],[139.809083,35.652001],[139.815468,35.652643],[139.815947,35.656315],[139.817135,35.658607]]},"properties":{"route_id":"Koutou01","route_title":"江東０１ 潮見駅前行","pattern_id":"73804","direction_id":"3","stop_count":13,"origin_stop_name":"潮見駅前","destination_stop_name":"潮見駅前","path_type":"odpt-busstop-order-shape","source_stop_count":13,"solve_stop_count":13,"snap_fallback":true}},{"type":"Feature","id":"shape-Koutou01-73805-3","geometry":{"type":"LineString","coordinates":[[139.817067,35.658655],[139.795894,35.653926],[139.796219,35.65165],[139.817135,35.658607]]},"properties":{"route_id":"Koutou01","route_title":"江東０１ 潮見駅前行","pattern_id":"73805","direction_id":"3","stop_count":4,"origin_stop_name":"潮見駅前","destination_stop_name":"潮見駅前","path_type":"odpt-busstop-order-shape","source_stop_count":4,"solve_stop_count":4,"snap_fallback":true}},{"type":"Feature","id":"shape-You12-1-74401-1","geometry":{"type":"LineString","coordinates":[[139.816546,35.668853],[139.816003,35.663836],[139.812426,35.663491],[139.80798,35.663044],[139.806481,35.661606],[139.807411,35.658843],[139.804407,35.656856],[139.801598,35.657765],[139.798407,35.655633],[139.797086,35.654318],[139.796549,35.65164]]},"properties":{"route_id":"You12-1","route_title":"陽１２－１ 昭和大学江東豊洲病院前行","pattern_id":"74401","direction_id":"1","stop_count":11,"origin_stop_name":"東陽町駅前","destination_stop_name":"昭和大学江東豊洲病院前","path_type":"odpt-busstop-order-shape","source_stop_count":11,"solve_stop_count":11,"snap_fallback":true}},{"type":"Feature","id":"shape-You12-1-74401-2","geometry":{"type":"LineString","coordinates":[[139.796549,35.65164],[139.797318,35.655265],[139.798442,35.656019],[139.802642,35.658053],[139.80452,35.657131],[139.807247,35.658924],[139.80613,35.661587],[139.808455,35.663264],[139.812473,35.663652],[139.816201,35.66402],[139.815404,35.66939]]},"properties":{"route_id":"You12-1","route_title":"陽１２－１ 東陽町駅前行","pattern_id":"74401","direction_id":"2","stop_count":11,"origin_stop_name":"昭和大学江東豊洲病院前","destination_stop_name":"東陽町駅前","path_type":"odpt-busstop-order-shape","source_stop_count":11,"solve_stop_count":11,"snap_fallback":true}},{"type":"Feature","id":"shape-You12-1-74402-1","geometry":{"type":"LineString","coordinates":[[139.816546,35.668853],[139.816003,35.663836],[139.812426,35.663491],[139.80798,35.663044],[139.806481,35.661606],[139.807411,35.658843],[139.804407,35.656856],[139.801598,35.657765],[139.798407,35.655633],[139.797086,35.654318]]},"properties":{"route_id":"You12-1","route_title":"陽１２－１ 豊洲駅前行","pattern_id":"74402","direction_id":"1","stop_count":10,"origin_stop_name":"東陽町駅前","destination_stop_name":"豊洲駅前","path_type":"odpt-busstop-order-shape","source_stop_count":10,"solve_stop_count":10,"snap_fallback":true}},{"type":"Feature","id":"shape-You12-1-74402-2","geometry":{"type":"LineString","coordinates":[[139.797318,35.655265],[139.798442,35.656019],[139.802642,35.658053],[139.80452,35.657131],[139.807247,35.658924],[139.80613,35.661587],[139.808455,35.663264],[139.812473,35.663652],[139.816201,35.66402],[139.815404,35.66939]]},"properties":{"route_id":"You12-1","route_title":"陽１２－１ 東陽町駅前行","pattern_id":"74402","direction_id":"2","stop_count":10,"origin_stop_name":"豊洲駅前","destination_stop_name":"東陽町駅前","path_type":"odpt-busstop-order-shape","source_stop_count":10,"solve_stop_count":10,"snap_fallback":true}},{"type":"Feature","id":"shape-You12-2-74502-1","geometry":{"type":"LineString","coordinates":[[139.816546,35.668853],[139.816003,35.663836],[139.812426,35.663491],[139.80798,35.663044],[139.806481,35.661606],[139.807411,35.658843],[139.804407,35.656856],[139.801598,35.657765],[139.798407,35.655633],[139.795975,35.654002],[139.790237,35.648638],[139.78699,35.6464],[139.782029,35.644958],[139.784154,35.643421]]},"properties":{"route_id":"You12-2","route_title":"陽１２－２ 豊洲市場行","pattern_id":"74502","direction_id":"1","stop_count":14,"origin_stop_name":"東陽町駅前","destination_stop_name":"豊洲市場","path_type":"odpt-busstop-order-shape","source_stop_count":14,"solve_stop_count":14,"snap_fallback":true}},{"type":"Feature","id":"shape-You12-2-74503-1","geometry":{"type":"LineString","coordinates":[[139.816546,35.668853],[139.816003,35.663836],[139.812426,35.663491],[139.80798,35.663044],[139.806481,35.661606],[139.807411,35.658843],[139.804407,35.656856],[139.801598,35.657765],[139.798407,35.655633],[139.795975,35.654002],[139.790237,35.648638],[139.78699,35.6464]]},"properties":{"route_id":"You12-2","route_title":"陽１２－２ 市場前駅前行","pattern_id":"74503","direction_id":"1","stop_count":12,"origin_stop_name":"東陽町駅前","destination_stop_name":"市場前駅前","path_type":"odpt-busstop-order-shape","source_stop_count":12,"solve_stop_count":12,"snap_fallback":true}}],"metadata":{"snapped_count":0,"total_count":757,"using_arcgis_route":false}}